{"type":"FeatureCollection","features":[{"type":"Feature","properties":{"c":"N.01","n":"Banggi","w":"GRS","p":"PGRS","cand":"Mohammad bin Mohamarin","pct":44.8},"geometry":{"type":"MultiPolygon","coordinates":[[[[117.0481,7.0908],[117.0427,7.0928],[117.037,7.0884],[117.0477,7.0796],[117.0597,7.0857],[117.0538,7.0913],[117.0481,7.0908]]],[[[117.112,7.1324],[117.1112,7.1354],[117.0971,7.1304],[117.0975,7.1254],[117.1029,7.1264],[117.112,7.1324]]],[[[117.1469,7.154],[117.15,7.1564],[117.1381,7.1538],[117.1295,7.1436],[117.1183,7.1413],[117.1171,7.1359],[117.1207,7.133],[117.1277,7.1371],[117.134,7.1377],[117.1357,7.1345],[117.1295,7.1304],[117.1347,7.1249],[117.1406,7.1256],[117.1509,7.1404],[117.1448,7.142],[117.1501,7.1482],[117.1455,7.1499],[117.1469,7.154]]],[[[117.1982,7.1774],[117.1959,7.1797],[117.1832,7.1732],[117.171,7.1709],[117.1659,7.1654],[117.1678,7.1599],[117.1612,7.1507],[117.1632,7.1476],[117.172,7.1493],[117.1735,7.1541],[117.184,7.1606],[117.1883,7.1609],[117.1898,7.1575],[117.2005,7.1612],[117.204,7.1712],[117.2009,7.1725],[117.2049,7.1746],[117.1987,7.1755],[117.1982,7.1774]]],[[[117.1577,7.1676],[117.1537,7.1691],[117.1513,7.1675],[117.1494,7.1645],[117.151,7.1605],[117.1605,7.1627],[117.1577,7.1676]]],[[[117.24,7.3592],[117.2352,7.3626],[117.2155,7.359],[117.2078,7.356],[117.203,7.3503],[117.1902,7.3563],[117.1895,7.36],[117.1825,7.3588],[117.1796,7.356],[117.1812,7.3529],[117.1794,7.3504],[117.1755,7.3506],[117.1726,7.3448],[117.1652,7.3407],[117.1584,7.3428],[117.1532,7.3477],[117.1543,7.3509],[117.1512,7.3516],[117.1474,7.3489],[117.1484,7.3451],[117.1443,7.336],[117.1395,7.3349],[117.1363,7.3294],[117.1296,7.3298],[117.133,7.3236],[117.124,7.3154],[117.1178,7.3133],[117.1154,7.3177],[117.107,7.3089],[117.1017,7.313],[117.1005,7.3105],[117.0894,7.3115],[117.0862,7.3033],[117.0821,7.302],[117.0802,7.3056],[117.0756,7.3057],[117.0769,7.3034],[117.0744,7.3007],[117.0612,7.2931],[117.0695,7.2609],[117.0662,7.2564],[117.0646,7.2406],[117.0599,7.2365],[117.0599,7.224],[117.0569,7.2192],[117.057,7.2126],[117.0539,7.2101],[117.0596,7.2077],[117.0655,7.2086],[117.0618,7.2032],[117.0639,7.1993],[117.058,7.1979],[117.054,7.1911],[117.0538,7.1852],[117.0626,7.1828],[117.0629,7.1798],[117.0593,7.1772],[117.0617,7.1749],[117.0749,7.1776],[117.0735,7.168],[117.07,7.1661],[117.0702,7.1632],[117.0655,7.1629],[117.0622,7.1585],[117.0635,7.1525],[117.0668,7.1504],[117.0633,7.1443],[117.0636,7.134],[117.0584,7.1283],[117.0598,7.1254],[117.0633,7.1272],[117.0724,7.1181],[117.0775,7.1182],[117.0761,7.1086],[117.072,7.1021],[117.0731,7.1005],[117.0797,7.1034],[117.0921,7.1184],[117.0931,7.124],[117.0868,7.127],[117.0912,7.1338],[117.0858,7.1415],[117.0965,7.1381],[117.1045,7.1422],[117.1111,7.1467],[117.1129,7.1511],[117.1384,7.1627],[117.1462,7.1723],[117.1583,7.1793],[117.1667,7.1813],[117.1726,7.1861],[117.1866,7.1899],[117.194,7.1857],[117.2048,7.1866],[117.2073,7.1874],[117.2085,7.1917],[117.2139,7.1906],[117.2157,7.1847],[117.2217,7.185],[117.2296,7.2013],[117.2378,7.2094],[117.2361,7.212],[117.2383,7.2137],[117.2357,7.216],[117.2434,7.2161],[117.2434,7.2188],[117.2462,7.2201],[117.2438,7.2227],[117.2464,7.2251],[117.251,7.2238],[117.2471,7.2068],[117.2485,7.1999],[117.2452,7.1949],[117.2472,7.1926],[117.2435,7.1911],[117.2417,7.1857],[117.2458,7.1827],[117.2597,7.1896],[117.2545,7.1978],[117.2591,7.1998],[117.2617,7.2081],[117.2714,7.2123],[117.278,7.2233],[117.2737,7.2256],[117.2795,7.2269],[117.2796,7.2298],[117.2838,7.2323],[117.2733,7.2366],[117.2764,7.2362],[117.2815,7.2415],[117.2825,7.2472],[117.2807,7.2492],[117.2767,7.2486],[117.2786,7.2441],[117.2771,7.2437],[117.2692,7.2461],[117.2613,7.2449],[117.2617,7.2503],[117.2588,7.2528],[117.2782,7.2632],[117.2745,7.2663],[117.2656,7.2636],[117.2613,7.2697],[117.2618,7.2784],[117.2655,7.2788],[117.274,7.2933],[117.2752,7.2964],[117.2723,7.3],[117.2787,7.3073],[117.276,7.3084],[117.28,7.3148],[117.281,7.3161],[117.2799,7.3083],[117.2829,7.3076],[117.2929,7.3164],[117.2953,7.3247],[117.2883,7.3327],[117.2895,7.3353],[117.2852,7.3367],[117.2835,7.3447],[117.2788,7.3519],[117.2648,7.35],[117.24,7.3592]]],[[[117.0066,7.3572],[116.9997,7.3574],[116.992,7.3461],[116.9888,7.3286],[116.9833,7.3203],[116.9608,7.3118],[116.9521,7.3031],[116.9424,7.3006],[116.931,7.292],[116.9225,7.2916],[116.9186,7.295],[116.9182,7.3009],[116.9101,7.3012],[116.901,7.2885],[116.8973,7.287],[116.8889,7.2884],[116.8856,7.2854],[116.8792,7.2752],[116.8804,7.2668],[116.873,7.2578],[116.8694,7.2468],[116.8657,7.2429],[116.8671,7.2353],[116.8639,7.218],[116.8602,7.2092],[116.854,7.2048],[116.8537,7.1977],[116.8603,7.196],[116.8616,7.1925],[116.873,7.1988],[116.8767,7.2053],[116.8792,7.2027],[116.8889,7.2007],[116.8852,7.2041],[116.8864,7.2061],[116.8959,7.2113],[116.8875,7.2164],[116.8862,7.2228],[116.8781,7.2163],[116.8711,7.2146],[116.8684,7.2151],[116.8684,7.2205],[116.8758,7.2271],[116.8832,7.2296],[116.8931,7.2277],[116.8943,7.2235],[116.8969,7.2238],[116.9013,7.2281],[116.902,7.2329],[116.8992,7.2378],[116.9028,7.2392],[116.9089,7.2372],[116.9178,7.2396],[116.9308,7.2339],[116.9398,7.239],[116.9431,7.2483],[116.9476,7.2477],[116.9431,7.2457],[116.9417,7.2412],[116.9438,7.2402],[116.9529,7.249],[116.9564,7.2496],[116.9781,7.2418],[116.9872,7.2441],[116.9784,7.2648],[116.9698,7.2675],[116.966,7.2716],[116.9647,7.2785],[116.9678,7.2925],[116.9769,7.3014],[116.9792,7.3079],[116.9977,7.3027],[116.9989,7.2998],[116.994,7.2962],[116.9928,7.2874],[116.9984,7.2848],[117.0031,7.2789],[117.0211,7.2729],[117.0211,7.2758],[117.0244,7.2779],[117.0164,7.2942],[117.0227,7.3195],[117.016,7.3429],[117.0108,7.3538],[117.0066,7.3572]]],[[[117.3137,7.0716],[117.3009,7.0785],[117.3032,7.0701],[117.2984,7.0701],[117.2964,7.0678],[117.2878,7.068],[117.2912,7.0711],[117.2894,7.0754],[117.281,7.0764],[117.27,7.0743],[117.2667,7.0706],[117.2697,7.0665],[117.2615,7.0605],[117.2625,7.0554],[117.2734,7.0564],[117.2833,7.0479],[117.2717,7.0476],[117.2668,7.0519],[117.2631,7.0481],[117.2652,7.0416],[117.2696,7.0428],[117.2736,7.039],[117.2782,7.0432],[117.278,7.0384],[117.282,7.0375],[117.2803,7.0304],[117.2821,7.0263],[117.2877,7.0221],[117.2918,7.0227],[117.2985,7.0157],[117.305,7.0142],[117.3225,7.0239],[117.3215,7.0307],[117.3133,7.0384],[117.3161,7.0368],[117.3198,7.0388],[117.3276,7.0316],[117.3316,7.0313],[117.3404,7.0384],[117.3464,7.0377],[117.3425,7.0426],[117.3482,7.0475],[117.3381,7.0566],[117.3333,7.0572],[117.3338,7.063],[117.3312,7.0668],[117.3277,7.0665],[117.3252,7.07],[117.322,7.0649],[117.317,7.0646],[117.3134,7.0664],[117.3162,7.072],[117.3137,7.0716]]],[[[117.2815,7.0874],[117.2811,7.09],[117.2782,7.0894],[117.2746,7.0829],[117.2715,7.0819],[117.2694,7.0754],[117.2805,7.0811],[117.2815,7.0874]]],[[[117.2961,7.2972],[117.2997,7.2999],[117.2958,7.3065],[117.29,7.3025],[117.2894,7.2953],[117.2867,7.2938],[117.2892,7.2861],[117.2923,7.2856],[117.2945,7.2887],[117.2938,7.2952],[117.2961,7.2972]]],[[[117.4759,6.8932],[117.4683,6.8937],[117.4677,6.8916],[117.47,6.8856],[117.476,6.8822],[117.48,6.8834],[117.4822,6.8883],[117.4759,6.8932]]],[[[117.3392,6.9421],[117.3292,6.9403],[117.324,6.9357],[117.3246,6.9284],[117.3299,6.9227],[117.3369,6.9206],[117.3447,6.9227],[117.3526,6.9296],[117.3392,6.9421]]],[[[117.3327,7.2024],[117.3287,7.2058],[117.3211,7.2041],[117.3227,7.1988],[117.3335,7.1981],[117.3347,7.1998],[117.3399,7.1969],[117.3405,7.1987],[117.3327,7.2024]]],[[[117.3223,7.2389],[117.3195,7.2436],[117.3139,7.2414],[117.3133,7.239],[117.3107,7.2418],[117.3054,7.241],[117.2979,7.2298],[117.2921,7.2269],[117.2934,7.2211],[117.3058,7.2182],[117.3035,7.2041],[117.3088,7.2037],[117.3102,7.2164],[117.3156,7.2237],[117.3156,7.2262],[117.3122,7.2275],[117.3178,7.2292],[117.3223,7.2389]]],[[[117.3385,7.2266],[117.3371,7.231],[117.3346,7.2319],[117.3304,7.2289],[117.3257,7.2293],[117.3243,7.2319],[117.319,7.2278],[117.3184,7.2239],[117.3218,7.2203],[117.329,7.2217],[117.3328,7.22],[117.3385,7.2266]]],[[[117.3441,7.2703],[117.3408,7.2729],[117.3361,7.2721],[117.3367,7.2639],[117.3404,7.2611],[117.3429,7.2611],[117.3461,7.2657],[117.3441,7.2703]]]]}},{"type":"Feature","properties":{"c":"N.02","n":"Bengkoka","w":"BN","p":"UMNO","cand":"Harun bin Durabi","pct":21.0},"geometry":{"type":"MultiPolygon","coordinates":[[[[117.2838,6.6074],[117.2852,6.6125],[117.2918,6.6185],[117.2898,6.6221],[117.2923,6.6258],[117.287,6.632],[117.2872,6.6418],[117.284,6.6413],[117.2807,6.646],[117.281,6.6542],[117.2852,6.6562],[117.2835,6.6592],[117.286,6.6628],[117.2815,6.6637],[117.2696,6.6773],[117.2698,6.6855],[117.2662,6.6987],[117.2639,6.7],[117.2681,6.7067],[117.2666,6.7083],[117.2771,6.7097],[117.2829,6.7157],[117.2844,6.7275],[117.2809,6.7321],[117.2741,6.7306],[117.272,6.734],[117.2745,6.7372],[117.2737,6.7411],[117.2628,6.7438],[117.2619,6.7486],[117.2453,6.7602],[117.2456,6.7656],[117.2412,6.7693],[117.2403,6.7797],[117.2426,6.7817],[117.2416,6.7849],[117.248,6.7875],[117.2377,6.7911],[117.239,6.7933],[117.2353,6.8048],[117.2332,6.8058],[117.2298,6.8034],[117.2246,6.8057],[117.226,6.8072],[117.2224,6.8176],[117.2185,6.8169],[117.2167,6.8189],[117.2331,6.8301],[117.2262,6.8334],[117.2311,6.8403],[117.2292,6.8431],[117.2344,6.8529],[117.2406,6.8558],[117.2439,6.8538],[117.2462,6.8598],[117.2542,6.8656],[117.2528,6.874],[117.2458,6.8708],[117.2429,6.8718],[117.2423,6.8762],[117.2424,6.8787],[117.2526,6.8844],[117.2583,6.8918],[117.2545,6.9133],[117.2488,6.9217],[117.2511,6.9243],[117.2479,6.9298],[117.2536,6.9372],[117.2533,6.9414],[117.2496,6.9451],[117.2429,6.943],[117.2298,6.9461],[117.2293,6.9429],[117.2291,6.9445],[117.2145,6.9462],[117.2042,6.9557],[117.1965,6.956],[117.1909,6.9623],[117.1892,6.9731],[117.1796,6.9845],[117.1782,6.9898],[117.1802,6.9921],[117.1683,6.9925],[117.1528,7.013],[117.1307,7.0112],[117.1275,7.007],[117.1298,6.998],[117.1341,6.9924],[117.1337,6.9886],[117.1309,6.9878],[117.1285,6.9902],[117.1209,6.9864],[117.1164,6.9919],[117.1143,6.9909],[117.105,6.996],[117.1012,6.9968],[117.0994,6.994],[117.1079,6.9863],[117.1253,6.9767],[117.1207,6.9697],[117.1226,6.9661],[117.1193,6.9554],[117.1004,6.9371],[117.1027,6.935],[117.1018,6.9284],[117.1151,6.9179],[117.1241,6.916],[117.1307,6.9095],[117.1355,6.9088],[117.1369,6.9106],[117.133,6.8667],[117.1267,6.846],[117.1109,6.8202],[117.1114,6.8161],[117.1065,6.8173],[117.1001,6.8108],[117.0924,6.8106],[117.098,6.8023],[117.0947,6.7917],[117.0996,6.7868],[117.0991,6.783],[117.103,6.7833],[117.1128,6.7713],[117.1247,6.772],[117.1308,6.769],[117.134,6.7621],[117.1253,6.76],[117.1193,6.7636],[117.1099,6.7639],[117.1051,6.766],[117.1035,6.7699],[117.0953,6.7661],[117.092,6.7616],[117.0856,6.7613],[117.0687,6.7536],[117.0665,6.7755],[117.0652,6.7734],[117.0619,6.7737],[117.0628,6.7808],[117.0558,6.781],[117.0533,6.7789],[117.0528,6.7766],[117.0574,6.7761],[117.0582,6.7737],[117.0564,6.7687],[117.0468,6.77],[117.0487,6.7671],[117.0447,6.7609],[117.0533,6.7571],[117.0516,6.7451],[117.057,6.7459],[117.0592,6.7489],[117.0682,6.7497],[117.0729,6.7469],[117.0714,6.7427],[117.0734,6.7329],[117.0689,6.7275],[117.0674,6.7324],[117.0633,6.7354],[117.0625,6.731],[117.0573,6.7264],[117.0651,6.7237],[117.0667,6.7205],[117.0656,6.7177],[117.0613,6.7189],[117.0581,6.7162],[117.0604,6.7086],[117.0642,6.7158],[117.0704,6.714],[117.0756,6.7084],[117.077,6.6999],[117.0723,6.7005],[117.0711,6.6986],[117.0742,6.6862],[117.065,6.6878],[117.0631,6.6863],[117.0643,6.6797],[117.057,6.6818],[117.0515,6.6805],[117.0474,6.6728],[117.0445,6.6716],[117.0296,6.6789],[117.0204,6.6713],[117.0108,6.669],[116.9992,6.676],[116.9906,6.6782],[116.9883,6.6714],[116.972,6.6543],[116.9771,6.6413],[116.9882,6.6282],[116.9903,6.6205],[116.9989,6.6125],[117.0259,6.611],[117.0311,6.6013],[117.0305,6.599],[117.0254,6.5985],[117.0253,6.5931],[117.0219,6.593],[117.0207,6.5854],[117.0169,6.5838],[117.0101,6.5862],[117.0059,6.5819],[117.0006,6.5881],[117.0017,6.5907],[116.9937,6.5953],[116.9843,6.5945],[116.9759,6.5856],[116.9752,6.5785],[116.98,6.5766],[116.9757,6.5676],[116.9895,6.5601],[116.9964,6.5524],[116.9947,6.549],[116.9975,6.5446],[116.9945,6.5415],[117.0001,6.5323],[116.9961,6.5246],[116.9982,6.5223],[117.0969,6.5185],[117.1006,6.524],[117.1005,6.5392],[117.1048,6.5389],[117.1162,6.5311],[117.1207,6.5308],[117.1232,6.5334],[117.1271,6.5317],[117.1241,6.5355],[117.124,6.5399],[117.1252,6.5426],[117.1317,6.5433],[117.1311,6.5518],[117.151,6.5565],[117.159,6.5646],[117.1685,6.5644],[117.1802,6.5557],[117.1942,6.5516],[117.206,6.5533],[117.219,6.5681],[117.2294,6.5732],[117.2309,6.5761],[117.2416,6.5779],[117.243,6.5808],[117.2464,6.5809],[117.2485,6.5778],[117.2633,6.579],[117.269,6.5765],[117.2729,6.5807],[117.2739,6.5896],[117.2828,6.5904],[117.2827,6.5934],[117.2748,6.5951],[117.2683,6.6003],[117.2678,6.6056],[117.2699,6.6077],[117.2838,6.6074]]],[[[117.2814,6.8284],[117.2865,6.8326],[117.2883,6.8402],[117.2745,6.8346],[117.267,6.8277],[117.2568,6.8226],[117.2636,6.8157],[117.2675,6.8221],[117.2814,6.8284]]],[[[117.2023,6.9813],[117.1944,6.9765],[117.2035,6.9709],[117.209,6.9778],[117.2023,6.9813]]]]}},{"type":"Feature","properties":{"c":"N.03","n":"Pitas","w":"GRS","p":"PGRS","cand":"Ruddy bin Awah","pct":47.6},"geometry":{"type":"Polygon","coordinates":[[[117.0997,6.9962],[117.0734,6.9849],[117.0699,6.9762],[117.0616,6.9762],[117.0578,6.9728],[117.056,6.9635],[117.0598,6.9603],[117.0599,6.9551],[117.0704,6.9485],[117.0824,6.95],[117.0855,6.9488],[117.0858,6.946],[117.0805,6.9441],[117.0725,6.9365],[117.0608,6.9342],[117.0526,6.9347],[117.05,6.9411],[117.0515,6.9438],[117.0421,6.9504],[117.0399,6.9495],[117.0374,6.9522],[117.0314,6.9471],[117.0262,6.9338],[117.0327,6.9309],[117.0357,6.9255],[117.0334,6.9164],[117.0351,6.9104],[117.0318,6.9007],[117.0324,6.8914],[117.0446,6.8887],[117.0569,6.8758],[117.0569,6.8611],[117.0474,6.8455],[117.0494,6.8416],[117.0558,6.8427],[117.0569,6.8375],[117.0387,6.8351],[117.0328,6.8369],[117.0248,6.8263],[117.0244,6.8225],[117.0276,6.8182],[117.015,6.792],[117.0069,6.7843],[116.9926,6.7763],[116.9964,6.7676],[116.9941,6.7582],[116.9883,6.7589],[116.9777,6.7484],[116.9743,6.7398],[116.9759,6.7316],[116.9818,6.7245],[116.9843,6.7258],[116.9876,6.7226],[116.9837,6.7186],[116.9829,6.7083],[116.9801,6.7063],[116.9825,6.7031],[116.9674,6.6943],[116.9652,6.696],[116.9568,6.6861],[116.9467,6.6852],[116.9358,6.674],[116.9347,6.6675],[116.9304,6.6641],[116.9109,6.6631],[116.9017,6.6508],[116.8992,6.6518],[116.8966,6.6493],[116.8924,6.6376],[116.8887,6.6363],[116.8873,6.6328],[116.8849,6.6339],[116.879,6.6243],[116.8783,6.622],[116.8973,6.62],[116.9107,6.614],[116.9151,6.6206],[116.9242,6.6201],[116.9236,6.6073],[116.9159,6.6116],[116.913,6.6084],[116.9236,6.6067],[116.9224,6.5378],[116.9198,6.5237],[116.9757,6.5225],[116.9806,6.5344],[116.98,6.5431],[116.9879,6.5479],[116.9947,6.549],[116.9964,6.5524],[116.9895,6.5601],[116.9757,6.5676],[116.98,6.5766],[116.9752,6.5785],[116.9759,6.5856],[116.9843,6.5945],[116.9937,6.5953],[117.0017,6.5907],[117.0006,6.5881],[117.0048,6.5822],[117.0101,6.5862],[117.0181,6.5839],[117.022,6.588],[117.0219,6.593],[117.0253,6.5931],[117.0254,6.5985],[117.0305,6.599],[117.0307,6.6037],[117.0259,6.611],[116.9989,6.6125],[116.9932,6.6176],[116.9858,6.6319],[116.9771,6.6413],[116.972,6.6543],[116.9883,6.6714],[116.9906,6.6782],[116.9992,6.676],[117.0108,6.669],[117.0204,6.6713],[117.0296,6.6789],[117.0445,6.6716],[117.0474,6.6728],[117.0515,6.6805],[117.057,6.6818],[117.0643,6.6797],[117.0631,6.6863],[117.065,6.6878],[117.0742,6.6862],[117.0711,6.6986],[117.0723,6.7005],[117.077,6.6999],[117.0756,6.7084],[117.0704,6.714],[117.0642,6.7158],[117.0604,6.7086],[117.0581,6.7162],[117.0613,6.7189],[117.0656,6.7177],[117.0667,6.7205],[117.0651,6.7237],[117.0573,6.7264],[117.0625,6.731],[117.0633,6.7354],[117.0674,6.7324],[117.0689,6.7275],[117.0734,6.7329],[117.0714,6.7427],[117.0729,6.7469],[117.0682,6.7497],[117.0592,6.7489],[117.057,6.7459],[117.0516,6.7451],[117.0533,6.7571],[117.0447,6.7609],[117.0487,6.7671],[117.0468,6.77],[117.0564,6.7687],[117.0582,6.7737],[117.0574,6.7761],[117.0528,6.7766],[117.0533,6.7789],[117.0558,6.781],[117.0628,6.7808],[117.0619,6.7737],[117.0652,6.7734],[117.0665,6.7755],[117.0687,6.7536],[117.0856,6.7613],[117.092,6.7616],[117.0953,6.7661],[117.1035,6.7699],[117.1051,6.766],[117.1099,6.7639],[117.1193,6.7636],[117.1253,6.76],[117.134,6.7621],[117.1308,6.769],[117.1261,6.7717],[117.1128,6.7713],[117.103,6.7833],[117.0991,6.783],[117.0996,6.7868],[117.0947,6.7908],[117.098,6.8023],[117.0924,6.8106],[117.1001,6.8108],[117.1065,6.8173],[117.1114,6.8161],[117.1109,6.8202],[117.1267,6.846],[117.133,6.8667],[117.1369,6.9106],[117.1355,6.9088],[117.1307,6.9095],[117.1241,6.916],[117.1151,6.9179],[117.1012,6.9296],[117.1031,6.9322],[117.1004,6.9371],[117.1193,6.9554],[117.1226,6.9661],[117.1207,6.9697],[117.1253,6.9767],[117.1079,6.9863],[117.0998,6.9927],[117.0997,6.9962]]]}},{"type":"Feature","properties":{"c":"N.04","n":"Tanjong Kapor","w":"GRS","p":"PGRS","cand":"Ben Chong Chen Bin","pct":30.2},"geometry":{"type":"MultiPolygon","coordinates":[[[[116.8559,6.7821],[116.8522,6.7905],[116.8513,6.8019],[116.855,6.8093],[116.8543,6.8157],[116.862,6.8218],[116.8507,6.8241],[116.8485,6.8297],[116.8443,6.8313],[116.8441,6.8349],[116.838,6.8383],[116.8421,6.8464],[116.8578,6.8562],[116.8538,6.8588],[116.8466,6.8563],[116.839,6.8568],[116.8305,6.8624],[116.8243,6.8586],[116.8179,6.8608],[116.8155,6.838],[116.8116,6.8256],[116.8187,6.8241],[116.8215,6.8196],[116.8201,6.8176],[116.8171,6.8153],[116.8085,6.8147],[116.7974,6.8035],[116.7943,6.8068],[116.7963,6.7968],[116.7948,6.7907],[116.7884,6.7944],[116.7801,6.7945],[116.768,6.7908],[116.7681,6.7889],[116.7749,6.7912],[116.7795,6.7898],[116.7797,6.785],[116.7826,6.7825],[116.7936,6.7866],[116.7982,6.7836],[116.8139,6.7911],[116.818,6.791],[116.8212,6.7876],[116.8321,6.7942],[116.833,6.7849],[116.8415,6.7848],[116.8446,6.7899],[116.8559,6.7821]]],[[[116.788,6.8651],[116.7875,6.8692],[116.7941,6.8726],[116.7842,6.8819],[116.7867,6.8853],[116.794,6.884],[116.797,6.8789],[116.8038,6.8757],[116.803,6.8724],[116.8115,6.8703],[116.8153,6.8727],[116.8135,6.8769],[116.8214,6.8787],[116.8182,6.8868],[116.8286,6.892],[116.8296,6.8892],[116.8343,6.89],[116.8401,6.8798],[116.8462,6.8818],[116.8451,6.8801],[116.8489,6.8758],[116.8514,6.8754],[116.8528,6.8786],[116.8603,6.8782],[116.8617,6.8886],[116.8572,6.8877],[116.8573,6.8922],[116.8591,6.8901],[116.8606,6.8932],[116.8547,6.8976],[116.8374,6.9322],[116.8364,6.9388],[116.8407,6.9467],[116.8313,6.9582],[116.8319,6.9619],[116.8286,6.9673],[116.8118,6.9722],[116.8079,6.9711],[116.8001,6.977],[116.7996,6.9863],[116.7934,6.992],[116.7905,6.9996],[116.7846,7.0028],[116.7774,7.0133],[116.7532,7.0349],[116.7424,7.0373],[116.7458,7.0305],[116.7426,7.0214],[116.737,7.0148],[116.732,7.0157],[116.7306,7.0117],[116.7258,7.0114],[116.7321,7.0065],[116.7268,6.9883],[116.7245,6.9871],[116.725,6.9831],[116.7198,6.9781],[116.7262,6.9754],[116.7271,6.9734],[116.7245,6.9707],[116.7204,6.973],[116.7253,6.9667],[116.7031,6.9576],[116.7023,6.9524],[116.7094,6.9488],[116.7055,6.9289],[116.7345,6.9295],[116.7475,6.919],[116.7441,6.9182],[116.741,6.9133],[116.7248,6.9058],[116.7234,6.9031],[116.728,6.8966],[116.7566,6.8941],[116.765,6.8894],[116.7647,6.8849],[116.7565,6.8831],[116.7471,6.8763],[116.7639,6.8655],[116.7704,6.8577],[116.7736,6.8615],[116.788,6.8651]]]]}},{"type":"Feature","properties":{"c":"N.05","n":"Matunggong","w":"GRS","p":"PBS","cand":"Julita Mojungki","pct":47.3},"geometry":{"type":"MultiPolygon","coordinates":[[[[116.8179,6.8608],[116.8079,6.8603],[116.8096,6.8557],[116.8054,6.8546],[116.8052,6.8513],[116.7969,6.8515],[116.8004,6.8585],[116.7962,6.8604],[116.8001,6.8643],[116.7988,6.8655],[116.783,6.865],[116.7736,6.8615],[116.7704,6.8577],[116.7639,6.8655],[116.7471,6.8763],[116.7565,6.8831],[116.7647,6.8849],[116.7655,6.888],[116.7566,6.8941],[116.728,6.8966],[116.7234,6.9031],[116.7248,6.9058],[116.741,6.9133],[116.7441,6.9182],[116.7475,6.919],[116.7345,6.9295],[116.7055,6.9289],[116.6854,6.8928],[116.6722,6.8772],[116.6597,6.8698],[116.6402,6.8642],[116.6425,6.8589],[116.6425,6.842],[116.6456,6.8359],[116.6522,6.8297],[116.656,6.8308],[116.6612,6.8274],[116.663,6.8307],[116.6658,6.8299],[116.6694,6.8207],[116.6739,6.8198],[116.6513,6.8146],[116.6441,6.8039],[116.6435,6.7956],[116.64,6.7878],[116.633,6.7842],[116.6297,6.786],[116.631,6.7823],[116.6283,6.7833],[116.6268,6.7811],[116.6296,6.7796],[116.6369,6.7643],[116.632,6.7575],[116.6317,6.7528],[116.6351,6.7519],[116.6383,6.7427],[116.6435,6.7364],[116.6457,6.7168],[116.6408,6.7051],[116.633,6.6977],[116.6235,6.6779],[116.6188,6.6732],[116.6236,6.6607],[116.6205,6.658],[116.6207,6.6537],[116.6317,6.6471],[116.6446,6.645],[116.65,6.6383],[116.6554,6.6387],[116.6558,6.6426],[116.6782,6.6386],[116.7163,6.6387],[116.737,6.6308],[116.7393,6.6296],[116.7253,6.6156],[116.7252,6.602],[116.7224,6.5983],[116.7375,6.5938],[116.7406,6.5979],[116.744,6.5992],[116.7459,6.5967],[116.7476,6.5998],[116.75,6.5985],[116.7483,6.5957],[116.7506,6.5923],[116.7534,6.5933],[116.756,6.61],[116.7546,6.6125],[116.7565,6.6127],[116.7579,6.6185],[116.7544,6.63],[116.7569,6.6336],[116.754,6.6357],[116.7587,6.6351],[116.7633,6.6443],[116.774,6.6505],[116.7751,6.6554],[116.7787,6.6575],[116.7787,6.6619],[116.7893,6.6684],[116.7897,6.6792],[116.7972,6.691],[116.8014,6.7037],[116.81,6.7104],[116.8098,6.7172],[116.8125,6.7191],[116.8178,6.733],[116.8395,6.749],[116.8506,6.7707],[116.8587,6.7714],[116.8574,6.7804],[116.8446,6.7899],[116.8415,6.7848],[116.833,6.7849],[116.8321,6.7942],[116.8212,6.7876],[116.818,6.791],[116.8139,6.7911],[116.7982,6.7836],[116.7936,6.7866],[116.7826,6.7825],[116.7797,6.785],[116.7795,6.7898],[116.7749,6.7912],[116.7681,6.7889],[116.768,6.7908],[116.7801,6.7945],[116.7884,6.7944],[116.7948,6.7907],[116.7963,6.7968],[116.7943,6.8068],[116.7974,6.8035],[116.8085,6.8147],[116.8171,6.8153],[116.8201,6.8176],[116.8215,6.8196],[116.8187,6.8241],[116.8116,6.8256],[116.8155,6.838],[116.8179,6.8608]]]]}},{"type":"Feature","properties":{"c":"N.06","n":"Bandau","w":"BEBAS","p":"BEBAS","cand":"Maijol Mahap","pct":22.8},"geometry":{"type":"MultiPolygon","coordinates":[[[[116.8783,6.622],[116.8563,6.6147],[116.8576,6.6121],[116.8601,6.6124],[116.8614,6.6077],[116.8536,6.5995],[116.8552,6.589],[116.8524,6.5784],[116.8494,6.5759],[116.8426,6.5792],[116.8351,6.5749],[116.8313,6.58],[116.8285,6.5797],[116.8286,6.5727],[116.8201,6.5751],[116.8169,6.5667],[116.8114,6.5623],[116.8082,6.5654],[116.8053,6.5641],[116.8002,6.5697],[116.794,6.5624],[116.7883,6.5652],[116.7799,6.5638],[116.7733,6.5692],[116.7727,6.58],[116.7706,6.581],[116.7692,6.574],[116.7648,6.5697],[116.7641,6.575],[116.7602,6.5759],[116.7619,6.5786],[116.7577,6.578],[116.7582,6.5837],[116.7556,6.5826],[116.756,6.5846],[116.7513,6.5869],[116.7557,6.5921],[116.7506,6.5923],[116.7483,6.5957],[116.75,6.5985],[116.7476,6.5998],[116.7459,6.5967],[116.744,6.5992],[116.7406,6.5979],[116.7375,6.5938],[116.7224,6.5983],[116.7252,6.602],[116.7253,6.6156],[116.7393,6.6296],[116.7163,6.6387],[116.6782,6.6386],[116.6558,6.6426],[116.6543,6.6287],[116.6389,6.6133],[116.6332,6.6026],[116.6254,6.578],[116.6267,6.5632],[116.6164,6.5484],[116.6187,6.5377],[116.6183,6.5206],[116.6088,6.4898],[116.5999,6.4761],[116.5972,6.4651],[116.5974,6.4492],[116.5905,6.4462],[116.5883,6.4218],[116.5903,6.4152],[116.6034,6.406],[116.5971,6.3929],[116.5955,6.3834],[116.5973,6.3717],[116.5944,6.3569],[116.6155,6.3472],[116.6312,6.3468],[116.6401,6.3415],[116.6416,6.3325],[116.641,6.322],[116.6326,6.2894],[116.6181,6.2789],[116.6143,6.2726],[116.6164,6.2641],[116.6136,6.2501],[116.618,6.2435],[116.6309,6.2407],[116.6526,6.2185],[116.668,6.2275],[116.6761,6.2385],[116.6779,6.2495],[116.686,6.2636],[116.6885,6.2787],[116.6841,6.2899],[116.6943,6.2923],[116.6936,6.2967],[116.7075,6.2944],[116.7124,6.297],[116.7164,6.2941],[116.729,6.3001],[116.7253,6.3036],[116.7303,6.306],[116.733,6.3171],[116.7375,6.3194],[116.7415,6.3339],[116.7464,6.3362],[116.749,6.3408],[116.7452,6.3469],[116.7526,6.352],[116.7547,6.3513],[116.7547,6.3558],[116.7577,6.3577],[116.7565,6.3663],[116.7599,6.3643],[116.7573,6.3697],[116.7585,6.3721],[116.7515,6.3714],[116.7565,6.3776],[116.7624,6.3804],[116.7641,6.3893],[116.7737,6.3905],[116.7782,6.4057],[116.7878,6.4193],[116.7889,6.4229],[116.7707,6.4241],[116.7673,6.4155],[116.7601,6.4077],[116.7494,6.409],[116.7394,6.4135],[116.738,6.4166],[116.7443,6.4223],[116.7419,6.4255],[116.7434,6.4302],[116.7463,6.4325],[116.7474,6.4395],[116.752,6.4434],[116.7491,6.4615],[116.7559,6.4682],[116.7471,6.4764],[116.7518,6.4793],[116.753,6.484],[116.7579,6.4834],[116.7581,6.489],[116.7775,6.4883],[116.7795,6.4948],[116.7901,6.4945],[116.7997,6.4832],[116.7982,6.4824],[116.8005,6.4805],[116.8006,6.4754],[116.8028,6.4769],[116.8324,6.4739],[116.8316,6.4826],[116.8128,6.4831],[116.8127,6.4938],[116.8029,6.4939],[116.8011,6.5013],[116.805,6.5014],[116.8059,6.504],[116.8114,6.5061],[116.81,6.5075],[116.8118,6.5101],[116.8088,6.5125],[116.8098,6.5176],[116.8229,6.5117],[116.8229,6.4946],[116.8351,6.501],[116.8374,6.499],[116.8467,6.4987],[116.8458,6.501],[116.849,6.5056],[116.8477,6.5103],[116.8501,6.5125],[116.8492,6.5174],[116.8407,6.5186],[116.8398,6.5348],[116.837,6.5429],[116.8413,6.5445],[116.8417,6.5417],[116.8439,6.5418],[116.8447,6.5444],[116.8524,6.5442],[116.8533,6.5524],[116.8596,6.564],[116.8608,6.5583],[116.8578,6.555],[116.8632,6.5568],[116.8639,6.5485],[116.8699,6.55],[116.873,6.5464],[116.8768,6.5493],[116.8831,6.5494],[116.8886,6.5543],[116.9018,6.5535],[116.9069,6.558],[116.9157,6.5544],[116.9181,6.5615],[116.9223,6.5608],[116.9236,6.6067],[116.913,6.6084],[116.9159,6.6116],[116.9236,6.6073],[116.9242,6.6201],[116.9151,6.6206],[116.9107,6.614],[116.8973,6.62],[116.8783,6.622]]]]}},{"type":"Feature","properties":{"c":"N.07","n":"Tandek","w":"GRS","p":"PBS","cand":"Hendrus Anding","pct":43.1},"geometry":{"type":"Polygon","coordinates":[[[116.9947,6.549],[116.9879,6.5479],[116.98,6.5431],[116.9806,6.5344],[116.9757,6.5225],[116.9198,6.5237],[116.9224,6.5378],[116.9223,6.5608],[116.9181,6.5615],[116.9157,6.5544],[116.9069,6.558],[116.9018,6.5535],[116.8886,6.5543],[116.8831,6.5494],[116.8768,6.5493],[116.873,6.5464],[116.8699,6.55],[116.8639,6.5485],[116.8632,6.5568],[116.8578,6.555],[116.8608,6.5583],[116.8596,6.564],[116.8533,6.5524],[116.8524,6.5442],[116.8447,6.5444],[116.8439,6.5418],[116.8417,6.5417],[116.8413,6.5445],[116.837,6.5429],[116.8398,6.5348],[116.8407,6.5186],[116.8492,6.5174],[116.8501,6.5125],[116.8477,6.5103],[116.849,6.5056],[116.8458,6.501],[116.8467,6.4987],[116.8374,6.499],[116.8351,6.501],[116.8229,6.4946],[116.8229,6.5117],[116.8098,6.5176],[116.8088,6.5125],[116.8118,6.5101],[116.81,6.5075],[116.8114,6.5061],[116.8059,6.504],[116.805,6.5014],[116.8011,6.5013],[116.8029,6.4939],[116.8127,6.4938],[116.8128,6.4831],[116.8316,6.4826],[116.8324,6.4739],[116.8028,6.4769],[116.8006,6.4754],[116.8005,6.4805],[116.7982,6.4824],[116.7997,6.4832],[116.7901,6.4945],[116.7795,6.4948],[116.7775,6.4883],[116.7581,6.489],[116.7579,6.4834],[116.753,6.484],[116.7518,6.4793],[116.7471,6.4764],[116.7559,6.4682],[116.7491,6.4615],[116.752,6.4434],[116.7474,6.4395],[116.7463,6.4325],[116.7434,6.4302],[116.7419,6.4255],[116.7443,6.4223],[116.738,6.4166],[116.7394,6.4135],[116.7494,6.409],[116.7601,6.4077],[116.7673,6.4155],[116.7707,6.4241],[116.7889,6.4229],[116.7878,6.4193],[116.7782,6.4057],[116.7737,6.3905],[116.7641,6.3893],[116.7624,6.3804],[116.7565,6.3776],[116.7515,6.3714],[116.7585,6.3721],[116.7573,6.3697],[116.7599,6.3643],[116.7565,6.3663],[116.7577,6.3577],[116.7547,6.3558],[116.7547,6.3513],[116.7526,6.352],[116.7452,6.3469],[116.749,6.3408],[116.7464,6.3362],[116.7415,6.3339],[116.7375,6.3194],[116.733,6.3171],[116.7303,6.306],[116.7253,6.3036],[116.729,6.3001],[116.7164,6.2941],[116.7124,6.297],[116.7075,6.2944],[116.6936,6.2967],[116.6943,6.2923],[116.6841,6.2899],[116.6885,6.2787],[116.686,6.2636],[116.6779,6.2495],[116.6761,6.2385],[116.668,6.2275],[116.6526,6.2185],[116.6615,6.2163],[116.6587,6.2],[116.6707,6.2046],[116.6748,6.2094],[116.6961,6.2226],[116.7278,6.2257],[116.7428,6.232],[116.7454,6.2305],[116.7768,6.2319],[116.7899,6.2269],[116.7912,6.2225],[116.7945,6.2208],[116.7999,6.2331],[116.8073,6.2385],[116.816,6.239],[116.8362,6.2458],[116.8419,6.2519],[116.8421,6.2565],[116.8478,6.2608],[116.8604,6.2641],[116.8654,6.2828],[116.8769,6.2819],[116.8839,6.2872],[116.8887,6.287],[116.9025,6.2981],[116.9094,6.2975],[116.9092,6.3019],[116.9117,6.3014],[116.9168,6.308],[116.9204,6.3052],[116.9219,6.308],[116.9246,6.306],[116.9266,6.3131],[116.9304,6.3162],[116.9292,6.3191],[116.9361,6.3193],[116.9469,6.3127],[116.9561,6.3144],[116.9597,6.3109],[116.9566,6.3204],[116.9716,6.3292],[116.9742,6.3363],[116.9867,6.3371],[116.9883,6.3422],[116.9994,6.3533],[117.0054,6.351],[117.0087,6.3446],[117.0192,6.3474],[117.0276,6.343],[117.0301,6.3473],[117.0388,6.3487],[117.044,6.354],[117.0519,6.3539],[117.0617,6.3627],[117.0687,6.3651],[117.0894,6.3572],[117.094,6.3607],[117.1029,6.3871],[117.1016,6.3903],[117.0861,6.4005],[117.0843,6.4214],[117.0787,6.4262],[117.0787,6.4294],[117.0818,6.4319],[117.0884,6.4472],[117.0871,6.4572],[117.0927,6.4613],[117.0933,6.4647],[117.0927,6.4701],[117.0845,6.4718],[117.0811,6.4818],[117.0828,6.4882],[117.0904,6.4924],[117.1021,6.4864],[117.1061,6.4862],[117.1075,6.4891],[117.101,6.5077],[117.0973,6.5098],[117.0969,6.5185],[116.9982,6.5223],[116.9961,6.5246],[117.0001,6.5323],[116.9945,6.5415],[116.9975,6.5446],[116.9947,6.549]]]}},{"type":"Feature","properties":{"c":"N.08","n":"Pintasan","w":"BEBAS","p":"BEBAS","cand":"Fairuz Renddan","pct":39.3},"geometry":{"type":"MultiPolygon","coordinates":[[[[116.619,6.6714],[116.6144,6.667],[116.6063,6.6659],[116.5981,6.6573],[116.5935,6.6568],[116.5908,6.6602],[116.5799,6.6492],[116.5701,6.6532],[116.5747,6.6474],[116.5729,6.6388],[116.5646,6.6288],[116.5606,6.6194],[116.545,6.6072],[116.5435,6.5922],[116.5389,6.5804],[116.5283,6.5685],[116.5241,6.5669],[116.5197,6.5587],[116.5153,6.5581],[116.5141,6.5501],[116.5029,6.541],[116.5026,6.5357],[116.4955,6.5332],[116.4959,6.5291],[116.5008,6.5246],[116.4993,6.5118],[116.4936,6.4953],[116.4843,6.4801],[116.4238,6.4362],[116.3859,6.4135],[116.3888,6.4014],[116.3831,6.3974],[116.3816,6.3932],[116.3962,6.3907],[116.4054,6.3929],[116.4129,6.3871],[116.4158,6.3886],[116.4268,6.4015],[116.4146,6.4008],[116.4119,6.404],[116.4125,6.4096],[116.4273,6.4106],[116.4302,6.4146],[116.4512,6.4218],[116.4743,6.4365],[116.4886,6.4483],[116.49,6.4665],[116.4939,6.4625],[116.5071,6.4675],[116.5134,6.448],[116.5275,6.4409],[116.5435,6.4393],[116.5458,6.4436],[116.5513,6.4418],[116.5607,6.4433],[116.584,6.4397],[116.5886,6.4343],[116.5905,6.4462],[116.5974,6.4492],[116.5972,6.4651],[116.5999,6.4761],[116.6088,6.4898],[116.6183,6.5206],[116.6187,6.5377],[116.6164,6.5484],[116.6267,6.5632],[116.6254,6.578],[116.6312,6.5973],[116.6389,6.6133],[116.6543,6.6287],[116.6554,6.6387],[116.65,6.6383],[116.6446,6.645],[116.6317,6.6471],[116.6207,6.6537],[116.6205,6.658],[116.6236,6.6607],[116.622,6.669],[116.619,6.6714]]],[[[116.349,6.7198],[116.3392,6.717],[116.3443,6.7147],[116.3442,6.7093],[116.3578,6.7056],[116.3708,6.7093],[116.3658,6.7086],[116.3582,6.7141],[116.3488,6.7157],[116.349,6.7198]]]]}},{"type":"Feature","properties":{"c":"N.09","n":"Tempasuk","w":"GRS","p":"PGRS","cand":"Mohd Arsad bin Bistari","pct":39.8},"geometry":{"type":"Polygon","coordinates":[[[116.5886,6.4343],[116.584,6.4397],[116.5607,6.4433],[116.5513,6.4418],[116.5458,6.4436],[116.5435,6.4393],[116.5275,6.4409],[116.5134,6.448],[116.5071,6.4675],[116.4939,6.4625],[116.49,6.4665],[116.4886,6.4483],[116.4743,6.4365],[116.4512,6.4218],[116.4302,6.4146],[116.4273,6.4106],[116.4125,6.4096],[116.4119,6.404],[116.4146,6.4008],[116.4268,6.4015],[116.4129,6.3871],[116.4131,6.3808],[116.4092,6.3783],[116.4029,6.3785],[116.4038,6.3759],[116.4181,6.3697],[116.427,6.3783],[116.4285,6.3759],[116.4249,6.3728],[116.4333,6.3703],[116.4315,6.3631],[116.4388,6.3616],[116.4368,6.354],[116.4419,6.3527],[116.4425,6.3486],[116.4481,6.351],[116.4466,6.3575],[116.4484,6.3596],[116.4507,6.3567],[116.4575,6.3598],[116.476,6.3521],[116.4917,6.35],[116.4987,6.3556],[116.4955,6.3637],[116.5007,6.3696],[116.5109,6.3659],[116.5249,6.365],[116.554,6.3797],[116.5643,6.3777],[116.5781,6.3676],[116.5958,6.3665],[116.5971,6.3929],[116.6034,6.406],[116.5885,6.4185],[116.5886,6.4343]]]}},{"type":"Feature","properties":{"c":"N.10","n":"Usukan","w":"WARISAN","p":"WARISAN","cand":"Munirah Majilis","pct":35.7},"geometry":{"type":"MultiPolygon","coordinates":[[[[116.3859,6.4135],[116.367,6.3998],[116.357,6.3947],[116.3489,6.3944],[116.3516,6.3889],[116.3488,6.3861],[116.3362,6.3876],[116.3352,6.3837],[116.3463,6.374],[116.3468,6.3695],[116.3421,6.3637],[116.3379,6.3631],[116.3386,6.3608],[116.3329,6.3612],[116.3304,6.3698],[116.3265,6.3673],[116.3218,6.3724],[116.3182,6.3637],[116.312,6.3591],[116.323,6.3493],[116.3275,6.3506],[116.3275,6.3488],[116.3147,6.3434],[116.3121,6.3399],[116.3184,6.3417],[116.327,6.3402],[116.3296,6.3359],[116.3123,6.3261],[116.3091,6.3222],[116.3122,6.3244],[116.3191,6.3236],[116.3217,6.3192],[116.3187,6.3138],[116.3283,6.3144],[116.3306,6.3099],[116.3267,6.3058],[116.3216,6.3068],[116.3243,6.3018],[116.3206,6.2991],[116.3144,6.2987],[116.3105,6.3034],[116.3088,6.2981],[116.3013,6.2953],[116.3043,6.2883],[116.3159,6.2943],[116.3401,6.2955],[116.3481,6.3124],[116.3484,6.3173],[116.3535,6.3218],[116.3535,6.3286],[116.3619,6.3338],[116.3625,6.3371],[116.3728,6.3356],[116.3726,6.3319],[116.3746,6.3309],[116.3714,6.3228],[116.3729,6.321],[116.3796,6.3236],[116.3828,6.3276],[116.3964,6.3325],[116.4027,6.3428],[116.4148,6.3475],[116.4125,6.3421],[116.4157,6.3386],[116.4149,6.3327],[116.4174,6.3281],[116.4163,6.3237],[116.4089,6.316],[116.4114,6.31],[116.428,6.3152],[116.4334,6.3136],[116.4349,6.3156],[116.4335,6.3314],[116.4454,6.335],[116.4477,6.3402],[116.4464,6.3464],[116.4499,6.3496],[116.4481,6.351],[116.4413,6.3488],[116.4419,6.3527],[116.4368,6.354],[116.4388,6.3616],[116.4315,6.3631],[116.4333,6.3703],[116.4306,6.3723],[116.4256,6.3716],[116.4285,6.3759],[116.427,6.3783],[116.4181,6.3697],[116.4038,6.3759],[116.4029,6.3785],[116.4092,6.3783],[116.4139,6.3825],[116.4123,6.3883],[116.4054,6.3929],[116.3962,6.3907],[116.3816,6.3932],[116.3831,6.3974],[116.3888,6.4014],[116.3859,6.4135]]],[[[116.3383,6.4018],[116.3314,6.3959],[116.3266,6.3969],[116.3264,6.3953],[116.3356,6.3909],[116.338,6.3967],[116.341,6.398],[116.3411,6.4019],[116.3383,6.4018]]]]}},{"type":"Feature","properties":{"c":"N.11","n":"Kadamaian","w":"UPKO","p":"UPKO","cand":"Ewon Benedick","pct":65.6},"geometry":{"type":"Polygon","coordinates":[[[116.5958,6.3665],[116.5781,6.3676],[116.5643,6.3777],[116.554,6.3797],[116.5249,6.365],[116.5109,6.3659],[116.5007,6.3696],[116.4955,6.3637],[116.4987,6.3556],[116.4917,6.35],[116.476,6.3521],[116.4575,6.3598],[116.4507,6.3567],[116.4484,6.3596],[116.4467,6.3562],[116.4499,6.3496],[116.4464,6.3464],[116.4477,6.3402],[116.4454,6.335],[116.4335,6.3314],[116.4349,6.3156],[116.4334,6.3136],[116.428,6.3152],[116.4114,6.31],[116.4089,6.316],[116.4163,6.3237],[116.4174,6.3281],[116.4149,6.3327],[116.4157,6.3386],[116.4125,6.3421],[116.4148,6.3475],[116.4027,6.3428],[116.3964,6.3325],[116.3828,6.3276],[116.3796,6.3236],[116.3729,6.321],[116.3714,6.3228],[116.3746,6.3309],[116.3726,6.3319],[116.3728,6.3356],[116.3625,6.3371],[116.3619,6.3338],[116.3535,6.3286],[116.3535,6.3218],[116.3484,6.3173],[116.3481,6.3124],[116.3401,6.2955],[116.3734,6.295],[116.3832,6.2887],[116.3831,6.2735],[116.387,6.2734],[116.3956,6.2426],[116.4051,6.2282],[116.415,6.225],[116.4202,6.2173],[116.4282,6.1724],[116.4287,6.1542],[116.4396,6.1347],[116.44,6.1202],[116.4424,6.1142],[116.4391,6.109],[116.4325,6.1064],[116.4301,6.0998],[116.442,6.0755],[116.4417,6.068],[116.4458,6.0585],[116.455,6.044],[116.4537,6.041],[116.458,6.037],[116.4573,6.03],[116.4626,6.0311],[116.4613,6.0285],[116.4648,6.0279],[116.4715,6.0173],[116.4798,6.0136],[116.4898,6.0166],[116.4972,6.0226],[116.5132,6.0178],[116.5142,6.0107],[116.5208,6.0093],[116.5259,6.0048],[116.5315,6.0044],[116.5459,6.0214],[116.5567,6.0274],[116.573,6.0486],[116.5726,6.0537],[116.5817,6.0666],[116.589,6.0966],[116.5931,6.101],[116.595,6.1099],[116.5925,6.1154],[116.5929,6.1284],[116.5967,6.1418],[116.6054,6.1519],[116.6064,6.1696],[116.6107,6.1728],[116.6194,6.1717],[116.6284,6.1747],[116.6402,6.1879],[116.6447,6.1901],[116.6457,6.1881],[116.6587,6.2],[116.6615,6.2163],[116.6554,6.2163],[116.6309,6.2407],[116.618,6.2435],[116.6136,6.2501],[116.6164,6.2641],[116.6143,6.2726],[116.6181,6.2789],[116.6326,6.2894],[116.641,6.322],[116.6401,6.3415],[116.6312,6.3468],[116.6155,6.3472],[116.5944,6.3569],[116.5958,6.3665]]]}},{"type":"Feature","properties":{"c":"N.12","n":"Sulaman","w":"GRS","p":"PGRS","cand":"Hajiji bin Noor","pct":73.6},"geometry":{"type":"MultiPolygon","coordinates":[[[[116.2768,6.2241],[116.2738,6.2305],[116.2636,6.2298],[116.2625,6.232],[116.2649,6.2344],[116.2565,6.2361],[116.2492,6.2473],[116.2439,6.2509],[116.2294,6.2434],[116.2056,6.2356],[116.1955,6.2347],[116.1826,6.2162],[116.1646,6.1768],[116.1565,6.1684],[116.1417,6.159],[116.146,6.1544],[116.1374,6.1444],[116.1369,6.1405],[116.1405,6.1364],[116.1507,6.141],[116.1529,6.1476],[116.1589,6.147],[116.1629,6.1431],[116.1611,6.1396],[116.1669,6.1383],[116.175,6.1406],[116.1787,6.1447],[116.1846,6.1426],[116.1878,6.147],[116.183,6.1541],[116.1834,6.1618],[116.2017,6.1701],[116.1986,6.1742],[116.2203,6.1743],[116.2218,6.1774],[116.226,6.175],[116.223,6.1803],[116.2247,6.1827],[116.2281,6.1839],[116.2324,6.1798],[116.2348,6.1813],[116.2316,6.1853],[116.2347,6.1877],[116.2344,6.1917],[116.2395,6.1829],[116.2505,6.202],[116.2592,6.2007],[116.263,6.2031],[116.2642,6.2004],[116.2685,6.2],[116.272,6.2031],[116.2735,6.2003],[116.2759,6.2012],[116.2746,6.2057],[116.2777,6.208],[116.2754,6.2135],[116.2776,6.2169],[116.2747,6.2193],[116.2777,6.2216],[116.2768,6.2241]]],[[[116.3018,6.2962],[116.2953,6.2987],[116.2925,6.297],[116.2927,6.3005],[116.2952,6.301],[116.2948,6.3077],[116.2981,6.3101],[116.2967,6.3148],[116.2901,6.3203],[116.2855,6.3055],[116.2833,6.3041],[116.2795,6.3078],[116.2767,6.3053],[116.2767,6.3023],[116.2793,6.3024],[116.2804,6.2992],[116.2775,6.2941],[116.2746,6.294],[116.2734,6.2905],[116.2692,6.2885],[116.2628,6.2882],[116.2577,6.2947],[116.2582,6.2892],[116.2552,6.2861],[116.2418,6.2844],[116.2418,6.2817],[116.2311,6.2746],[116.2289,6.2695],[116.2334,6.2671],[116.229,6.2594],[116.205,6.2423],[116.2081,6.2404],[116.2385,6.2515],[116.2449,6.256],[116.2579,6.2571],[116.2663,6.2614],[116.2697,6.2661],[116.2782,6.2685],[116.2845,6.2771],[116.287,6.2754],[116.287,6.27],[116.2918,6.2663],[116.2736,6.2555],[116.2776,6.2538],[116.2777,6.2507],[116.2726,6.2416],[116.2784,6.2426],[116.2805,6.2465],[116.2827,6.2463],[116.283,6.2511],[116.2886,6.2519],[116.2922,6.2584],[116.3,6.2633],[116.2979,6.2683],[116.304,6.2728],[116.2997,6.2729],[116.3,6.2767],[116.3061,6.2803],[116.3019,6.2862],[116.3043,6.2883],[116.3018,6.2962]]]]}},{"type":"Feature","properties":{"c":"N.13","n":"Pantai Dalit","w":"GRS","p":"PGRS","cand":"Jasnih bin Daya","pct":44.6},"geometry":{"type":"Polygon","coordinates":[[[116.1405,6.1364],[116.1296,6.1225],[116.1361,6.1165],[116.1401,6.0996],[116.1498,6.1026],[116.1478,6.1107],[116.1529,6.1083],[116.1547,6.1122],[116.1563,6.1074],[116.1629,6.1084],[116.1569,6.1151],[116.1579,6.1232],[116.168,6.1214],[116.1753,6.1261],[116.1814,6.1264],[116.1843,6.1217],[116.1881,6.1206],[116.1911,6.1246],[116.1926,6.1221],[116.1909,6.1129],[116.1927,6.1127],[116.1947,6.104],[116.1898,6.0958],[116.1934,6.0878],[116.1993,6.0944],[116.2012,6.0923],[116.2009,6.0964],[116.2046,6.0964],[116.2026,6.1026],[116.2069,6.1023],[116.2033,6.1057],[116.2041,6.1089],[116.209,6.1073],[116.2103,6.1099],[116.2047,6.1115],[116.2052,6.114],[116.213,6.1249],[116.2127,6.1302],[116.2146,6.1285],[116.2178,6.138],[116.2215,6.1367],[116.2227,6.1415],[116.2198,6.1419],[116.222,6.1468],[116.2304,6.1489],[116.232,6.1461],[116.2323,6.1493],[116.2376,6.1502],[116.2366,6.1478],[116.2425,6.1465],[116.2319,6.172],[116.2374,6.1748],[116.2365,6.1782],[116.2395,6.1829],[116.2365,6.1852],[116.2356,6.191],[116.2316,6.1853],[116.2348,6.1813],[116.2313,6.1802],[116.2281,6.1839],[116.223,6.1803],[116.226,6.175],[116.2218,6.1774],[116.2203,6.1743],[116.1986,6.1742],[116.2017,6.1701],[116.1834,6.1618],[116.183,6.1541],[116.1878,6.147],[116.1846,6.1426],[116.1787,6.1447],[116.175,6.1406],[116.1669,6.1383],[116.1611,6.1396],[116.1629,6.1431],[116.1589,6.147],[116.1529,6.1476],[116.1507,6.141],[116.1405,6.1364]]]}},{"type":"Feature","properties":{"c":"N.14","n":"Tamparuli","w":"UPKO","p":"UPKO","cand":"Madius bin Tangau","pct":44.9},"geometry":{"type":"Polygon","coordinates":[[[116.3043,6.2883],[116.3019,6.2862],[116.3061,6.2803],[116.3,6.2767],[116.2997,6.2729],[116.304,6.2728],[116.2979,6.2683],[116.3,6.2633],[116.2922,6.2584],[116.2886,6.2519],[116.283,6.2511],[116.2827,6.2463],[116.2745,6.2412],[116.2753,6.2389],[116.2824,6.2378],[116.2854,6.2333],[116.2769,6.2248],[116.2777,6.2216],[116.2747,6.2193],[116.2776,6.2169],[116.2754,6.2135],[116.2777,6.208],[116.2746,6.2057],[116.2759,6.2012],[116.2735,6.2003],[116.272,6.2031],[116.2685,6.2],[116.2642,6.2004],[116.263,6.2031],[116.2592,6.2007],[116.2505,6.202],[116.2369,6.1794],[116.2374,6.1748],[116.2319,6.172],[116.2425,6.1465],[116.2366,6.1478],[116.2376,6.1502],[116.2323,6.1493],[116.232,6.1461],[116.2304,6.1489],[116.222,6.1468],[116.2198,6.1419],[116.2227,6.1415],[116.2215,6.1367],[116.2178,6.138],[116.2146,6.1285],[116.2127,6.1302],[116.213,6.1249],[116.2062,6.1168],[116.2047,6.1115],[116.2103,6.1099],[116.209,6.1073],[116.2041,6.1089],[116.2033,6.1057],[116.2069,6.1023],[116.2026,6.1026],[116.2046,6.0964],[116.2009,6.0964],[116.205,6.0918],[116.2055,6.0838],[116.2098,6.0846],[116.2103,6.0815],[116.2216,6.0805],[116.225,6.0897],[116.2307,6.0919],[116.2328,6.1008],[116.2353,6.0988],[116.2368,6.103],[116.2444,6.106],[116.2473,6.1184],[116.2491,6.1196],[116.2542,6.1165],[116.2518,6.1124],[116.2533,6.1117],[116.2552,6.1164],[116.2593,6.1155],[116.2613,6.1238],[116.2595,6.1246],[116.2689,6.1321],[116.2772,6.1293],[116.2773,6.1243],[116.2839,6.1231],[116.2852,6.1169],[116.2932,6.1087],[116.2954,6.1083],[116.2966,6.1116],[116.302,6.1109],[116.3052,6.117],[116.3072,6.1258],[116.3056,6.1331],[116.3109,6.1497],[116.3135,6.1502],[116.3177,6.1573],[116.322,6.159],[116.3314,6.1534],[116.3441,6.1591],[116.3558,6.1485],[116.3737,6.1501],[116.3784,6.148],[116.3771,6.1445],[116.3804,6.1431],[116.385,6.1458],[116.3875,6.1517],[116.3916,6.1464],[116.3919,6.1522],[116.396,6.1594],[116.4041,6.1568],[116.4048,6.1469],[116.402,6.1445],[116.4213,6.1444],[116.4314,6.1475],[116.4275,6.1598],[116.4282,6.1724],[116.422,6.2121],[116.415,6.225],[116.4051,6.2282],[116.3956,6.2426],[116.387,6.2734],[116.3831,6.2735],[116.3832,6.2887],[116.3734,6.295],[116.3401,6.2955],[116.3159,6.2943],[116.3043,6.2883]]]}},{"type":"Feature","properties":{"c":"N.15","n":"Kiulu","w":"GRS","p":"PBS","cand":"Joniston Bangkuai","pct":36.5},"geometry":{"type":"Polygon","coordinates":[[[116.432,6.1498],[116.4314,6.1475],[116.4213,6.1444],[116.402,6.1445],[116.4048,6.1469],[116.4041,6.1568],[116.396,6.1594],[116.3919,6.1522],[116.3916,6.1464],[116.3875,6.1517],[116.385,6.1458],[116.3804,6.1431],[116.3771,6.1445],[116.3784,6.148],[116.3737,6.1501],[116.3558,6.1485],[116.3441,6.1591],[116.3314,6.1534],[116.322,6.159],[116.3177,6.1573],[116.3135,6.1502],[116.3109,6.1497],[116.3056,6.1331],[116.3072,6.1258],[116.3052,6.117],[116.302,6.1109],[116.2966,6.1116],[116.2954,6.1083],[116.2932,6.1087],[116.2852,6.1169],[116.2839,6.1231],[116.2773,6.1243],[116.2772,6.1293],[116.2689,6.1321],[116.2595,6.1246],[116.2613,6.1238],[116.2593,6.1155],[116.2552,6.1164],[116.2533,6.1117],[116.2518,6.1124],[116.2542,6.1165],[116.2491,6.1196],[116.2473,6.1184],[116.2444,6.106],[116.2368,6.103],[116.2353,6.0988],[116.2328,6.1008],[116.2307,6.0919],[116.225,6.0897],[116.2216,6.0805],[116.2103,6.0815],[116.214,6.0762],[116.2103,6.0666],[116.2142,6.0574],[116.214,6.0521],[116.2241,6.0519],[116.2167,6.0409],[116.213,6.0404],[116.2151,6.0349],[116.2232,6.034],[116.224,6.04],[116.234,6.0393],[116.238,6.0419],[116.2428,6.0414],[116.2495,6.0366],[116.2489,6.0401],[116.2556,6.0462],[116.2581,6.04],[116.256,6.0368],[116.2593,6.0333],[116.2639,6.0374],[116.2624,6.0412],[116.2643,6.0393],[116.2648,6.0418],[116.2684,6.0412],[116.2709,6.0475],[116.2754,6.045],[116.2747,6.0301],[116.2709,6.0239],[116.2729,6.0193],[116.2712,6.0172],[116.2748,6.0154],[116.2722,6.0112],[116.2701,5.9767],[116.2612,5.9723],[116.2649,5.968],[116.3033,5.9657],[116.3055,5.9689],[116.3137,5.9584],[116.3226,5.9525],[116.3202,5.9463],[116.325,5.9403],[116.3252,5.9294],[116.3296,5.9225],[116.3285,5.9191],[116.3207,5.9196],[116.3172,5.9164],[116.3081,5.9165],[116.3061,5.9133],[116.2815,5.9086],[116.2798,5.909],[116.2835,5.9183],[116.2808,5.9212],[116.2696,5.9215],[116.2591,5.9248],[116.2575,5.9243],[116.2618,5.902],[116.2638,5.9007],[116.2787,5.905],[116.2831,5.9034],[116.287,5.8894],[116.2835,5.8846],[116.2813,5.8848],[116.284,5.8789],[116.2814,5.8731],[116.2849,5.8714],[116.2875,5.8604],[116.2918,5.8545],[116.2982,5.8544],[116.3028,5.8583],[116.308,5.8569],[116.3082,5.8519],[116.3132,5.8557],[116.3186,5.8502],[116.3189,5.8464],[116.3263,5.845],[116.3276,5.8406],[116.3351,5.8363],[116.3359,5.8342],[116.3287,5.8285],[116.3417,5.8296],[116.3467,5.8215],[116.356,5.8231],[116.3607,5.8207],[116.3631,5.818],[116.3595,5.816],[116.3613,5.8145],[116.3672,5.8163],[116.3675,5.8142],[116.3756,5.8184],[116.3841,5.8322],[116.3995,5.8435],[116.3976,5.8446],[116.4002,5.8466],[116.4067,5.8753],[116.4096,5.8783],[116.4075,5.8808],[116.4136,5.8877],[116.4111,5.8921],[116.4126,5.9014],[116.4151,5.9013],[116.4149,5.9077],[116.4192,5.913],[116.4254,5.9173],[116.4413,5.9173],[116.4591,5.9243],[116.4637,5.9372],[116.4952,5.9715],[116.5094,5.9807],[116.5063,5.9839],[116.5056,5.9891],[116.511,5.9943],[116.5132,6.0178],[116.4972,6.0226],[116.4898,6.0166],[116.4798,6.0136],[116.4715,6.0173],[116.4648,6.0279],[116.4613,6.0285],[116.4626,6.0311],[116.4573,6.03],[116.458,6.037],[116.4537,6.041],[116.455,6.044],[116.4458,6.0585],[116.4417,6.068],[116.442,6.0755],[116.4301,6.0998],[116.4325,6.1064],[116.4391,6.109],[116.4423,6.1132],[116.4396,6.1347],[116.432,6.1498]]]}},{"type":"Feature","properties":{"c":"N.16","n":"Karambunai","w":"PN","p":"PAS","cand":"Aliakbar bin Gulasan","pct":27.5},"geometry":{"type":"MultiPolygon","coordinates":[[[[116.0801,6.0765],[116.0715,6.0745],[116.0683,6.0591],[116.0747,6.0607],[116.0796,6.0684],[116.0801,6.0765]]],[[[116.1584,6.107],[116.1605,6.102],[116.1578,6.0999],[116.1522,6.0978],[116.148,6.1006],[116.1368,6.0969],[116.1369,6.1104],[116.1338,6.1184],[116.1278,6.1213],[116.1228,6.1169],[116.1183,6.1172],[116.1346,6.1319],[116.1371,6.1354],[116.1349,6.1364],[116.1384,6.1363],[116.1351,6.1409],[116.1084,6.1171],[116.0996,6.1157],[116.0945,6.1206],[116.0904,6.1112],[116.0849,6.1083],[116.0907,6.0947],[116.0968,6.0946],[116.0964,6.0912],[116.1024,6.0869],[116.1023,6.0777],[116.1102,6.0841],[116.1088,6.0871],[116.1151,6.0863],[116.1145,6.0985],[116.1255,6.0931],[116.1317,6.0858],[116.1243,6.0847],[116.1278,6.0827],[116.1271,6.0797],[116.1299,6.0777],[116.1286,6.0741],[116.1238,6.0729],[116.1217,6.0676],[116.118,6.0703],[116.119,6.0725],[116.1164,6.0691],[116.1179,6.0701],[116.1288,6.0614],[116.1244,6.0578],[116.1178,6.0592],[116.1097,6.0498],[116.1121,6.0345],[116.1067,6.0257],[116.1089,6.024],[116.1089,6.0156],[116.1125,6.0129],[116.1226,6.0294],[116.1265,6.0238],[116.1288,6.0253],[116.1329,6.0209],[116.1376,6.0229],[116.1398,6.0247],[116.1386,6.0344],[116.1465,6.0421],[116.1511,6.0393],[116.1632,6.0465],[116.1824,6.0664],[116.1936,6.0609],[116.1993,6.0613],[116.1999,6.0663],[116.2033,6.0659],[116.2038,6.0566],[116.2137,6.0445],[116.213,6.0404],[116.2167,6.0409],[116.2196,6.0474],[116.2239,6.0504],[116.2234,6.0526],[116.214,6.0521],[116.2142,6.0574],[116.2103,6.0666],[116.214,6.0762],[116.2098,6.0846],[116.2055,6.0838],[116.205,6.0918],[116.1993,6.0944],[116.1934,6.0878],[116.191,6.0896],[116.1898,6.0958],[116.1947,6.104],[116.1927,6.1127],[116.1909,6.1129],[116.1921,6.1241],[116.1901,6.1244],[116.1881,6.1206],[116.1843,6.1217],[116.1814,6.1264],[116.1753,6.1261],[116.168,6.1214],[116.1579,6.1232],[116.1569,6.1151],[116.1629,6.1084],[116.1584,6.107]]]]}},{"type":"Feature","properties":{"c":"N.17","n":"Darau","w":"WARISAN","p":"WARISAN","cand":"Azhar bin Matussin","pct":39.9},"geometry":{"type":"Polygon","coordinates":[[[116.1125,6.0129],[116.1095,6.0021],[116.105,5.9966],[116.1077,5.9936],[116.1111,5.9941],[116.113,5.9906],[116.1157,5.9925],[116.119,5.9885],[116.1254,5.9898],[116.1262,5.9916],[116.1188,5.9925],[116.12,5.9949],[116.1232,5.9992],[116.1305,6.0023],[116.1371,6.0149],[116.1456,6.0122],[116.1531,6.023],[116.1489,6.0283],[116.1547,6.0245],[116.1559,6.0257],[116.1619,6.0459],[116.1511,6.0393],[116.1465,6.0421],[116.1386,6.0344],[116.1398,6.0247],[116.1329,6.0209],[116.1288,6.0253],[116.1265,6.0238],[116.1226,6.0294],[116.1125,6.0129]]]}},{"type":"Feature","properties":{"c":"N.18","n":"Inanam","w":"WARISAN","p":"WARISAN","cand":"Edna Jessica Majimbun","pct":33.5},"geometry":{"type":"Polygon","coordinates":[[[116.213,6.0404],[116.2137,6.0445],[116.2038,6.0566],[116.2033,6.0659],[116.1999,6.0663],[116.1993,6.0613],[116.1936,6.0609],[116.1824,6.0664],[116.1619,6.0459],[116.1559,6.0257],[116.1547,6.0245],[116.1489,6.0283],[116.1531,6.023],[116.1456,6.0122],[116.1371,6.0149],[116.1305,6.0023],[116.1224,5.9986],[116.1188,5.9925],[116.1262,5.9916],[116.1254,5.9898],[116.1177,5.9897],[116.1138,5.9745],[116.1114,5.9757],[116.1072,5.9719],[116.1023,5.9715],[116.1017,5.966],[116.0929,5.9534],[116.1061,5.9505],[116.1104,5.9426],[116.1142,5.9437],[116.1171,5.9512],[116.123,5.9564],[116.1256,5.9523],[116.1343,5.9514],[116.1347,5.9472],[116.146,5.9428],[116.15,5.9443],[116.1498,5.9502],[116.1683,5.9443],[116.1714,5.9504],[116.1772,5.9498],[116.1814,5.9452],[116.1926,5.9424],[116.2012,5.9445],[116.2102,5.9396],[116.216,5.9426],[116.2148,5.9484],[116.2422,5.948],[116.2504,5.9419],[116.2492,5.9384],[116.2575,5.9243],[116.2808,5.9212],[116.2835,5.9183],[116.2798,5.909],[116.2815,5.9086],[116.3061,5.9133],[116.3081,5.9165],[116.3172,5.9164],[116.3207,5.9196],[116.3285,5.9191],[116.3296,5.9225],[116.3252,5.9294],[116.325,5.9403],[116.3202,5.9463],[116.3226,5.9525],[116.3137,5.9584],[116.3075,5.9677],[116.3055,5.9689],[116.3033,5.9657],[116.2762,5.9665],[116.2649,5.968],[116.2612,5.9723],[116.2701,5.9767],[116.2722,6.0112],[116.2747,6.0125],[116.2748,6.0154],[116.2712,6.0172],[116.2729,6.0193],[116.2709,6.0239],[116.2747,6.0301],[116.2743,6.0468],[116.2709,6.0475],[116.2684,6.0412],[116.2648,6.0418],[116.2643,6.0393],[116.2624,6.0412],[116.2639,6.0374],[116.2593,6.0333],[116.256,6.0368],[116.2581,6.04],[116.2556,6.0462],[116.2489,6.0401],[116.2482,6.0364],[116.2428,6.0414],[116.238,6.0419],[116.234,6.0393],[116.224,6.04],[116.2232,6.034],[116.2186,6.0339],[116.2151,6.0349],[116.213,6.0404]]]}},{"type":"Feature","properties":{"c":"N.19","n":"Likas","w":"WARISAN","p":"WARISAN","cand":"Tham Yun Fook","pct":56.3},"geometry":{"type":"Polygon","coordinates":[[[116.105,5.9966],[116.0983,5.9918],[116.0928,5.9933],[116.0888,5.9984],[116.0822,5.9953],[116.0806,5.9983],[116.0792,5.9953],[116.0816,5.9943],[116.079,5.9925],[116.0787,5.9884],[116.0761,5.9885],[116.0731,5.984],[116.0767,5.9828],[116.0793,5.9762],[116.0834,5.977],[116.0828,5.9685],[116.0847,5.9706],[116.0879,5.9697],[116.0901,5.9633],[116.0943,5.9638],[116.0934,5.961],[116.0965,5.9584],[116.1017,5.966],[116.1023,5.9715],[116.1072,5.9719],[116.1114,5.9757],[116.1138,5.9745],[116.1177,5.9897],[116.1157,5.9925],[116.113,5.9906],[116.1111,5.9941],[116.1077,5.9936],[116.105,5.9966]]]}},{"type":"Feature","properties":{"c":"N.20","n":"Api-Api","w":"WARISAN","p":"WARISAN","cand":"Loi Kok Liang","pct":59.8},"geometry":{"type":"Polygon","coordinates":[[[116.0731,5.984],[116.0657,5.9723],[116.0706,5.9689],[116.069,5.963],[116.0714,5.9583],[116.0769,5.9563],[116.0792,5.9578],[116.0783,5.9641],[116.0818,5.9651],[116.0888,5.9577],[116.0935,5.9585],[116.0943,5.9638],[116.0901,5.9633],[116.0861,5.9707],[116.0834,5.9678],[116.0834,5.977],[116.0793,5.9762],[116.0767,5.9828],[116.0731,5.984]]]}},{"type":"Feature","properties":{"c":"N.21","n":"Luyang","w":"WARISAN","p":"WARISAN","cand":"Samuel Wong Tshun Chuen","pct":61.2},"geometry":{"type":"Polygon","coordinates":[[[116.0965,5.9584],[116.0942,5.96],[116.0888,5.9577],[116.0818,5.9651],[116.0783,5.9641],[116.0792,5.9578],[116.0769,5.9563],[116.0696,5.9609],[116.0605,5.9547],[116.0614,5.9529],[116.0561,5.9429],[116.0561,5.9411],[116.0592,5.9433],[116.0601,5.9416],[116.0577,5.9359],[116.0641,5.9338],[116.0659,5.9402],[116.0755,5.9379],[116.0826,5.9427],[116.0851,5.9337],[116.0884,5.9363],[116.0917,5.9354],[116.0986,5.9492],[116.0989,5.9531],[116.0969,5.951],[116.0929,5.9534],[116.0965,5.9584]]]}},{"type":"Feature","properties":{"c":"N.22","n":"Tanjung Aru","w":"WARISAN","p":"WARISAN","cand":"Junz Wong Hong Jun","pct":47.7},"geometry":{"type":"MultiPolygon","coordinates":[[[[116.0657,5.9723],[116.0642,5.9779],[116.0593,5.9793],[116.0553,5.9664],[116.0522,5.9634],[116.0579,5.9584],[116.0523,5.96],[116.0473,5.9554],[116.0403,5.9556],[116.0463,5.9433],[116.0461,5.9305],[116.0399,5.916],[116.0441,5.9123],[116.0494,5.9166],[116.0527,5.916],[116.0507,5.9302],[116.0578,5.9491],[116.0614,5.9529],[116.0605,5.9547],[116.0696,5.9609],[116.0706,5.9689],[116.0657,5.9723]]],[[[116.0176,6.0372],[116.0176,6.0424],[116.0142,6.044],[116.0063,6.0305],[116.0049,6.0244],[116.0083,6.0123],[116.0149,6.0104],[116.0171,6.014],[116.0191,6.0104],[116.0222,6.0109],[116.0245,6.0057],[116.0288,6.0125],[116.0317,6.0122],[116.0388,6.0036],[116.0376,5.9948],[116.0409,5.9916],[116.05,6.0024],[116.057,6.0002],[116.0605,5.9961],[116.0674,5.9957],[116.0682,5.9979],[116.0616,6.001],[116.0635,6.0175],[116.0583,6.0081],[116.0548,6.0066],[116.0508,6.009],[116.0516,6.0141],[116.0458,6.0137],[116.0516,6.0265],[116.0505,6.0316],[116.0428,6.0316],[116.0399,6.0265],[116.0297,6.024],[116.0308,6.0276],[116.0279,6.0289],[116.0276,6.0341],[116.0218,6.0279],[116.018,6.0287],[116.0176,6.0372]]],[[[115.6073,6.205],[115.6032,6.2121],[115.591,6.2096],[115.5842,6.2044],[115.5901,6.1888],[115.5933,6.1872],[115.6028,6.1898],[115.6089,6.2],[115.6073,6.205]]]]}},{"type":"Feature","properties":{"c":"N.23","n":"Petagas","w":"BEBAS","p":"BEBAS","cand":"Awang Ahmad Sah bin Awang Sahri","pct":31.9},"geometry":{"type":"Polygon","coordinates":[[[116.0673,5.91],[116.0593,5.9159],[116.0527,5.916],[116.049,5.9128],[116.0488,5.9],[116.046,5.8995],[116.0442,5.895],[116.0455,5.8914],[116.0484,5.8915],[116.0513,5.8754],[116.0565,5.8754],[116.062,5.8712],[116.0609,5.8682],[116.0528,5.8669],[116.0604,5.8627],[116.0623,5.8591],[116.0605,5.8571],[116.0641,5.8535],[116.0687,5.855],[116.0761,5.8526],[116.078,5.8537],[116.0767,5.8579],[116.0797,5.8682],[116.0747,5.8704],[116.0786,5.8783],[116.0777,5.8832],[116.0711,5.8893],[116.0704,5.8914],[116.0727,5.8911],[116.0705,5.8954],[116.0689,5.8938],[116.0658,5.8992],[116.0594,5.9004],[116.0698,5.9081],[116.0673,5.91]]]}},{"type":"Feature","properties":{"c":"N.24","n":"Tanjung Keramat","w":"GRS","p":"PGRS","cand":"Shah Alfie bin Yahya Ahmad Shah","pct":33.2},"geometry":{"type":"MultiPolygon","coordinates":[[[[116.0513,5.8754],[116.0436,5.8608],[116.0431,5.8685],[116.0413,5.865],[116.0439,5.8466],[116.04,5.8469],[116.0317,5.8358],[116.0423,5.826],[116.0468,5.828],[116.0493,5.84],[116.0567,5.8408],[116.0651,5.8532],[116.0605,5.8571],[116.0623,5.8591],[116.0604,5.8627],[116.0525,5.8679],[116.0609,5.8682],[116.0611,5.8727],[116.0513,5.8754]]],[[[116.0441,5.9123],[116.0342,5.9008],[116.0322,5.895],[116.0394,5.8938],[116.0429,5.881],[116.0507,5.8779],[116.0484,5.8915],[116.0455,5.8914],[116.0442,5.895],[116.046,5.8995],[116.0488,5.9],[116.049,5.9128],[116.0527,5.916],[116.0494,5.9166],[116.0441,5.9123]]]]}},{"type":"Feature","properties":{"c":"N.25","n":"Kapayan","w":"WARISAN","p":"WARISAN","cand":"Chin Tek Ming","pct":50.4},"geometry":{"type":"Polygon","coordinates":[[[116.0989,5.9531],[116.0944,5.9432],[116.0945,5.9382],[116.0867,5.9337],[116.0826,5.9427],[116.0755,5.9379],[116.0659,5.9402],[116.0641,5.9338],[116.0604,5.9335],[116.0577,5.9359],[116.0597,5.943],[116.0574,5.9408],[116.0561,5.9429],[116.0507,5.9302],[116.0527,5.916],[116.0593,5.9159],[116.0673,5.91],[116.0698,5.916],[116.0768,5.923],[116.081,5.9161],[116.096,5.9068],[116.1051,5.9114],[116.106,5.9141],[116.1101,5.914],[116.1055,5.9162],[116.1094,5.9204],[116.1044,5.9234],[116.1087,5.9325],[116.1096,5.9456],[116.1061,5.9505],[116.0989,5.9531]]]}},{"type":"Feature","properties":{"c":"N.26","n":"Moyog","w":"UPKO","p":"UPKO","cand":"Donald Peter Mojuntin","pct":43.0},"geometry":{"type":"Polygon","coordinates":[[[116.2575,5.9243],[116.2492,5.9384],[116.2504,5.9419],[116.2422,5.948],[116.2148,5.9484],[116.216,5.9426],[116.2102,5.9396],[116.2012,5.9445],[116.1926,5.9424],[116.1814,5.9452],[116.1772,5.9498],[116.1714,5.9504],[116.1683,5.9443],[116.1498,5.9502],[116.15,5.9443],[116.146,5.9428],[116.1347,5.9472],[116.1343,5.9514],[116.1256,5.9523],[116.123,5.9564],[116.1171,5.9512],[116.1142,5.9437],[116.1111,5.9438],[116.1087,5.9325],[116.1062,5.9301],[116.1044,5.9234],[116.1094,5.9204],[116.1076,5.917],[116.1049,5.9175],[116.1101,5.914],[116.106,5.9141],[116.1051,5.9114],[116.096,5.9068],[116.0839,5.9137],[116.0757,5.9228],[116.0675,5.9109],[116.0698,5.9081],[116.0595,5.9014],[116.0658,5.8992],[116.0689,5.8938],[116.0705,5.8954],[116.0725,5.893],[116.0711,5.8893],[116.0766,5.8851],[116.0786,5.8783],[116.0747,5.8704],[116.0797,5.8682],[116.0767,5.8579],[116.078,5.8537],[116.0663,5.8541],[116.0567,5.8408],[116.0619,5.833],[116.0715,5.8339],[116.1137,5.816],[116.1185,5.8185],[116.1345,5.8145],[116.1348,5.8123],[116.1266,5.8026],[116.1242,5.7912],[116.1265,5.7838],[116.1288,5.7837],[116.1306,5.7904],[116.1367,5.7878],[116.1369,5.7904],[116.1396,5.7904],[116.1397,5.7942],[116.1467,5.7923],[116.1467,5.795],[116.1552,5.7964],[116.1655,5.7862],[116.1656,5.7833],[116.1788,5.7821],[116.1804,5.7783],[116.1855,5.7792],[116.19,5.7754],[116.1921,5.7689],[116.197,5.7713],[116.2003,5.7686],[116.2069,5.7566],[116.2108,5.7554],[116.2147,5.7472],[116.2182,5.7453],[116.2173,5.7431],[116.2206,5.741],[116.2407,5.7443],[116.2507,5.7415],[116.2578,5.7345],[116.2874,5.735],[116.2936,5.7482],[116.2995,5.7518],[116.3197,5.7595],[116.3325,5.7685],[116.3368,5.7658],[116.3413,5.7663],[116.3504,5.7716],[116.3423,5.7749],[116.3406,5.7827],[116.3422,5.784],[116.3347,5.7909],[116.3339,5.8019],[116.3375,5.8061],[116.3395,5.8175],[116.3357,5.8201],[116.3371,5.8273],[116.3287,5.829],[116.3359,5.8342],[116.3351,5.8363],[116.3276,5.8406],[116.3263,5.845],[116.3189,5.8464],[116.3186,5.8502],[116.3132,5.8557],[116.3082,5.8519],[116.308,5.8569],[116.3028,5.8583],[116.2982,5.8544],[116.2918,5.8545],[116.2875,5.8604],[116.2849,5.8714],[116.2814,5.8731],[116.284,5.8789],[116.2813,5.8848],[116.2835,5.8846],[116.287,5.8894],[116.2831,5.9034],[116.2787,5.905],[116.2638,5.9007],[116.2618,5.902],[116.2575,5.9243]]]}},{"type":"Feature","properties":{"c":"N.27","n":"Limbahau","w":"GRS","p":"BEBAS","cand":"Juil bin Nuatim","pct":43.4},"geometry":{"type":"Polygon","coordinates":[[[116.0468,5.828],[116.0496,5.8241],[116.0458,5.8205],[116.0453,5.8153],[116.0404,5.8137],[116.0369,5.8093],[116.0291,5.7889],[116.0306,5.782],[116.0346,5.7835],[116.0363,5.7779],[116.0364,5.7727],[116.0308,5.77],[116.0289,5.7662],[116.0299,5.7603],[116.0096,5.7612],[116.0003,5.7546],[115.9971,5.7491],[115.9929,5.7475],[115.9891,5.7509],[115.9811,5.7414],[115.9715,5.7433],[115.9705,5.7526],[115.9616,5.7472],[115.9591,5.7502],[115.9509,5.7508],[115.9508,5.748],[115.9481,5.7483],[115.9388,5.7404],[115.9365,5.7422],[115.9397,5.7352],[115.9334,5.7332],[115.9367,5.732],[115.9324,5.7269],[115.935,5.7189],[115.932,5.7119],[115.9342,5.689],[115.9371,5.6808],[115.9393,5.6833],[115.9387,5.6882],[115.9471,5.692],[115.9513,5.6883],[115.9524,5.6825],[115.9536,5.685],[115.9563,5.6817],[115.9663,5.682],[115.9689,5.6782],[115.9684,5.6826],[115.9707,5.6878],[115.9754,5.6893],[115.9754,5.6937],[115.9877,5.694],[115.9863,5.6879],[115.9936,5.6881],[116.0046,5.6844],[116.0061,5.6819],[116.0103,5.6823],[116.0173,5.6893],[116.0115,5.6965],[116.0183,5.696],[116.0218,5.6931],[116.0242,5.688],[116.0287,5.6868],[116.0276,5.6834],[116.0341,5.6812],[116.0327,5.6747],[116.0427,5.6702],[116.0416,5.6624],[116.045,5.6592],[116.0516,5.6586],[116.0528,5.6551],[116.0503,5.6503],[116.0546,5.6396],[116.051,5.6343],[116.0533,5.6335],[116.054,5.6273],[116.0598,5.619],[116.0616,5.6069],[116.0767,5.5701],[116.0992,5.5783],[116.1026,5.5873],[116.1004,5.5971],[116.1093,5.6039],[116.1124,5.6114],[116.1388,5.6161],[116.146,5.6221],[116.1554,5.6254],[116.1795,5.627],[116.1815,5.6299],[116.1808,5.6447],[116.1839,5.6499],[116.1844,5.6625],[116.1859,5.6624],[116.1851,5.6661],[116.188,5.6721],[116.1871,5.6907],[116.1909,5.6966],[116.2014,5.6902],[116.2148,5.6725],[116.2209,5.6722],[116.2223,5.6679],[116.2326,5.6703],[116.2324,5.6764],[116.2295,5.6779],[116.2363,5.6831],[116.2434,5.685],[116.2462,5.6828],[116.2485,5.6869],[116.2534,5.6879],[116.2551,5.696],[116.2588,5.7005],[116.2589,5.7084],[116.261,5.7111],[116.276,5.7154],[116.2877,5.7337],[116.2578,5.7345],[116.2507,5.7415],[116.2407,5.7443],[116.2206,5.741],[116.2173,5.7431],[116.2182,5.7453],[116.2147,5.7472],[116.2108,5.7554],[116.2069,5.7566],[116.2003,5.7686],[116.197,5.7713],[116.1921,5.7689],[116.19,5.7754],[116.1855,5.7792],[116.1804,5.7783],[116.1788,5.7821],[116.1656,5.7833],[116.1655,5.7862],[116.1552,5.7964],[116.1467,5.795],[116.1467,5.7923],[116.1397,5.7942],[116.1396,5.7904],[116.1369,5.7904],[116.1367,5.7878],[116.1306,5.7904],[116.1288,5.7837],[116.1265,5.7838],[116.1242,5.7912],[116.1266,5.8026],[116.1348,5.8123],[116.1317,5.8158],[116.1185,5.8185],[116.1137,5.816],[116.0715,5.8339],[116.0619,5.833],[116.0567,5.8408],[116.0493,5.84],[116.0468,5.828]]]}},{"type":"Feature","properties":{"c":"N.28","n":"Kawang","w":"GRS","p":"PGRS","cand":"Yusof bin Khan Bahadar (Gulamhaidar)","pct":66.0},"geometry":{"type":"MultiPolygon","coordinates":[[[[116.0347,5.8312],[116.0107,5.8243],[116.0052,5.8142],[116.0036,5.8048],[115.9794,5.7846],[115.9759,5.7836],[115.975,5.7862],[115.973,5.7857],[115.9707,5.7812],[115.9485,5.769],[115.9548,5.7708],[115.9496,5.7667],[115.9446,5.7668],[115.925,5.7595],[115.9327,5.7446],[115.9374,5.7436],[115.9388,5.7404],[115.9481,5.7483],[115.9508,5.748],[115.9509,5.7508],[115.9591,5.7502],[115.9616,5.7472],[115.9705,5.7526],[115.9715,5.7433],[115.9811,5.7414],[115.9891,5.7509],[115.9929,5.7475],[115.9971,5.7491],[116.0003,5.7546],[116.0096,5.7612],[116.0299,5.7603],[116.0289,5.7662],[116.0308,5.77],[116.0364,5.7727],[116.0363,5.7779],[116.0346,5.7835],[116.0306,5.782],[116.0291,5.7889],[116.0369,5.8093],[116.0404,5.8137],[116.0453,5.8153],[116.0458,5.8205],[116.0501,5.8257],[116.0463,5.8265],[116.0468,5.828],[116.0423,5.826],[116.0347,5.8312]]]]}},{"type":"Feature","properties":{"c":"N.29","n":"Pantai Manis","w":"GRS","p":"PGRS","cand":"Pengiran Saifuddin bin Pengiran Tahir","pct":45.5},"geometry":{"type":"Polygon","coordinates":[[[115.9376,5.7423],[115.9327,5.7446],[115.925,5.7595],[115.9098,5.7544],[115.9042,5.7506],[115.8994,5.7425],[115.8955,5.7315],[115.8972,5.7096],[115.8941,5.6696],[115.8875,5.644],[115.9115,5.6551],[115.9179,5.673],[115.9208,5.6767],[115.9255,5.6767],[115.9285,5.6795],[115.9283,5.6861],[115.9371,5.6808],[115.9342,5.689],[115.932,5.7119],[115.935,5.7189],[115.9324,5.7269],[115.9367,5.732],[115.9334,5.7332],[115.9396,5.7342],[115.9376,5.7423]]]}},{"type":"Feature","properties":{"c":"N.30","n":"Bongawan","w":"WARISAN","p":"WARISAN","cand":"Daud bin Yusof","pct":30.7},"geometry":{"type":"Polygon","coordinates":[[[115.9371,5.6808],[115.9283,5.6861],[115.9285,5.6795],[115.9255,5.6767],[115.9208,5.6767],[115.9179,5.673],[115.9115,5.6551],[115.8885,5.6457],[115.8837,5.6262],[115.8867,5.6238],[115.8842,5.6134],[115.8773,5.6012],[115.8741,5.5869],[115.8646,5.5734],[115.8408,5.5562],[115.7941,5.5359],[115.8014,5.5332],[115.804,5.5279],[115.8081,5.5282],[115.8141,5.52],[115.816,5.5242],[115.8229,5.5283],[115.8316,5.5156],[115.8245,5.5101],[115.8261,5.5093],[115.824,5.5073],[115.8274,5.5037],[115.831,5.5039],[115.8311,5.4987],[115.8337,5.4985],[115.8479,5.4843],[115.8455,5.4797],[115.8482,5.4768],[115.8448,5.472],[115.8475,5.4688],[115.8548,5.467],[115.855,5.4524],[115.8605,5.4507],[115.8608,5.4429],[115.8581,5.4403],[115.8624,5.4411],[115.8645,5.4374],[115.8678,5.4371],[115.8713,5.4328],[115.8728,5.4255],[115.8765,5.4248],[115.875,5.4207],[115.8765,5.4191],[115.8835,5.4204],[115.8915,5.4172],[115.8945,5.412],[115.8892,5.4107],[115.8952,5.4062],[115.8997,5.4105],[115.9182,5.4103],[115.9237,5.4081],[115.9263,5.4024],[115.9441,5.3948],[115.9507,5.3834],[115.971,5.3671],[115.9738,5.3672],[115.9827,5.3688],[115.9982,5.3944],[115.9933,5.4155],[115.9926,5.4376],[115.9976,5.4443],[116.0058,5.4474],[116.0203,5.4429],[116.0286,5.4514],[116.0303,5.4591],[116.0388,5.4565],[116.0453,5.4596],[116.0495,5.4658],[116.0597,5.4673],[116.0642,5.4735],[116.0672,5.494],[116.075,5.5004],[116.0761,5.5104],[116.0629,5.5232],[116.0626,5.534],[116.0723,5.5499],[116.0767,5.5701],[116.0616,5.6069],[116.0598,5.619],[116.054,5.6273],[116.0533,5.6335],[116.051,5.6343],[116.0546,5.6396],[116.0503,5.6503],[116.0528,5.6551],[116.0516,5.6586],[116.045,5.6592],[116.0416,5.6624],[116.0427,5.6702],[116.0327,5.6747],[116.0341,5.6812],[116.0276,5.6834],[116.0287,5.6868],[116.0242,5.688],[116.0183,5.696],[116.0115,5.6965],[116.0173,5.6893],[116.0092,5.682],[115.9909,5.6889],[115.9863,5.6879],[115.9877,5.694],[115.9838,5.6941],[115.9754,5.6937],[115.9754,5.6893],[115.9707,5.6878],[115.9684,5.6826],[115.9689,5.6782],[115.9663,5.682],[115.9563,5.6817],[115.9536,5.685],[115.9524,5.6825],[115.9513,5.6883],[115.9471,5.692],[115.9387,5.6882],[115.9393,5.6833],[115.9371,5.6808]]]}},{"type":"Feature","properties":{"c":"N.31","n":"Membakut","w":"GRS","p":"PGRS","cand":"Mohd Arifin bin Mohd Arif","pct":39.9},"geometry":{"type":"Polygon","coordinates":[[[115.7941,5.5359],[115.7624,5.5303],[115.6998,5.5335],[115.6588,5.5408],[115.6572,5.5377],[115.6546,5.5398],[115.6548,5.5358],[115.6581,5.5359],[115.6619,5.5309],[115.6627,5.5228],[115.656,5.5125],[115.6586,5.5054],[115.6651,5.5022],[115.6665,5.4972],[115.6711,5.4975],[115.6871,5.4898],[115.7238,5.4613],[115.7376,5.443],[115.7495,5.4217],[115.7499,5.4082],[115.7537,5.4071],[115.7552,5.4088],[115.758,5.4068],[115.7644,5.396],[115.7765,5.398],[115.779,5.393],[115.7782,5.3885],[115.7841,5.3849],[115.7838,5.3812],[115.7913,5.3873],[115.793,5.4006],[115.8034,5.4091],[115.8037,5.4186],[115.8062,5.4107],[115.8093,5.4082],[115.8146,5.4085],[115.8181,5.4124],[115.828,5.4102],[115.8302,5.409],[115.8292,5.4066],[115.8337,5.4049],[115.8299,5.3987],[115.8326,5.3943],[115.8356,5.3973],[115.8399,5.3932],[115.8415,5.397],[115.8437,5.3942],[115.8467,5.3962],[115.8455,5.3903],[115.8521,5.3882],[115.8567,5.3912],[115.8581,5.3884],[115.8651,5.3915],[115.8642,5.389],[115.874,5.3846],[115.8751,5.3889],[115.8778,5.3882],[115.8776,5.3825],[115.8818,5.3829],[115.8803,5.3792],[115.8843,5.3781],[115.8863,5.3744],[115.8885,5.3767],[115.8926,5.3741],[115.8927,5.3656],[115.8955,5.364],[115.8976,5.354],[115.8943,5.3446],[115.9421,5.3219],[115.9449,5.3609],[115.9515,5.3655],[115.971,5.3671],[115.9507,5.3834],[115.9467,5.3927],[115.9263,5.4024],[115.9237,5.4081],[115.9182,5.4103],[115.8997,5.4105],[115.8952,5.4062],[115.8892,5.4107],[115.8945,5.412],[115.8915,5.4172],[115.8835,5.4204],[115.8765,5.4191],[115.875,5.4207],[115.8765,5.4248],[115.8728,5.4255],[115.8713,5.4328],[115.8678,5.4371],[115.8645,5.4374],[115.8624,5.4411],[115.8581,5.4403],[115.8608,5.4429],[115.8605,5.4507],[115.855,5.4524],[115.8548,5.467],[115.8475,5.4688],[115.8448,5.472],[115.8482,5.4768],[115.8455,5.4797],[115.8479,5.4843],[115.8337,5.4985],[115.8311,5.4987],[115.831,5.5039],[115.8274,5.5037],[115.824,5.5073],[115.8261,5.5093],[115.8245,5.5101],[115.8316,5.5156],[115.8229,5.5283],[115.816,5.5242],[115.8141,5.52],[115.8081,5.5282],[115.804,5.5279],[115.8014,5.5332],[115.7941,5.5359]]]}},{"type":"Feature","properties":{"c":"N.32","n":"Klias","w":"GRS","p":"PGRS","cand":"Isnin bin Aliasnih","pct":40.0},"geometry":{"type":"Polygon","coordinates":[[[115.6586,5.5054],[115.6017,5.5014],[115.6013,5.498],[115.541,5.4277],[115.5515,5.4309],[115.5585,5.4276],[115.5622,5.4324],[115.5682,5.4313],[115.5699,5.4348],[115.5789,5.4372],[115.6061,5.4055],[115.6065,5.3963],[115.6197,5.3943],[115.6196,5.3877],[115.6277,5.3814],[115.6301,5.3809],[115.6363,5.3875],[115.6393,5.3852],[115.651,5.3986],[115.661,5.3932],[115.6627,5.4014],[115.6808,5.3859],[115.6894,5.3818],[115.6866,5.381],[115.6861,5.3669],[115.6914,5.3727],[115.694,5.3727],[115.7001,5.3669],[115.6965,5.3645],[115.6959,5.3606],[115.7009,5.3591],[115.7056,5.3612],[115.7087,5.3524],[115.6984,5.3498],[115.6973,5.3468],[115.7001,5.3437],[115.705,5.3478],[115.7132,5.3473],[115.7135,5.3537],[115.7155,5.3544],[115.726,5.3525],[115.7308,5.3485],[115.7393,5.3493],[115.7418,5.3466],[115.7381,5.3449],[115.7533,5.3357],[115.7634,5.3445],[115.7729,5.3418],[115.7785,5.3364],[115.7826,5.3399],[115.794,5.341],[115.796,5.3352],[115.7945,5.3253],[115.7886,5.3148],[115.7946,5.3048],[115.8041,5.2989],[115.8033,5.2947],[115.7988,5.2918],[115.7984,5.2838],[115.8016,5.2796],[115.8006,5.2716],[115.8059,5.2642],[115.8162,5.2683],[115.8219,5.2666],[115.8258,5.2634],[115.8273,5.2566],[115.8374,5.2461],[115.8507,5.257],[115.8513,5.2769],[115.8547,5.285],[115.8615,5.2906],[115.887,5.301],[115.9129,5.2927],[115.92,5.2859],[115.9266,5.2895],[115.9401,5.3123],[115.9421,5.3219],[115.8943,5.3446],[115.8976,5.354],[115.8955,5.364],[115.8927,5.3656],[115.8926,5.3741],[115.8885,5.3767],[115.8863,5.3744],[115.8843,5.3781],[115.8803,5.3792],[115.8818,5.3829],[115.8776,5.3825],[115.8778,5.3882],[115.8751,5.3889],[115.874,5.3846],[115.8642,5.389],[115.8651,5.3915],[115.8581,5.3884],[115.8567,5.3912],[115.8521,5.3882],[115.8455,5.3903],[115.8467,5.3962],[115.8437,5.3942],[115.8415,5.397],[115.8399,5.3932],[115.8356,5.3973],[115.8326,5.3943],[115.8299,5.3987],[115.8337,5.4049],[115.8292,5.4066],[115.8302,5.409],[115.8181,5.4124],[115.8146,5.4085],[115.8093,5.4082],[115.8062,5.4107],[115.8037,5.4186],[115.8034,5.4091],[115.793,5.4006],[115.7913,5.3873],[115.7848,5.3806],[115.7841,5.3849],[115.7782,5.3885],[115.779,5.393],[115.7765,5.398],[115.7644,5.396],[115.758,5.4068],[115.7552,5.4088],[115.7537,5.4071],[115.7499,5.4082],[115.7495,5.4217],[115.7376,5.443],[115.7167,5.4683],[115.6823,5.4926],[115.6711,5.4975],[115.6665,5.4972],[115.6651,5.5022],[115.6586,5.5054]]]}},{"type":"Feature","properties":{"c":"N.33","n":"Kuala Penyu","w":"GRS","p":"PGRS","cand":"Limus bin Jury","pct":53.5},"geometry":{"type":"MultiPolygon","coordinates":[[[[115.4301,5.269],[115.4276,5.2795],[115.4214,5.2862],[115.4147,5.2798],[115.4159,5.2673],[115.4201,5.2652],[115.4301,5.269]]],[[[115.4001,5.2862],[115.3972,5.298],[115.3946,5.2993],[115.3909,5.3083],[115.3792,5.2939],[115.4008,5.2824],[115.4001,5.2862]]],[[[115.3824,5.3085],[115.3859,5.308],[115.3883,5.3107],[115.3925,5.3252],[115.3821,5.3209],[115.3824,5.3085]]],[[[115.6599,5.5406],[115.6403,5.5467],[115.6127,5.5627],[115.607,5.5705],[115.6035,5.5711],[115.5958,5.5637],[115.59,5.5525],[115.599,5.5448],[115.6093,5.5284],[115.6074,5.5214],[115.6033,5.5204],[115.5993,5.5263],[115.5855,5.5363],[115.588,5.5568],[115.6063,5.5766],[115.6104,5.5927],[115.6165,5.6037],[115.6198,5.6054],[115.6208,5.6143],[115.6175,5.6232],[115.6087,5.6247],[115.6001,5.6315],[115.5936,5.6312],[115.5917,5.6189],[115.5769,5.5955],[115.5763,5.5871],[115.5713,5.5801],[115.5632,5.5755],[115.5638,5.5693],[115.5577,5.5552],[115.5467,5.5411],[115.5377,5.5324],[115.5282,5.5294],[115.5132,5.5151],[115.503,5.5098],[115.4886,5.4938],[115.4752,5.4844],[115.4233,5.4242],[115.4069,5.4141],[115.3849,5.4112],[115.3757,5.4038],[115.3652,5.3869],[115.3694,5.3795],[115.371,5.3676],[115.3689,5.3564],[115.3629,5.3467],[115.365,5.3433],[115.3647,5.3283],[115.3563,5.317],[115.3561,5.3119],[115.3402,5.2991],[115.3398,5.2966],[115.3533,5.2943],[115.3683,5.2968],[115.3738,5.302],[115.3814,5.3239],[115.3928,5.3285],[115.3971,5.3266],[115.3922,5.3053],[115.3947,5.2997],[115.3984,5.2984],[115.4062,5.2766],[115.4129,5.2705],[115.4135,5.2814],[115.4224,5.2885],[115.4305,5.2741],[115.4344,5.2753],[115.4358,5.2696],[115.4337,5.2672],[115.4396,5.2633],[115.4321,5.2579],[115.4296,5.2519],[115.4349,5.2539],[115.4371,5.2474],[115.4415,5.2448],[115.4483,5.2559],[115.4541,5.2547],[115.4642,5.262],[115.4647,5.2669],[115.4735,5.2726],[115.4744,5.2788],[115.4712,5.2803],[115.4773,5.2822],[115.4741,5.2878],[115.4786,5.2919],[115.4804,5.3157],[115.484,5.326],[115.4843,5.3666],[115.4822,5.3703],[115.4854,5.3735],[115.4857,5.38],[115.4922,5.3865],[115.4945,5.3861],[115.4957,5.382],[115.4986,5.3821],[115.5086,5.39],[115.5234,5.3896],[115.5248,5.3918],[115.5209,5.3991],[115.5213,5.4071],[115.5284,5.4056],[115.5313,5.4079],[115.5289,5.4177],[115.5312,5.4205],[115.5373,5.4216],[115.5375,5.4279],[115.541,5.4277],[115.6013,5.498],[115.6017,5.5014],[115.6586,5.5054],[115.6561,5.5141],[115.6627,5.5253],[115.6619,5.5309],[115.6581,5.5359],[115.6548,5.5358],[115.6545,5.5386],[115.6572,5.5377],[115.6599,5.5406]]],[[[115.6476,5.7341],[115.6375,5.739],[115.6336,5.7381],[115.6318,5.7339],[115.6363,5.7254],[115.6499,5.7219],[115.6582,5.7057],[115.6667,5.7053],[115.6704,5.7138],[115.6585,5.726],[115.6553,5.7331],[115.6476,5.7341]]]]}},{"type":"Feature","properties":{"c":"N.34","n":"Lumadan","w":"GRS","p":"PBS","cand":"Ruslan Muharam","pct":52.7},"geometry":{"type":"MultiPolygon","coordinates":[[[[115.541,5.4277],[115.5375,5.4279],[115.5373,5.4216],[115.5312,5.4205],[115.5289,5.4177],[115.5313,5.4079],[115.5284,5.4056],[115.5213,5.4071],[115.5209,5.3991],[115.5248,5.3918],[115.5234,5.3896],[115.5086,5.39],[115.4986,5.3821],[115.4957,5.382],[115.4945,5.3861],[115.4922,5.3865],[115.4857,5.38],[115.4854,5.3735],[115.4822,5.3703],[115.4843,5.3666],[115.484,5.326],[115.4804,5.3157],[115.4786,5.2919],[115.4741,5.2878],[115.4773,5.2822],[115.4712,5.2803],[115.4744,5.2788],[115.4735,5.2726],[115.4647,5.2669],[115.4642,5.262],[115.4541,5.2547],[115.4483,5.2559],[115.4448,5.2524],[115.4416,5.2393],[115.4474,5.2403],[115.4583,5.2342],[115.4676,5.2328],[115.4693,5.2275],[115.4823,5.2233],[115.485,5.2182],[115.4913,5.2153],[115.4908,5.2119],[115.4968,5.2066],[115.509,5.2054],[115.511,5.2071],[115.5176,5.2045],[115.5178,5.1964],[115.5312,5.1976],[115.5414,5.2023],[115.5418,5.1999],[115.5447,5.203],[115.5471,5.2009],[115.5513,5.2037],[115.5513,5.2017],[115.5528,5.2045],[115.5532,5.2012],[115.5483,5.1937],[115.5524,5.1897],[115.5489,5.1852],[115.5505,5.1829],[115.5581,5.1883],[115.5575,5.1846],[115.5644,5.1875],[115.5804,5.2154],[115.5804,5.2201],[115.5826,5.2197],[115.5805,5.2235],[115.5831,5.2244],[115.5846,5.22],[115.5838,5.2133],[115.586,5.2205],[115.59,5.2237],[115.5947,5.2224],[115.5928,5.218],[115.6016,5.2203],[115.6022,5.2184],[115.5892,5.2114],[115.587,5.2049],[115.589,5.1962],[115.5862,5.1892],[115.5947,5.1858],[115.5932,5.1807],[115.5769,5.1794],[115.5726,5.1863],[115.5701,5.1761],[115.5729,5.1636],[115.5682,5.159],[115.57,5.1524],[115.5742,5.1522],[115.5822,5.146],[115.5827,5.1501],[115.5925,5.1571],[115.6002,5.1539],[115.6023,5.1492],[115.6059,5.1509],[115.6091,5.1461],[115.6119,5.1478],[115.6137,5.1394],[115.6218,5.1359],[115.6332,5.1357],[115.6397,5.1327],[115.6469,5.1343],[115.6512,5.1302],[115.6598,5.129],[115.6626,5.1325],[115.6681,5.1325],[115.6653,5.1265],[115.6669,5.1154],[115.6647,5.1075],[115.6715,5.0892],[115.6813,5.0835],[115.7076,5.0576],[115.7161,5.0521],[115.735,5.0499],[115.7478,5.0625],[115.7531,5.0624],[115.762,5.0586],[115.7639,5.0554],[115.773,5.0533],[115.7863,5.0573],[115.7863,5.0688],[115.7907,5.0727],[115.7939,5.087],[115.7846,5.0898],[115.7885,5.0962],[115.7894,5.1055],[115.7861,5.1088],[115.7853,5.1278],[115.7941,5.1429],[115.7901,5.154],[115.7917,5.1609],[115.7896,5.1651],[115.8013,5.1849],[115.808,5.2054],[115.8084,5.2158],[115.8178,5.227],[115.8333,5.2323],[115.8378,5.2413],[115.8366,5.2476],[115.8265,5.2577],[115.8248,5.2645],[115.8162,5.2683],[115.8059,5.2642],[115.8006,5.2716],[115.8016,5.2796],[115.7984,5.2838],[115.7988,5.2918],[115.8033,5.2947],[115.8041,5.2989],[115.7946,5.3048],[115.7885,5.316],[115.7938,5.3219],[115.795,5.3404],[115.7857,5.3407],[115.7785,5.3364],[115.7729,5.3418],[115.7634,5.3445],[115.7533,5.3357],[115.7381,5.3449],[115.7418,5.3466],[115.7393,5.3493],[115.7308,5.3485],[115.726,5.3525],[115.7155,5.3544],[115.7135,5.3537],[115.7132,5.3473],[115.705,5.3478],[115.7001,5.3437],[115.6973,5.3468],[115.6984,5.3498],[115.7087,5.3524],[115.7056,5.3612],[115.7009,5.3591],[115.6959,5.3606],[115.6965,5.3645],[115.7001,5.3669],[115.694,5.3727],[115.6914,5.3727],[115.6861,5.3669],[115.6866,5.381],[115.6894,5.3818],[115.6808,5.3859],[115.6627,5.4014],[115.661,5.3932],[115.651,5.3986],[115.6393,5.3852],[115.6363,5.3875],[115.6301,5.3809],[115.6277,5.3814],[115.6196,5.3877],[115.6197,5.3943],[115.6065,5.3963],[115.6061,5.4055],[115.5789,5.4372],[115.5699,5.4348],[115.5682,5.4313],[115.5622,5.4324],[115.5585,5.4276],[115.5515,5.4309],[115.541,5.4277]]]]}},{"type":"Feature","properties":{"c":"N.35","n":"Sindumin","w":"WARISAN","p":"WARISAN","cand":"Yusri bin Pungut","pct":32.1},"geometry":{"type":"Polygon","coordinates":[[[115.5687,5.1556],[115.5616,5.1513],[115.5531,5.1395],[115.554,5.1315],[115.551,5.1244],[115.5553,5.1139],[115.55,5.0816],[115.5442,5.0678],[115.5412,5.0654],[115.5341,5.068],[115.5332,5.0703],[115.5268,5.0508],[115.5238,5.0463],[115.5168,5.0446],[115.518,5.0406],[115.5157,5.0374],[115.5125,5.0389],[115.5142,5.0363],[115.5111,5.0286],[115.4926,5.0234],[115.486,5.0275],[115.4782,5.0187],[115.4709,5.0148],[115.4637,5.0142],[115.4572,5.0],[115.4588,4.9971],[115.4573,4.9895],[115.4474,4.9797],[115.4543,4.9706],[115.4675,4.9642],[115.4938,4.959],[115.516,4.9595],[115.55,4.9781],[115.5581,4.9795],[115.576,4.9883],[115.5892,4.9868],[115.5931,4.9901],[115.6053,4.9764],[115.6207,4.9654],[115.6251,4.946],[115.6216,4.9239],[115.6341,4.9083],[115.6384,4.8886],[115.6357,4.878],[115.641,4.8587],[115.6473,4.8522],[115.6521,4.8506],[115.6518,4.8369],[115.6548,4.8254],[115.6528,4.8195],[115.6561,4.8084],[115.6544,4.7809],[115.6495,4.7732],[115.6368,4.7709],[115.6333,4.7683],[115.6322,4.7583],[115.627,4.7517],[115.6263,4.7437],[115.6213,4.737],[115.6176,4.7182],[115.6126,4.7109],[115.6086,4.6927],[115.6017,4.6774],[115.5811,4.6569],[115.5753,4.6481],[115.5653,4.6456],[115.5663,4.6412],[115.5597,4.6336],[115.5563,4.6198],[115.5464,4.6044],[115.5455,4.5929],[115.5586,4.5812],[115.5614,4.5725],[115.5707,4.5664],[115.5679,4.5571],[115.5635,4.5512],[115.5755,4.5369],[115.5732,4.528],[115.5781,4.5242],[115.5809,4.5177],[115.5755,4.5065],[115.5785,4.4988],[115.5709,4.4952],[115.5685,4.4905],[115.5604,4.4881],[115.5595,4.4847],[115.5605,4.478],[115.569,4.469],[115.5752,4.4579],[115.579,4.4561],[115.5801,4.4475],[115.5864,4.4417],[115.5878,4.4345],[115.5923,4.4284],[115.5934,4.4168],[115.5902,4.4114],[115.5914,4.3989],[115.5867,4.3913],[115.5894,4.3856],[115.5871,4.3658],[115.59,4.3623],[115.6082,4.3603],[115.6062,4.351],[115.6128,4.3415],[115.6175,4.3449],[115.6254,4.344],[115.631,4.3506],[115.6385,4.3433],[115.6448,4.3435],[115.6593,4.336],[115.6659,4.3257],[115.6665,4.3091],[115.6704,4.3047],[115.6712,4.2966],[115.6671,4.2915],[115.6672,4.2863],[115.664,4.2839],[115.6656,4.277],[115.6574,4.2688],[115.6571,4.262],[115.6512,4.2587],[115.6491,4.2517],[115.6366,4.2395],[115.636,4.2378],[115.6424,4.2335],[115.6424,4.2262],[115.6398,4.2246],[115.6384,4.2165],[115.6385,4.2038],[115.6421,4.1932],[115.6356,4.1825],[115.6299,4.1785],[115.6315,4.1724],[115.6295,4.1667],[115.632,4.164],[115.6387,4.1641],[115.6413,4.1489],[115.6478,4.1459],[115.6491,4.1372],[115.644,4.1226],[115.6535,4.1187],[115.6585,4.1241],[115.6739,4.1149],[115.6757,4.1272],[115.6803,4.1285],[115.6845,4.1352],[115.6806,4.1432],[115.6834,4.1457],[115.6845,4.163],[115.6892,4.1683],[115.6891,4.174],[115.6987,4.186],[115.7049,4.1985],[115.7195,4.198],[115.731,4.1943],[115.7358,4.2124],[115.7426,4.2161],[115.7492,4.2158],[115.7547,4.2201],[115.759,4.2326],[115.7639,4.2393],[115.7661,4.2506],[115.7758,4.247],[115.7889,4.2465],[115.7963,4.2427],[115.8007,4.2262],[115.8104,4.2313],[115.8178,4.2304],[115.8296,4.2412],[115.8243,4.2623],[115.8338,4.2635],[115.8393,4.2683],[115.8442,4.2689],[115.8472,4.2739],[115.8457,4.2856],[115.8474,4.2915],[115.8695,4.3005],[115.8639,4.3226],[115.8653,4.3413],[115.8622,4.3435],[115.8684,4.3462],[115.873,4.3541],[115.8697,4.3586],[115.8712,4.3679],[115.8691,4.3714],[115.8719,4.3749],[115.8719,4.3817],[115.8767,4.3889],[115.883,4.3917],[115.8741,4.4039],[115.876,4.4105],[115.8805,4.4107],[115.8814,4.4337],[115.872,4.4496],[115.8724,4.4596],[115.8683,4.467],[115.8783,4.5006],[115.8767,4.51],[115.868,4.515],[115.8674,4.5206],[115.8621,4.5249],[115.8627,4.5585],[115.8683,4.5719],[115.8683,4.5828],[115.858,4.5865],[115.8443,4.598],[115.8254,4.6295],[115.8263,4.636],[115.8419,4.6566],[115.8378,4.6681],[115.8434,4.6998],[115.8422,4.7098],[115.8331,4.7123],[115.8279,4.7092],[115.8257,4.7101],[115.8238,4.7179],[115.8198,4.7197],[115.8229,4.7225],[115.8247,4.7316],[115.8222,4.734],[115.8257,4.7378],[115.8222,4.7406],[115.8244,4.7453],[115.8232,4.7487],[115.8297,4.7499],[115.8319,4.7568],[115.8375,4.7617],[115.8391,4.7683],[115.8391,4.7751],[115.8335,4.7804],[115.8335,4.7913],[115.8294,4.7985],[115.8335,4.8028],[115.8325,4.8106],[115.8375,4.8119],[115.8456,4.8084],[115.8484,4.8094],[115.8475,4.815],[115.8537,4.8271],[115.8481,4.834],[115.8496,4.8392],[115.8481,4.8455],[115.854,4.8548],[115.8493,4.8613],[115.8198,4.8722],[115.8185,4.8987],[115.8282,4.9189],[115.8416,4.9967],[115.8323,4.9967],[115.8274,4.9935],[115.8217,4.9955],[115.8152,5.0052],[115.8182,5.0184],[115.8236,5.0241],[115.8236,5.0319],[115.8161,5.0317],[115.8072,5.0349],[115.8076,5.0403],[115.8036,5.0465],[115.7959,5.0459],[115.7858,5.0493],[115.7768,5.0432],[115.7741,5.045],[115.773,5.0533],[115.7639,5.0554],[115.762,5.0586],[115.7531,5.0624],[115.7478,5.0625],[115.735,5.0499],[115.7204,5.0505],[115.7076,5.0576],[115.6893,5.0767],[115.6744,5.0865],[115.6696,5.0925],[115.6647,5.1075],[115.6669,5.1154],[115.6653,5.1265],[115.6681,5.1325],[115.6626,5.1325],[115.6598,5.129],[115.6512,5.1302],[115.6469,5.1343],[115.6397,5.1327],[115.6332,5.1357],[115.6218,5.1359],[115.6137,5.1394],[115.6119,5.1478],[115.6091,5.1461],[115.6059,5.1509],[115.6023,5.1492],[115.6002,5.1539],[115.5964,5.1559],[115.5917,5.157],[115.5827,5.1501],[115.5822,5.146],[115.5742,5.1522],[115.57,5.1524],[115.5687,5.1556]]]}},{"type":"Feature","properties":{"c":"N.36","n":"Kundasang","w":"GRS","p":"PBS","cand":"Joachim Gunsalam","pct":29.0},"geometry":{"type":"Polygon","coordinates":[[[116.6587,6.2],[116.6457,6.1881],[116.6447,6.1901],[116.6402,6.1879],[116.6284,6.1747],[116.6194,6.1717],[116.6107,6.1728],[116.6064,6.1696],[116.6054,6.1519],[116.5967,6.1418],[116.5929,6.1284],[116.5925,6.1154],[116.595,6.1099],[116.5931,6.101],[116.589,6.0966],[116.5817,6.0666],[116.5726,6.0537],[116.573,6.0486],[116.5567,6.0274],[116.5459,6.0214],[116.5315,6.0044],[116.5126,6.0104],[116.511,5.9943],[116.5056,5.9891],[116.5063,5.9839],[116.5118,5.9758],[116.5132,5.9655],[116.5099,5.9529],[116.5288,5.9477],[116.5323,5.949],[116.5353,5.9573],[116.5386,5.9582],[116.5399,5.9621],[116.555,5.9623],[116.561,5.9591],[116.5634,5.9644],[116.5721,5.9653],[116.584,5.9569],[116.5832,5.952],[116.5904,5.9545],[116.6071,5.9471],[116.6103,5.9431],[116.6136,5.9437],[116.609,5.9507],[116.6105,5.9542],[116.6179,5.9517],[116.6319,5.9526],[116.6359,5.963],[116.6336,5.9708],[116.6218,5.974],[116.6214,5.9797],[116.6296,5.9797],[116.637,5.9831],[116.638,5.9866],[116.6338,5.9931],[116.6342,5.9969],[116.6483,6.0075],[116.658,6.0114],[116.658,6.0159],[116.6635,6.0208],[116.6601,6.0271],[116.6642,6.0322],[116.658,6.0342],[116.6538,6.0436],[116.6536,6.0511],[116.6579,6.059],[116.7017,6.0627],[116.7059,6.0545],[116.7154,6.0466],[116.7235,6.0458],[116.7302,6.0485],[116.7455,6.0472],[116.7547,6.0508],[116.76,6.0502],[116.7687,6.0562],[116.7666,6.0602],[116.7729,6.0727],[116.7904,6.0765],[116.8027,6.0704],[116.8102,6.0764],[116.8162,6.0756],[116.8145,6.0718],[116.8104,6.0709],[116.8105,6.0667],[116.8055,6.0681],[116.8084,6.0638],[116.796,6.0508],[116.796,6.047],[116.7997,6.0439],[116.7991,6.0307],[116.8026,6.0274],[116.7985,6.0257],[116.8004,6.0203],[116.7964,6.02],[116.7956,6.0144],[116.8007,6.0078],[116.8007,5.9988],[116.8418,5.9971],[116.8485,5.9683],[116.8565,5.9537],[116.8522,5.9527],[116.85,5.9478],[116.8556,5.9414],[116.854,5.9308],[116.8556,5.9258],[116.8658,5.9311],[116.868,5.9403],[116.8825,5.9473],[116.8873,5.9533],[116.901,5.9586],[116.9254,5.9766],[116.9325,5.9766],[116.9571,5.9971],[116.9672,5.9995],[116.9675,6.0024],[116.9742,6.0047],[116.9778,6.0005],[116.9801,6.003],[116.9843,5.9974],[116.9931,5.9958],[116.991,5.9938],[116.9952,5.9889],[116.9929,5.9878],[116.9916,5.9822],[116.9998,5.9767],[117.0026,5.9677],[117.0016,5.9633],[117.0069,5.9574],[117.0062,5.9519],[117.0135,5.9486],[117.0205,5.9416],[117.0198,5.9311],[117.0158,5.9268],[117.0184,5.9223],[117.0281,5.9175],[117.0403,5.9186],[117.0522,5.9167],[117.0596,5.9101],[117.0628,5.9148],[117.0691,5.9144],[117.0762,5.9036],[117.0889,5.9024],[117.0999,5.8969],[117.1056,5.9051],[117.104,5.9096],[117.1137,5.9242],[117.116,5.9335],[117.1224,5.9358],[117.1325,5.9576],[117.1264,5.9731],[117.131,5.9824],[117.1636,6.011],[117.1589,6.0185],[117.1657,6.0238],[117.161,6.0238],[117.1584,6.0352],[117.1633,6.0395],[117.1638,6.0449],[117.1708,6.054],[117.1699,6.0674],[117.1637,6.0732],[117.1632,6.0839],[117.1458,6.0887],[117.1394,6.099],[117.1394,6.104],[117.1255,6.1128],[117.1255,6.1183],[117.1275,6.1192],[117.1342,6.1119],[117.1449,6.1197],[117.155,6.1179],[117.1562,6.1219],[117.1602,6.1218],[117.1547,6.1284],[117.1582,6.1329],[117.1667,6.1283],[117.1714,6.1319],[117.1776,6.1286],[117.1767,6.1425],[117.1823,6.1483],[117.1825,6.1527],[117.1772,6.1587],[117.1784,6.1729],[117.1748,6.1742],[117.1715,6.1721],[117.155,6.1831],[117.1512,6.182],[117.1554,6.1903],[117.1523,6.1992],[117.1473,6.2],[117.1459,6.1955],[117.1373,6.1915],[117.133,6.2041],[117.1237,6.2015],[117.1228,6.2057],[117.116,6.2095],[117.1116,6.209],[117.1095,6.2059],[117.0986,6.227],[117.0903,6.2238],[117.0758,6.2274],[117.0716,6.2248],[117.0663,6.2273],[117.0643,6.2234],[117.0579,6.2239],[117.0524,6.2274],[117.052,6.2332],[117.0393,6.2384],[117.0321,6.2362],[117.0288,6.239],[117.028,6.2459],[117.0208,6.2491],[117.011,6.2626],[117.0065,6.2642],[117.0015,6.274],[116.9963,6.2757],[116.9961,6.2787],[116.952,6.3016],[116.946,6.3147],[116.9361,6.3193],[116.9292,6.3191],[116.9304,6.3162],[116.9266,6.3131],[116.9246,6.306],[116.9219,6.308],[116.9204,6.3052],[116.9168,6.308],[116.9117,6.3014],[116.9092,6.3019],[116.9094,6.2975],[116.9025,6.2981],[116.8887,6.287],[116.8839,6.2872],[116.8769,6.2819],[116.8654,6.2828],[116.8604,6.2641],[116.8478,6.2608],[116.8421,6.2565],[116.8419,6.2519],[116.8362,6.2458],[116.816,6.239],[116.8073,6.2385],[116.7999,6.2331],[116.7945,6.2208],[116.7912,6.2225],[116.7899,6.2269],[116.7768,6.2319],[116.7454,6.2305],[116.7428,6.232],[116.7278,6.2257],[116.6961,6.2226],[116.6748,6.2094],[116.6707,6.2046],[116.6587,6.2]]]}},{"type":"Feature","properties":{"c":"N.37","n":"Karanaan","w":"GRS","p":"PGRS","cand":"Masidi bin Manjun (Masdi)","pct":54.6},"geometry":{"type":"Polygon","coordinates":[[[116.4591,5.9243],[116.478,5.9235],[116.4914,5.915],[116.502,5.9115],[116.5155,5.8883],[116.5193,5.8883],[116.5271,5.8798],[116.5443,5.8733],[116.5481,5.8657],[116.5573,5.8613],[116.5612,5.8658],[116.5761,5.8651],[116.5821,5.8715],[116.5893,5.8729],[116.5952,5.879],[116.5995,5.879],[116.6017,5.882],[116.5979,5.8869],[116.5996,5.8917],[116.6178,5.8818],[116.666,5.8858],[116.6633,5.8872],[116.6652,5.8901],[116.6613,5.9],[116.6538,5.8991],[116.6524,5.8969],[116.6471,5.9067],[116.6511,5.9106],[116.6527,5.9225],[116.6588,5.9218],[116.661,5.924],[116.6595,5.9328],[116.6718,5.9336],[116.6712,5.9366],[116.6767,5.9363],[116.6844,5.9404],[116.6773,5.9515],[116.6822,5.9612],[116.6814,5.9641],[116.6783,5.9643],[116.675,5.9578],[116.6504,5.9721],[116.6498,5.9845],[116.6547,5.9911],[116.6516,5.9946],[116.6591,6.0044],[116.658,6.0114],[116.6483,6.0075],[116.6342,5.9969],[116.6338,5.9931],[116.638,5.9866],[116.637,5.9831],[116.6296,5.9797],[116.6214,5.9797],[116.6218,5.974],[116.6336,5.9708],[116.6359,5.963],[116.6319,5.9526],[116.6179,5.9517],[116.6105,5.9542],[116.609,5.9507],[116.6136,5.9437],[116.6103,5.9431],[116.6071,5.9471],[116.5904,5.9545],[116.5832,5.952],[116.584,5.9569],[116.5721,5.9653],[116.5634,5.9644],[116.561,5.9591],[116.555,5.9623],[116.5399,5.9621],[116.5386,5.9582],[116.5353,5.9573],[116.5323,5.949],[116.5288,5.9477],[116.5099,5.9529],[116.5132,5.9655],[116.5094,5.9807],[116.4952,5.9715],[116.4637,5.9372],[116.4591,5.9243]]]}},{"type":"Feature","properties":{"c":"N.38","n":"Paginatan","w":"KDM","p":"KDM","cand":"Rusdin @ Musidi bin Riman","pct":32.6},"geometry":{"type":"Polygon","coordinates":[[[116.658,6.0114],[116.6591,6.0044],[116.6516,5.9946],[116.6547,5.9911],[116.6498,5.9845],[116.6504,5.9721],[116.675,5.9578],[116.6783,5.9643],[116.6814,5.9641],[116.6816,5.9592],[116.6773,5.9515],[116.6844,5.9404],[116.6767,5.9363],[116.6712,5.9366],[116.6718,5.9336],[116.6595,5.9328],[116.661,5.924],[116.6588,5.9218],[116.6527,5.9225],[116.6511,5.9106],[116.6471,5.9067],[116.6524,5.8969],[116.6538,5.8991],[116.6613,5.9],[116.6652,5.8901],[116.6633,5.8872],[116.666,5.8858],[116.6178,5.8818],[116.5996,5.8917],[116.5979,5.8869],[116.601,5.8802],[116.5952,5.879],[116.5893,5.8729],[116.5821,5.8715],[116.577,5.8655],[116.5892,5.8549],[116.5946,5.8314],[116.604,5.8251],[116.6044,5.8187],[116.6019,5.8201],[116.5982,5.8094],[116.6084,5.7995],[116.6102,5.7923],[116.6157,5.7891],[116.6154,5.7855],[116.6108,5.7808],[116.5789,5.7527],[116.5921,5.7458],[116.602,5.7341],[116.6023,5.7136],[116.5985,5.7058],[116.6001,5.7],[116.5971,5.6859],[116.5971,5.6677],[116.5664,5.6188],[116.5638,5.6101],[116.5672,5.5813],[116.5564,5.5709],[116.5615,5.5672],[116.5664,5.5685],[116.5835,5.5635],[116.5894,5.5651],[116.6065,5.5568],[116.618,5.5582],[116.6233,5.5615],[116.6304,5.5608],[116.6404,5.5402],[116.6438,5.5438],[116.6503,5.5409],[116.6529,5.5436],[116.6644,5.5419],[116.6633,5.534],[116.6742,5.526],[116.6864,5.5308],[116.6978,5.5182],[116.7041,5.5224],[116.708,5.5169],[116.7135,5.5178],[116.7144,5.5153],[116.7162,5.5176],[116.7178,5.516],[116.7202,5.5188],[116.7253,5.5185],[116.7307,5.5117],[116.7313,5.5167],[116.7456,5.5135],[116.7486,5.5101],[116.7538,5.5124],[116.7543,5.5062],[116.7585,5.5097],[116.7668,5.5049],[116.7714,5.5073],[116.7748,5.5052],[116.7819,5.4916],[116.795,5.4925],[116.7947,5.4898],[116.799,5.4853],[116.8019,5.4855],[116.8012,5.4831],[116.8076,5.4858],[116.8143,5.4836],[116.8302,5.4837],[116.8367,5.4931],[116.8368,5.5017],[116.828,5.5159],[116.8372,5.5261],[116.8655,5.529],[116.868,5.527],[116.8694,5.5304],[116.8635,5.5422],[116.8639,5.5444],[116.8666,5.543],[116.8701,5.5465],[116.8706,5.5668],[116.8738,5.5681],[116.8703,5.571],[116.8744,5.5842],[116.8991,5.6148],[116.8975,5.6299],[116.8914,5.6368],[116.8921,5.6419],[116.8872,5.6463],[116.8824,5.6633],[116.8941,5.6749],[116.8921,5.6775],[116.8951,5.6807],[116.9006,5.6811],[116.9016,5.6778],[116.9045,5.6776],[116.9064,5.6707],[116.9151,5.6691],[116.9296,5.6734],[116.9335,5.6778],[116.9369,5.6763],[116.9383,5.6798],[116.9555,5.6803],[116.9605,5.6882],[116.9671,5.6867],[116.974,5.6895],[116.9854,5.6851],[117.0021,5.7046],[117.0104,5.7056],[117.0117,5.7081],[117.0188,5.7063],[117.026,5.7086],[117.0277,5.7162],[117.0263,5.7219],[117.0245,5.726],[117.0144,5.7315],[117.0111,5.737],[117.0055,5.7402],[116.9955,5.7536],[116.9901,5.7725],[116.9799,5.7943],[116.9685,5.802],[116.9666,5.8107],[116.9604,5.8177],[116.9457,5.8201],[116.9336,5.8285],[116.9144,5.8352],[116.9102,5.8409],[116.8982,5.847],[116.8743,5.8515],[116.8577,5.8634],[116.8565,5.8827],[116.8661,5.8971],[116.8677,5.9067],[116.8662,5.9112],[116.8611,5.9124],[116.8555,5.9194],[116.854,5.9308],[116.8556,5.9414],[116.85,5.9478],[116.8522,5.9527],[116.8565,5.9537],[116.8485,5.9683],[116.8418,5.9971],[116.8007,5.9988],[116.8007,6.0078],[116.7956,6.0144],[116.7964,6.02],[116.8004,6.0203],[116.7985,6.0257],[116.8026,6.0274],[116.7991,6.0307],[116.7997,6.0439],[116.796,6.047],[116.796,6.0508],[116.8084,6.0638],[116.8055,6.0681],[116.8105,6.0667],[116.8104,6.0709],[116.8138,6.071],[116.8162,6.0756],[116.8102,6.0764],[116.8027,6.0704],[116.7964,6.0719],[116.7919,6.0763],[116.7805,6.0758],[116.771,6.0718],[116.7666,6.0602],[116.7687,6.0562],[116.76,6.0502],[116.7547,6.0508],[116.7455,6.0472],[116.7302,6.0485],[116.7235,6.0458],[116.7154,6.0466],[116.7059,6.0545],[116.7017,6.0627],[116.6579,6.059],[116.6536,6.0511],[116.6538,6.0436],[116.658,6.0342],[116.6642,6.0322],[116.6605,6.0286],[116.6635,6.0208],[116.658,6.0159],[116.658,6.0114]]]}},{"type":"Feature","properties":{"c":"N.39","n":"Tambunan","w":"STAR","p":"STAR","cand":"Jeffrey Gapari Kitingan","pct":65.8},"geometry":{"type":"Polygon","coordinates":[[[116.3363,5.8278],[116.3375,5.8223],[116.3357,5.8201],[116.3395,5.8175],[116.3375,5.8061],[116.3339,5.8019],[116.3347,5.7909],[116.3422,5.784],[116.3406,5.7827],[116.3423,5.7749],[116.3504,5.7709],[116.3382,5.7658],[116.3325,5.7685],[116.3197,5.7595],[116.2936,5.7482],[116.2858,5.7291],[116.2784,5.7179],[116.2589,5.7084],[116.2588,5.7005],[116.2551,5.696],[116.2534,5.6879],[116.2485,5.6869],[116.2462,5.6828],[116.2434,5.685],[116.2363,5.6831],[116.2295,5.6779],[116.2324,5.6764],[116.2326,5.6703],[116.2223,5.6679],[116.2209,5.6722],[116.2148,5.6725],[116.2014,5.6902],[116.1909,5.6966],[116.1871,5.6907],[116.188,5.6721],[116.1851,5.6661],[116.1859,5.6624],[116.1844,5.6625],[116.1839,5.6499],[116.1808,5.6447],[116.1815,5.6299],[116.1786,5.6262],[116.1854,5.6149],[116.1894,5.6124],[116.195,5.5946],[116.2169,5.5892],[116.2196,5.5861],[116.2259,5.5745],[116.2237,5.5675],[116.2268,5.5655],[116.23,5.5555],[116.2274,5.5493],[116.2373,5.5469],[116.2296,5.5389],[116.2369,5.5315],[116.2408,5.5325],[116.2381,5.5394],[116.241,5.5428],[116.2501,5.5426],[116.2591,5.5297],[116.2692,5.5229],[116.2821,5.5207],[116.2895,5.5146],[116.3005,5.4942],[116.3159,5.4905],[116.324,5.4833],[116.3254,5.4856],[116.3312,5.4843],[116.3367,5.4878],[116.3386,5.4829],[116.3491,5.4795],[116.3531,5.471],[116.3579,5.4669],[116.3653,5.4646],[116.366,5.4711],[116.369,5.4718],[116.3725,5.4659],[116.3814,5.463],[116.3838,5.4673],[116.3785,5.481],[116.3879,5.4932],[116.387,5.4987],[116.3954,5.5066],[116.394,5.5131],[116.3974,5.5169],[116.4054,5.5201],[116.4109,5.5191],[116.4192,5.5244],[116.4251,5.5247],[116.4327,5.5208],[116.4404,5.5273],[116.4468,5.5258],[116.4498,5.5293],[116.4552,5.5299],[116.46,5.5356],[116.4682,5.5313],[116.471,5.5317],[116.4762,5.539],[116.4888,5.5368],[116.4945,5.5392],[116.4952,5.5425],[116.5065,5.5426],[116.5119,5.5456],[116.5129,5.5489],[116.5165,5.5486],[116.5217,5.5525],[116.5245,5.5509],[116.5339,5.5562],[116.5511,5.556],[116.557,5.5626],[116.5649,5.5652],[116.5616,5.5653],[116.5644,5.5684],[116.5615,5.5672],[116.5564,5.5709],[116.5672,5.5813],[116.5638,5.6101],[116.5664,5.6188],[116.5971,5.6677],[116.5971,5.6859],[116.6001,5.7],[116.5985,5.7058],[116.6023,5.7136],[116.602,5.7341],[116.5921,5.7458],[116.5789,5.7527],[116.6108,5.7808],[116.6154,5.7855],[116.6157,5.7891],[116.6102,5.7923],[116.6084,5.7995],[116.5982,5.8094],[116.6019,5.8201],[116.6044,5.8187],[116.604,5.8251],[116.5946,5.8314],[116.5892,5.8549],[116.577,5.8655],[116.5612,5.8658],[116.5578,5.8614],[116.5533,5.8622],[116.5525,5.8648],[116.5476,5.8663],[116.5443,5.8733],[116.5271,5.8798],[116.5193,5.8883],[116.5155,5.8883],[116.502,5.9115],[116.4914,5.915],[116.478,5.9235],[116.4591,5.9243],[116.4452,5.9183],[116.4353,5.9161],[116.4254,5.9173],[116.4205,5.9143],[116.4149,5.9077],[116.4151,5.9013],[116.4126,5.9014],[116.4111,5.8921],[116.4136,5.8877],[116.4075,5.8808],[116.4096,5.8783],[116.4067,5.8753],[116.4002,5.8466],[116.3976,5.8446],[116.3995,5.8435],[116.3841,5.8322],[116.3744,5.8174],[116.3675,5.8142],[116.3672,5.8163],[116.3592,5.8149],[116.3631,5.818],[116.3607,5.8207],[116.356,5.8231],[116.3467,5.8215],[116.3434,5.8246],[116.3437,5.828],[116.3401,5.8302],[116.3363,5.8278]]]}},{"type":"Feature","properties":{"c":"N.40","n":"Bingkor","w":"STAR","p":"STAR","cand":"Mohd Ishak bin Ayub","pct":47.1},"geometry":{"type":"Polygon","coordinates":[[[116.102,5.5831],[116.1135,5.5804],[116.102,5.5758],[116.1052,5.5695],[116.0975,5.5677],[116.0941,5.5621],[116.0906,5.5426],[116.1104,5.5187],[116.1109,5.5152],[116.1202,5.51],[116.1171,5.4908],[116.1191,5.4873],[116.1407,5.4685],[116.1401,5.4616],[116.1361,5.4549],[116.1401,5.4525],[116.1427,5.4424],[116.1415,5.4364],[116.1461,5.4251],[116.1597,5.4314],[116.1656,5.4186],[116.1638,5.4154],[116.1709,5.411],[116.1731,5.4067],[116.1697,5.403],[116.1738,5.3985],[116.1723,5.3959],[116.1864,5.3831],[116.1912,5.3902],[116.1959,5.385],[116.1872,5.3743],[116.184,5.3777],[116.1799,5.3743],[116.1775,5.3665],[116.1744,5.3643],[116.1768,5.362],[116.1704,5.3546],[116.168,5.3578],[116.1707,5.3588],[116.1711,5.3675],[116.1657,5.3691],[116.1615,5.3675],[116.1661,5.3496],[116.1575,5.3386],[116.1549,5.3419],[116.1506,5.3384],[116.1541,5.3335],[116.1552,5.3351],[116.1571,5.3331],[116.1602,5.3373],[116.1635,5.3359],[116.1659,5.3375],[116.17,5.3343],[116.1734,5.3361],[116.18,5.333],[116.1804,5.3381],[116.1854,5.336],[116.1943,5.3411],[116.201,5.3543],[116.2054,5.3572],[116.2034,5.3616],[116.2065,5.3644],[116.2044,5.3694],[116.2088,5.3729],[116.2067,5.3773],[116.2137,5.381],[116.2137,5.3846],[116.2272,5.3924],[116.2277,5.3987],[116.2327,5.4014],[116.2355,5.4111],[116.2405,5.4106],[116.2429,5.4212],[116.2515,5.4271],[116.2558,5.4275],[116.2583,5.4249],[116.2633,5.4372],[116.2743,5.4541],[116.2769,5.4553],[116.2853,5.4503],[116.2903,5.4517],[116.2916,5.4543],[116.2999,5.4532],[116.2948,5.4586],[116.3,5.4649],[116.3218,5.4638],[116.333,5.4577],[116.3356,5.4662],[116.3395,5.4669],[116.3452,5.4667],[116.3424,5.4632],[116.3587,5.4545],[116.3636,5.4572],[116.3653,5.4646],[116.3531,5.471],[116.3468,5.4818],[116.3386,5.4829],[116.3367,5.4878],[116.3312,5.4843],[116.3254,5.4856],[116.324,5.4833],[116.3159,5.4905],[116.3005,5.4942],[116.2895,5.5146],[116.2821,5.5207],[116.2692,5.5229],[116.2591,5.5297],[116.2501,5.5426],[116.241,5.5428],[116.2381,5.5394],[116.2402,5.5315],[116.2369,5.5315],[116.231,5.5363],[116.2296,5.5389],[116.2373,5.5469],[116.2274,5.5493],[116.23,5.5555],[116.2268,5.5655],[116.2237,5.5675],[116.2259,5.5745],[116.2196,5.5861],[116.2169,5.5892],[116.195,5.5946],[116.1894,5.6124],[116.1854,5.6149],[116.1786,5.6262],[116.1554,5.6254],[116.146,5.6221],[116.1388,5.6161],[116.1124,5.6114],[116.1093,5.6039],[116.1004,5.5971],[116.102,5.5831]]]}},{"type":"Feature","properties":{"c":"N.41","n":"Liawan","w":"BN","p":"UMNO","cand":"Nik Mohd Nadzri bin Nik Zawawi","pct":28.3},"geometry":{"type":"Polygon","coordinates":[[[116.0767,5.5701],[116.0723,5.5499],[116.0626,5.534],[116.0629,5.5232],[116.0761,5.5104],[116.075,5.5004],[116.0672,5.494],[116.0642,5.4735],[116.0597,5.4673],[116.0495,5.4658],[116.0453,5.4596],[116.0388,5.4565],[116.0303,5.4591],[116.0286,5.4514],[116.0235,5.4443],[116.019,5.443],[116.0087,5.4463],[116.0069,5.4436],[116.0089,5.435],[116.007,5.4298],[116.0136,5.4177],[116.0113,5.4089],[116.0179,5.4039],[116.0236,5.3926],[116.026,5.3921],[116.035,5.3699],[116.0403,5.3678],[116.0352,5.3634],[116.0382,5.3558],[116.0351,5.3513],[116.0405,5.3404],[116.0428,5.3293],[116.0388,5.3284],[116.0424,5.3225],[116.037,5.3139],[116.0372,5.3052],[116.0337,5.3046],[116.0343,5.3003],[116.0162,5.2945],[116.0078,5.2965],[116.007,5.294],[115.9999,5.2925],[116.0026,5.291],[116.0035,5.2866],[115.9977,5.2809],[116.0032,5.2809],[116.0085,5.2748],[116.0219,5.2781],[116.0233,5.2763],[116.0168,5.2725],[116.0162,5.269],[116.0094,5.2714],[116.0076,5.269],[116.0017,5.2701],[115.9888,5.2655],[115.9965,5.2525],[116.0016,5.2547],[116.0051,5.2488],[116.009,5.2485],[116.0089,5.2438],[116.0035,5.2381],[115.9925,5.2378],[115.9827,5.2357],[115.9828,5.2341],[115.9903,5.2302],[115.9924,5.2313],[115.991,5.2265],[115.9952,5.2152],[116.0009,5.2172],[116.0065,5.2129],[116.0123,5.2136],[116.0137,5.2113],[116.0177,5.2123],[116.0209,5.2156],[116.0203,5.2192],[116.0229,5.2193],[116.0253,5.2231],[116.0312,5.2262],[116.0373,5.2254],[116.0382,5.228],[116.0481,5.2267],[116.0538,5.2213],[116.0651,5.2255],[116.0749,5.2259],[116.0779,5.2328],[116.0824,5.2336],[116.0902,5.2429],[116.0947,5.2505],[116.0957,5.2619],[116.1039,5.2741],[116.1101,5.2722],[116.1136,5.2745],[116.1148,5.2796],[116.1209,5.2871],[116.1215,5.2948],[116.1349,5.2987],[116.1355,5.3042],[116.1391,5.3069],[116.1405,5.3119],[116.1465,5.3101],[116.1514,5.3147],[116.1653,5.3151],[116.168,5.3202],[116.1699,5.3197],[116.1719,5.326],[116.1707,5.3343],[116.1659,5.3375],[116.1635,5.3359],[116.1602,5.3373],[116.1571,5.3331],[116.1552,5.3351],[116.1541,5.3335],[116.1502,5.3375],[116.1549,5.3419],[116.1575,5.3386],[116.1661,5.3496],[116.1615,5.3675],[116.1657,5.3691],[116.1711,5.3675],[116.1707,5.3588],[116.168,5.3578],[116.1704,5.3546],[116.1768,5.362],[116.1744,5.3643],[116.1775,5.3665],[116.1799,5.3743],[116.184,5.3777],[116.1872,5.3743],[116.1959,5.385],[116.1912,5.3902],[116.1864,5.3831],[116.1723,5.3959],[116.1738,5.3985],[116.1697,5.403],[116.1731,5.4067],[116.1709,5.411],[116.1638,5.4154],[116.1656,5.4186],[116.1597,5.4314],[116.1461,5.4251],[116.1415,5.4364],[116.1427,5.4424],[116.1401,5.4525],[116.1361,5.4549],[116.1401,5.4616],[116.1407,5.4685],[116.1191,5.4873],[116.1171,5.4908],[116.1202,5.51],[116.1109,5.5152],[116.1104,5.5187],[116.0906,5.5426],[116.0941,5.5621],[116.0975,5.5677],[116.1052,5.5695],[116.102,5.5758],[116.1135,5.5804],[116.102,5.5831],[116.0957,5.5764],[116.0877,5.5753],[116.0767,5.5701]]]}},{"type":"Feature","properties":{"c":"N.42","n":"Melalap","w":"PH","p":"PKR","cand":"Jamawi bin Jaafar","pct":33.8},"geometry":{"type":"Polygon","coordinates":[[[115.971,5.3671],[115.9515,5.3655],[115.9449,5.3609],[115.9444,5.3331],[115.9401,5.3123],[115.9266,5.2895],[115.92,5.2859],[115.9129,5.2927],[115.887,5.301],[115.8615,5.2906],[115.8547,5.285],[115.8513,5.2769],[115.8507,5.257],[115.8374,5.2461],[115.8372,5.2376],[115.8333,5.2323],[115.8178,5.227],[115.8072,5.2134],[115.808,5.2054],[115.8013,5.1849],[115.7896,5.1651],[115.7917,5.1609],[115.79,5.1557],[115.7914,5.151],[115.7973,5.1492],[115.8287,5.1453],[115.8645,5.1368],[115.8739,5.1321],[115.879,5.134],[115.8836,5.1301],[115.8987,5.1269],[115.9131,5.1136],[115.9215,5.1149],[115.9284,5.113],[115.9341,5.1054],[115.9435,5.101],[115.9464,5.1029],[115.9517,5.0956],[115.9484,5.0871],[115.9508,5.0822],[115.9555,5.0819],[115.9571,5.079],[115.9546,5.0746],[115.9559,5.0722],[115.9538,5.0716],[115.9558,5.0683],[115.9527,5.0548],[115.9475,5.0517],[115.9539,5.0525],[115.9562,5.0501],[115.9535,5.047],[115.9485,5.0474],[115.9504,5.0411],[115.945,5.037],[115.9486,5.025],[116.0063,4.9936],[116.0096,4.9996],[116.0136,4.9954],[116.0173,4.9986],[116.0138,5.0069],[116.0171,5.0123],[116.016,5.0247],[116.022,5.029],[116.0266,5.0449],[116.024,5.0548],[116.0263,5.0664],[116.0318,5.0745],[116.0287,5.0817],[116.0304,5.0896],[116.0354,5.0917],[116.0379,5.0975],[116.0317,5.1028],[116.0335,5.1077],[116.037,5.1084],[116.0401,5.1126],[116.0383,5.1138],[116.0386,5.1211],[116.0419,5.127],[116.0371,5.1293],[116.0366,5.1326],[116.0436,5.1445],[116.0424,5.1686],[116.0463,5.1752],[116.042,5.1815],[116.0456,5.1866],[116.0446,5.1905],[116.0486,5.1906],[116.05,5.207],[116.0459,5.2091],[116.0538,5.2213],[116.0481,5.2267],[116.0382,5.228],[116.0373,5.2254],[116.0312,5.2262],[116.0253,5.2231],[116.0229,5.2193],[116.0203,5.2192],[116.0209,5.2156],[116.0177,5.2123],[116.0137,5.2113],[116.0123,5.2136],[116.0065,5.2129],[116.0009,5.2172],[115.9952,5.2152],[115.991,5.2265],[115.9924,5.2313],[115.9903,5.2302],[115.9828,5.2341],[115.9827,5.2357],[115.9925,5.2378],[116.0035,5.2381],[116.0089,5.2438],[116.009,5.2485],[116.0051,5.2488],[116.0016,5.2547],[115.9965,5.2525],[115.9888,5.2655],[116.0017,5.2701],[116.0076,5.269],[116.0094,5.2714],[116.0162,5.269],[116.0168,5.2725],[116.0233,5.2763],[116.0219,5.2781],[116.0085,5.2748],[116.0032,5.2809],[115.9977,5.2809],[116.0035,5.2866],[116.0026,5.291],[115.9999,5.2925],[116.007,5.294],[116.0078,5.2965],[116.0162,5.2945],[116.0343,5.3003],[116.0337,5.3046],[116.0372,5.3052],[116.037,5.3139],[116.0424,5.3225],[116.0386,5.327],[116.0428,5.3293],[116.0405,5.3404],[116.0351,5.3513],[116.0382,5.3558],[116.0352,5.3634],[116.0403,5.3678],[116.035,5.3699],[116.026,5.3921],[116.0236,5.3926],[116.0179,5.4039],[116.0113,5.4089],[116.0136,5.4177],[116.007,5.4298],[116.0089,5.435],[116.0069,5.4436],[116.0087,5.4463],[116.0058,5.4474],[115.9976,5.4443],[115.9926,5.4376],[115.9933,5.4155],[115.9982,5.3944],[115.9827,5.3688],[115.971,5.3671]]]}},{"type":"Feature","properties":{"c":"N.43","n":"Kemabong","w":"GRS","p":"PGRS","cand":"Rubin bin Balang","pct":39.8},"geometry":{"type":"Polygon","coordinates":[[[115.7914,5.151],[115.7941,5.1429],[115.7853,5.1278],[115.7861,5.1088],[115.7894,5.1055],[115.7885,5.0962],[115.7846,5.0898],[115.7939,5.087],[115.7937,5.0803],[115.7907,5.0777],[115.7907,5.0727],[115.7863,5.0688],[115.7863,5.0573],[115.773,5.0533],[115.7726,5.0501],[115.7768,5.0432],[115.7858,5.0493],[115.7959,5.0459],[115.8036,5.0465],[115.8076,5.0403],[115.8072,5.0349],[115.8161,5.0317],[115.8236,5.0319],[115.8236,5.0241],[115.8182,5.0184],[115.8152,5.0052],[115.8217,4.9955],[115.8274,4.9935],[115.8323,4.9967],[115.8416,4.9967],[115.8282,4.9189],[115.8185,4.8987],[115.8198,4.8722],[115.8493,4.8613],[115.854,4.8548],[115.8481,4.8455],[115.849,4.8308],[115.8537,4.8271],[115.8475,4.815],[115.8484,4.8094],[115.8456,4.8084],[115.8375,4.8119],[115.8325,4.8106],[115.8335,4.8028],[115.8294,4.7985],[115.8335,4.7913],[115.8335,4.7804],[115.8391,4.7751],[115.8391,4.7683],[115.8375,4.7617],[115.8319,4.7568],[115.8297,4.7499],[115.8232,4.7487],[115.8244,4.7453],[115.8222,4.7406],[115.8257,4.7378],[115.8222,4.734],[115.8247,4.7316],[115.8229,4.7225],[115.8198,4.7197],[115.8238,4.7179],[115.8257,4.7101],[115.8279,4.7092],[115.8331,4.7123],[115.8422,4.7098],[115.8434,4.6998],[115.8378,4.6681],[115.8419,4.6566],[115.8263,4.636],[115.8254,4.6295],[115.8443,4.598],[115.858,4.5865],[115.8683,4.5828],[115.8683,4.5719],[115.8627,4.5585],[115.8621,4.5249],[115.8674,4.5206],[115.868,4.515],[115.8767,4.51],[115.8783,4.5006],[115.8683,4.467],[115.8724,4.4596],[115.872,4.4496],[115.8814,4.4337],[115.8823,4.4238],[115.8805,4.4107],[115.876,4.4105],[115.8741,4.4039],[115.883,4.3917],[115.9013,4.3949],[115.9024,4.3928],[115.9079,4.3919],[115.9283,4.4197],[115.9307,4.4295],[115.9463,4.4391],[115.9461,4.4515],[115.9542,4.4574],[115.9489,4.4629],[115.9539,4.4697],[115.9508,4.4755],[115.9606,4.489],[115.9609,4.4973],[115.9647,4.5049],[115.9704,4.5087],[115.9761,4.5034],[115.9845,4.5031],[115.9948,4.5072],[115.9965,4.5119],[116.0029,4.5056],[116.0042,4.5079],[116.0127,4.5098],[116.0179,4.5171],[116.018,4.5271],[116.015,4.5291],[116.0147,4.534],[116.0192,4.5429],[116.0244,4.544],[116.0247,4.5497],[116.0298,4.5584],[116.0302,4.5698],[116.028,4.5756],[116.0322,4.5904],[116.038,4.5881],[116.0428,4.5897],[116.0463,4.6066],[116.0556,4.6099],[116.0618,4.5982],[116.0684,4.5936],[116.0842,4.6166],[116.1054,4.6209],[116.1054,4.625],[116.1082,4.6266],[116.1039,4.6292],[116.1059,4.6464],[116.1176,4.6538],[116.1191,4.6657],[116.1254,4.6793],[116.1238,4.6842],[116.1301,4.6895],[116.1292,4.6942],[116.1343,4.7146],[116.1327,4.735],[116.142,4.7709],[116.1389,4.779],[116.1308,4.7858],[116.1232,4.8069],[116.0981,4.8222],[116.0832,4.8618],[116.0845,4.8641],[116.0752,4.8684],[116.0774,4.8728],[116.0723,4.873],[116.0694,4.8889],[116.0636,4.8886],[116.0612,4.8903],[116.0623,4.8927],[116.0579,4.8933],[116.0557,4.9014],[116.0525,4.9003],[116.0451,4.9059],[116.0463,4.9119],[116.0402,4.9112],[116.0405,4.9156],[116.0363,4.9183],[116.0338,4.9255],[116.0278,4.9273],[116.029,4.9417],[116.0235,4.9402],[116.0194,4.9438],[116.0203,4.9479],[116.0162,4.9477],[116.0099,4.9521],[116.0126,4.9603],[116.0076,4.9668],[116.0114,4.9703],[116.0092,4.974],[116.0102,4.9796],[116.0144,4.9805],[116.015,4.9878],[116.0087,4.9905],[116.0089,4.9931],[116.0136,4.9954],[116.0096,4.9996],[116.0063,4.9936],[115.9486,5.025],[115.945,5.037],[115.9504,5.0411],[115.9485,5.0474],[115.9535,5.047],[115.9562,5.0501],[115.9539,5.0525],[115.9475,5.0517],[115.9527,5.0548],[115.9558,5.0683],[115.9538,5.0716],[115.9559,5.0722],[115.9546,5.0746],[115.9571,5.079],[115.9555,5.0819],[115.9508,5.0822],[115.9484,5.0871],[115.9517,5.0956],[115.9464,5.1029],[115.9435,5.101],[115.9341,5.1054],[115.9284,5.113],[115.9215,5.1149],[115.9131,5.1136],[115.8987,5.1269],[115.8836,5.1301],[115.879,5.134],[115.8739,5.1321],[115.8645,5.1368],[115.8287,5.1453],[115.7914,5.151]]]}},{"type":"Feature","properties":{"c":"N.44","n":"Tulid","w":"BEBAS","p":"BEBAS","cand":"Jordan Jude Ellron","pct":30.5},"geometry":{"type":"Polygon","coordinates":[[[116.5644,5.5684],[116.5616,5.5653],[116.5649,5.5652],[116.557,5.5626],[116.5511,5.556],[116.5339,5.5562],[116.5245,5.5509],[116.5217,5.5525],[116.5165,5.5486],[116.5129,5.5489],[116.5119,5.5456],[116.5065,5.5426],[116.4952,5.5425],[116.4945,5.5392],[116.4911,5.5375],[116.4825,5.5365],[116.4799,5.5393],[116.4762,5.539],[116.471,5.5317],[116.4682,5.5313],[116.46,5.5356],[116.4552,5.5299],[116.4498,5.5293],[116.4468,5.5258],[116.4404,5.5273],[116.4327,5.5208],[116.4251,5.5247],[116.4192,5.5244],[116.4109,5.5191],[116.4054,5.5201],[116.3974,5.5169],[116.394,5.5131],[116.3954,5.5066],[116.387,5.4987],[116.3879,5.4932],[116.3785,5.481],[116.3834,5.4651],[116.3799,5.4631],[116.3725,5.4659],[116.3702,5.4713],[116.3672,5.472],[116.3613,5.4547],[116.3424,5.4632],[116.3452,5.4667],[116.3395,5.4669],[116.3356,5.4662],[116.333,5.4577],[116.3218,5.4638],[116.3,5.4649],[116.2948,5.4586],[116.2999,5.4532],[116.2916,5.4543],[116.2903,5.4517],[116.2853,5.4503],[116.2769,5.4553],[116.2743,5.4541],[116.2633,5.4372],[116.2583,5.4249],[116.2558,5.4275],[116.2515,5.4271],[116.2429,5.4212],[116.2405,5.4106],[116.2355,5.4111],[116.2327,5.4014],[116.2277,5.3987],[116.2272,5.3924],[116.2137,5.3846],[116.2137,5.381],[116.2067,5.3773],[116.2088,5.3729],[116.2044,5.3694],[116.2065,5.3644],[116.2034,5.3616],[116.2054,5.3572],[116.201,5.3543],[116.1943,5.3411],[116.1854,5.336],[116.1804,5.3381],[116.18,5.333],[116.1734,5.3361],[116.1707,5.3343],[116.1719,5.326],[116.1685,5.315],[116.163,5.3124],[116.1643,5.3073],[116.178,5.3019],[116.1888,5.3039],[116.1943,5.2984],[116.2058,5.3003],[116.2091,5.2907],[116.2196,5.2802],[116.2196,5.2706],[116.2348,5.2653],[116.2504,5.2679],[116.2564,5.263],[116.2615,5.2649],[116.2691,5.2631],[116.2708,5.2684],[116.2801,5.2684],[116.2849,5.2733],[116.3019,5.2795],[116.3098,5.2781],[116.3195,5.2691],[116.3178,5.2618],[116.3274,5.2613],[116.34,5.2554],[116.3551,5.2541],[116.3617,5.2561],[116.3829,5.2454],[116.4007,5.2454],[116.4063,5.2418],[116.4163,5.2428],[116.4154,5.2389],[116.4185,5.2365],[116.4165,5.2248],[116.4206,5.2222],[116.4309,5.2257],[116.4379,5.2244],[116.4446,5.2211],[116.4439,5.2185],[116.4501,5.2183],[116.4506,5.2144],[116.4607,5.2107],[116.4814,5.2172],[116.4853,5.2222],[116.4877,5.2397],[116.4913,5.2427],[116.496,5.2395],[116.5076,5.2595],[116.5271,5.2562],[116.5292,5.2606],[116.5358,5.2628],[116.5371,5.2669],[116.5344,5.2689],[116.5347,5.2729],[116.5414,5.272],[116.5481,5.2743],[116.5482,5.2874],[116.5593,5.2907],[116.5869,5.2896],[116.592,5.2945],[116.5948,5.3041],[116.5902,5.3106],[116.5819,5.3158],[116.5812,5.3259],[116.5775,5.328],[116.5768,5.3338],[116.5681,5.3466],[116.5692,5.3524],[116.5741,5.3575],[116.5868,5.3571],[116.5907,5.3608],[116.593,5.3835],[116.5953,5.3857],[116.5908,5.397],[116.5938,5.4005],[116.5929,5.4104],[116.596,5.4108],[116.5905,5.4143],[116.5902,5.4233],[116.5989,5.4228],[116.6206,5.4279],[116.6403,5.4194],[116.6654,5.4269],[116.671,5.4266],[116.6771,5.4286],[116.6782,5.4315],[116.6784,5.4459],[116.6718,5.4499],[116.6683,5.4486],[116.6649,5.4554],[116.6575,5.4586],[116.6518,5.4642],[116.6581,5.4708],[116.6531,5.4746],[116.6522,5.4871],[116.6677,5.5039],[116.669,5.5178],[116.673,5.5259],[116.6633,5.534],[116.6644,5.5419],[116.6529,5.5436],[116.6503,5.5409],[116.6438,5.5438],[116.6404,5.5402],[116.6304,5.5608],[116.6233,5.5615],[116.618,5.5582],[116.6065,5.5568],[116.5894,5.5651],[116.5835,5.5635],[116.5644,5.5684]]]}},{"type":"Feature","properties":{"c":"N.45","n":"Sook","w":"BN","p":"PBRS","cand":"Arthur Joseph Kurup","pct":57.9},"geometry":{"type":"Polygon","coordinates":[[[116.0538,5.2213],[116.0459,5.2091],[116.05,5.207],[116.0486,5.1906],[116.0446,5.1905],[116.0456,5.1866],[116.042,5.1815],[116.0463,5.1752],[116.0424,5.1686],[116.0436,5.1445],[116.0366,5.1326],[116.0371,5.1293],[116.0419,5.127],[116.0386,5.1211],[116.0383,5.1138],[116.0401,5.1126],[116.037,5.1084],[116.0335,5.1077],[116.0317,5.1028],[116.0379,5.0975],[116.0354,5.0917],[116.0304,5.0896],[116.0287,5.0817],[116.0318,5.0745],[116.0263,5.0664],[116.024,5.0548],[116.0266,5.0449],[116.022,5.029],[116.016,5.0247],[116.0171,5.0123],[116.0138,5.0069],[116.0173,4.9986],[116.0089,4.9931],[116.0087,4.9905],[116.015,4.9868],[116.0132,4.9839],[116.0144,4.9805],[116.0102,4.9796],[116.0092,4.974],[116.0114,4.9703],[116.0076,4.9653],[116.0126,4.9603],[116.0099,4.9521],[116.0162,4.9477],[116.0203,4.9479],[116.0194,4.9438],[116.0235,4.9402],[116.029,4.9417],[116.0302,4.9382],[116.0271,4.9287],[116.0338,4.9255],[116.0363,4.9183],[116.0405,4.9156],[116.0402,4.9112],[116.0454,4.9127],[116.0451,4.9059],[116.0525,4.9003],[116.0557,4.9014],[116.0579,4.8933],[116.0623,4.8927],[116.0612,4.8903],[116.0636,4.8886],[116.0694,4.8889],[116.0723,4.873],[116.0774,4.8728],[116.0752,4.8684],[116.0979,4.8587],[116.1124,4.8632],[116.1199,4.8567],[116.1214,4.8604],[116.127,4.8631],[116.1291,4.8563],[116.1486,4.8544],[116.1559,4.8591],[116.1645,4.8568],[116.1637,4.8611],[116.1692,4.8634],[116.1685,4.8678],[116.1777,4.8765],[116.1769,4.8805],[116.1809,4.881],[116.1835,4.8885],[116.1877,4.8906],[116.1881,4.9005],[116.1863,4.902],[116.191,4.9051],[116.1929,4.9199],[116.1969,4.9227],[116.1956,4.9274],[116.1996,4.9304],[116.2003,4.9355],[116.2089,4.9363],[116.2198,4.9495],[116.2284,4.9508],[116.2275,4.9584],[116.2316,4.9635],[116.2286,4.9716],[116.233,4.9805],[116.2314,4.994],[116.2382,5.0002],[116.2407,5.0075],[116.25,5.0042],[116.2521,5.0045],[116.2524,5.0086],[116.2558,5.008],[116.2596,5.0132],[116.2653,5.0104],[116.272,5.0174],[116.2757,5.0176],[116.276,5.0227],[116.28,5.0231],[116.2813,5.0257],[116.2836,5.0243],[116.284,5.0139],[116.2911,5.0153],[116.2923,5.0094],[116.2983,5.0105],[116.3066,5.0069],[116.3302,5.0076],[116.342,5.0187],[116.3633,5.0281],[116.3672,5.0467],[116.3737,5.05],[116.3712,5.0594],[116.3667,5.0655],[116.3697,5.0671],[116.3714,5.0726],[116.3832,5.0758],[116.3839,5.0829],[116.3891,5.0818],[116.3918,5.09],[116.4015,5.0878],[116.4051,5.091],[116.4122,5.0906],[116.4211,5.096],[116.4253,5.0941],[116.4308,5.099],[116.4385,5.101],[116.4436,5.115],[116.4501,5.1196],[116.4479,5.1244],[116.4529,5.1231],[116.4551,5.1248],[116.4533,5.1299],[116.455,5.1319],[116.4672,5.1291],[116.4717,5.1306],[116.4725,5.1286],[116.4746,5.1319],[116.4702,5.1358],[116.4726,5.1431],[116.4692,5.1456],[116.4669,5.1563],[116.4698,5.1663],[116.4666,5.1733],[116.4616,5.1763],[116.4608,5.1902],[116.4502,5.2025],[116.4553,5.2127],[116.4506,5.2144],[116.4501,5.2183],[116.4439,5.2185],[116.4446,5.2211],[116.4379,5.2244],[116.4309,5.2257],[116.4273,5.2229],[116.4189,5.2228],[116.4165,5.2248],[116.4185,5.2365],[116.4154,5.2389],[116.4163,5.2428],[116.4063,5.2418],[116.4007,5.2454],[116.3829,5.2454],[116.3617,5.2561],[116.3551,5.2541],[116.34,5.2554],[116.3274,5.2613],[116.3178,5.2618],[116.3197,5.2657],[116.318,5.2717],[116.3098,5.2781],[116.3019,5.2795],[116.2849,5.2733],[116.2801,5.2684],[116.2708,5.2684],[116.2691,5.2631],[116.2615,5.2649],[116.2564,5.263],[116.2504,5.2679],[116.2348,5.2653],[116.2196,5.2706],[116.2196,5.2802],[116.2091,5.2907],[116.2058,5.3003],[116.1943,5.2984],[116.1888,5.3039],[116.178,5.3019],[116.1643,5.3073],[116.163,5.3124],[116.1685,5.315],[116.1686,5.3203],[116.1653,5.3151],[116.1514,5.3147],[116.1465,5.3101],[116.1405,5.3119],[116.1391,5.3069],[116.1355,5.3042],[116.1349,5.2987],[116.1215,5.2948],[116.1209,5.2871],[116.1148,5.2796],[116.1136,5.2745],[116.1101,5.2722],[116.1039,5.2741],[116.0957,5.2619],[116.0947,5.2505],[116.0824,5.2336],[116.0779,5.2328],[116.073,5.2246],[116.0651,5.2255],[116.0538,5.2213]]]}},{"type":"Feature","properties":{"c":"N.46","n":"Nabawan","w":"GRS","p":"PGRS","cand":"Abd. Ghani bin Mohd. Yassin","pct":37.1},"geometry":{"type":"Polygon","coordinates":[[[116.0843,4.8633],[116.0981,4.8222],[116.1232,4.8069],[116.1308,4.7858],[116.1389,4.779],[116.142,4.7709],[116.1327,4.735],[116.1343,4.7146],[116.1292,4.6942],[116.1301,4.6895],[116.1238,4.6842],[116.1254,4.6793],[116.1191,4.6657],[116.1176,4.6538],[116.1059,4.6464],[116.1039,4.6292],[116.1082,4.6266],[116.1054,4.625],[116.1068,4.6233],[116.1041,4.6203],[116.083,4.6157],[116.0684,4.5936],[116.0618,4.5982],[116.0556,4.6099],[116.0463,4.6066],[116.0428,4.5897],[116.038,4.5881],[116.0335,4.5909],[116.0309,4.5881],[116.032,4.586],[116.028,4.5756],[116.0306,4.5609],[116.0247,4.5497],[116.0244,4.544],[116.0192,4.5429],[116.0147,4.534],[116.015,4.5291],[116.018,4.5271],[116.0179,4.5171],[116.0127,4.5098],[116.0042,4.5079],[116.0029,4.5056],[115.9965,4.5119],[115.9948,4.5072],[115.9845,4.5031],[115.9761,4.5034],[115.9704,4.5087],[115.9647,4.5049],[115.9609,4.4973],[115.9606,4.489],[115.9508,4.4755],[115.9539,4.4697],[115.9489,4.4629],[115.9542,4.4574],[115.9461,4.4515],[115.9463,4.4391],[115.9307,4.4295],[115.9283,4.4197],[115.9115,4.3955],[115.9079,4.3919],[115.9024,4.3928],[115.9073,4.3843],[115.9136,4.3841],[115.9157,4.3802],[115.9143,4.3765],[115.9171,4.37],[115.9166,4.3627],[115.9226,4.3615],[115.9306,4.3539],[115.938,4.354],[115.9424,4.3571],[115.9478,4.3556],[115.9575,4.3597],[115.9625,4.3507],[115.9695,4.3564],[115.9728,4.3559],[115.9736,4.3508],[115.9776,4.3515],[115.9788,4.349],[115.9801,4.3513],[115.9861,4.3496],[115.9907,4.3515],[115.9922,4.3479],[115.9967,4.3497],[116.0009,4.3484],[116.0051,4.3362],[116.0084,4.3387],[116.0113,4.3349],[116.0153,4.3362],[116.0175,4.3336],[116.0199,4.3363],[116.0201,4.3307],[116.0258,4.3335],[116.029,4.324],[116.0327,4.3212],[116.0329,4.3181],[116.0306,4.3167],[116.0302,4.3017],[116.0345,4.2974],[116.0317,4.2923],[116.0435,4.289],[116.0496,4.2937],[116.0508,4.287],[116.0481,4.2821],[116.0537,4.2857],[116.057,4.2795],[116.058,4.2811],[116.0638,4.2794],[116.0684,4.2736],[116.0715,4.2763],[116.0808,4.2739],[116.0844,4.2791],[116.0839,4.2856],[116.0883,4.2984],[116.0874,4.3058],[116.0896,4.3068],[116.0909,4.302],[116.0935,4.31],[116.0976,4.3095],[116.1077,4.32],[116.1109,4.3352],[116.1297,4.3318],[116.1322,4.3291],[116.1357,4.3324],[116.1398,4.3312],[116.1407,4.3369],[116.1469,4.3363],[116.1492,4.3393],[116.1547,4.3393],[116.1595,4.3599],[116.1601,4.376],[116.1685,4.3907],[116.1748,4.3869],[116.1746,4.3798],[116.1887,4.3821],[116.1908,4.3784],[116.1982,4.3779],[116.2024,4.3719],[116.2108,4.3791],[116.2209,4.3823],[116.229,4.3779],[116.2384,4.3783],[116.243,4.375],[116.2519,4.3764],[116.2523,4.3722],[116.261,4.3615],[116.2701,4.3629],[116.2772,4.3596],[116.2826,4.3618],[116.2913,4.3729],[116.3063,4.3694],[116.3175,4.3748],[116.3199,4.3811],[116.3243,4.3847],[116.3381,4.385],[116.3476,4.3906],[116.3541,4.3894],[116.364,4.3791],[116.3795,4.3736],[116.3808,4.3638],[116.3863,4.3575],[116.3921,4.3595],[116.394,4.3626],[116.4027,4.3581],[116.4066,4.346],[116.416,4.3351],[116.4194,4.3316],[116.428,4.3312],[116.4265,4.3066],[116.4362,4.2997],[116.4373,4.2904],[116.4418,4.2893],[116.4469,4.2908],[116.4524,4.2963],[116.4559,4.2973],[116.4594,4.2944],[116.4677,4.3002],[116.4762,4.3017],[116.4823,4.31],[116.4804,4.3139],[116.4854,4.321],[116.4845,4.3313],[116.488,4.3355],[116.4974,4.3338],[116.5048,4.3256],[116.5142,4.3241],[116.5237,4.3266],[116.5363,4.3199],[116.5396,4.334],[116.5279,4.3458],[116.5307,4.3496],[116.5341,4.3716],[116.5376,4.3776],[116.5449,4.3797],[116.548,4.3852],[116.5546,4.3845],[116.5626,4.3905],[116.5617,4.3991],[116.5647,4.4075],[116.5683,4.4064],[116.5854,4.3731],[116.5947,4.3729],[116.6035,4.3775],[116.6107,4.3773],[116.6141,4.3625],[116.6183,4.3559],[116.6154,4.3421],[116.6184,4.336],[116.6243,4.3373],[116.6293,4.3341],[116.6329,4.3369],[116.6385,4.3352],[116.6444,4.3395],[116.6515,4.3357],[116.6503,4.3409],[116.6653,4.3507],[116.6777,4.3378],[116.6955,4.3369],[116.6999,4.3323],[116.7066,4.3383],[116.7316,4.3497],[116.7393,4.3651],[116.7404,4.3789],[116.7526,4.387],[116.7712,4.3721],[116.7867,4.3407],[116.7915,4.337],[116.7974,4.3374],[116.8115,4.349],[116.8183,4.3436],[116.8254,4.3332],[116.8363,4.3272],[116.8419,4.3266],[116.8484,4.3376],[116.86,4.3363],[116.8627,4.3411],[116.8854,4.348],[116.9033,4.3651],[116.9205,4.3657],[116.9245,4.3605],[116.9409,4.3534],[116.9452,4.3568],[116.954,4.3552],[116.9692,4.3643],[116.9829,4.3796],[117.0078,4.375],[117.0224,4.3814],[117.0333,4.3963],[117.0443,4.4063],[117.0443,4.4172],[117.035,4.4259],[117.0259,4.4391],[117.0318,4.4476],[117.035,4.4483],[117.0406,4.46],[117.0521,4.4693],[117.0619,4.4958],[117.0739,4.5062],[117.0929,4.5368],[117.1168,4.5359],[117.1422,4.5467],[117.1206,4.5664],[117.1048,4.5655],[117.0855,4.5685],[117.0741,4.5617],[117.0568,4.5425],[117.0439,4.5375],[117.0358,4.5407],[117.0253,4.54],[117.0142,4.5542],[117.0083,4.5558],[117.0011,4.5694],[116.9892,4.5802],[116.9626,4.5814],[116.9564,4.5856],[116.946,4.5858],[116.9387,4.5816],[116.931,4.583],[116.917,4.5804],[116.9097,4.5842],[116.8984,4.5841],[116.885,4.5905],[116.8756,4.5901],[116.8693,4.6094],[116.873,4.6234],[116.8682,4.6344],[116.8703,4.6481],[116.8674,4.6495],[116.8742,4.6598],[116.8709,4.6706],[116.8781,4.6808],[116.868,4.7112],[116.851,4.7207],[116.8388,4.7207],[116.8311,4.7301],[116.8277,4.745],[116.8016,4.7687],[116.8015,4.7861],[116.7919,4.7999],[116.7705,4.8068],[116.7669,4.7835],[116.7594,4.7819],[116.7523,4.7852],[116.7412,4.7965],[116.6973,4.8011],[116.6846,4.7997],[116.6699,4.7901],[116.6631,4.7788],[116.6552,4.7757],[116.645,4.7758],[116.6414,4.7643],[116.6285,4.7507],[116.6291,4.7395],[116.6207,4.7303],[116.6062,4.7329],[116.5793,4.7463],[116.5819,4.7551],[116.5906,4.7649],[116.5892,4.7708],[116.5949,4.7864],[116.593,4.7885],[116.5754,4.7915],[116.572,4.7948],[116.5714,4.8035],[116.5566,4.8081],[116.5246,4.8889],[116.5327,4.8995],[116.5334,4.9105],[116.5309,4.928],[116.5258,4.9365],[116.5244,4.9478],[116.5263,4.9516],[116.5239,4.9656],[116.5415,4.9794],[116.5539,4.9999],[116.5483,5.01],[116.5421,5.0082],[116.5413,5.0358],[116.5457,5.0414],[116.5434,5.0454],[116.5456,5.053],[116.5312,5.0541],[116.5317,5.0592],[116.5255,5.0714],[116.5158,5.0802],[116.5109,5.0892],[116.4886,5.0939],[116.4717,5.1306],[116.4672,5.1291],[116.455,5.1319],[116.4533,5.1299],[116.4551,5.1248],[116.4529,5.1231],[116.4479,5.1244],[116.4501,5.1196],[116.4436,5.115],[116.4385,5.101],[116.4308,5.099],[116.4253,5.0941],[116.4211,5.096],[116.4122,5.0906],[116.4051,5.091],[116.4015,5.0878],[116.3918,5.09],[116.3891,5.0818],[116.3839,5.0829],[116.3832,5.0758],[116.3714,5.0726],[116.3697,5.0671],[116.3667,5.0655],[116.3712,5.0594],[116.3737,5.05],[116.3672,5.0467],[116.3633,5.0281],[116.342,5.0187],[116.3302,5.0076],[116.3066,5.0069],[116.2983,5.0105],[116.2923,5.0094],[116.2911,5.0153],[116.284,5.0139],[116.2836,5.0243],[116.2813,5.0257],[116.28,5.0231],[116.276,5.0227],[116.2757,5.0176],[116.272,5.0174],[116.2653,5.0104],[116.2596,5.0132],[116.2558,5.008],[116.2524,5.0086],[116.2521,5.0045],[116.25,5.0042],[116.2407,5.0075],[116.2382,5.0002],[116.2314,4.994],[116.233,4.9805],[116.2286,4.9716],[116.2316,4.9635],[116.2275,4.9584],[116.2284,4.9508],[116.2198,4.9495],[116.2089,4.9363],[116.2003,4.9355],[116.1996,4.9304],[116.1956,4.9274],[116.1969,4.9227],[116.1929,4.9199],[116.191,4.9051],[116.1863,4.902],[116.1881,4.9005],[116.1877,4.8906],[116.1835,4.8885],[116.1809,4.881],[116.1769,4.8805],[116.1777,4.8765],[116.1685,4.8678],[116.1692,4.8634],[116.1637,4.8611],[116.1645,4.8568],[116.1539,4.859],[116.1486,4.8544],[116.1408,4.8546],[116.1291,4.8563],[116.127,4.8631],[116.1214,4.8604],[116.1199,4.8567],[116.1124,4.8632],[116.0979,4.8587],[116.0843,4.8633]]]}},{"type":"Feature","properties":{"c":"N.47","n":"Telupid","w":"GRS","p":"PBS","cand":"Jonnybone J Kurum","pct":37.6},"geometry":{"type":"Polygon","coordinates":[[[116.8556,5.9258],[116.8555,5.9194],[116.8611,5.9124],[116.8662,5.9112],[116.8677,5.9067],[116.8661,5.8971],[116.8565,5.8827],[116.8583,5.8625],[116.8804,5.8492],[116.8982,5.847],[116.9102,5.8409],[116.9144,5.8352],[116.9336,5.8285],[116.9457,5.8201],[116.9604,5.8177],[116.9666,5.8107],[116.9685,5.802],[116.9799,5.7943],[116.9901,5.7725],[116.9955,5.7536],[117.0144,5.7315],[117.0245,5.726],[117.0277,5.7162],[117.0272,5.71],[117.0238,5.7074],[117.0151,5.7063],[117.0117,5.7081],[117.0104,5.7056],[117.0021,5.7046],[116.9854,5.6851],[116.974,5.6895],[116.9671,5.6867],[116.9605,5.6882],[116.9555,5.6803],[116.9383,5.6798],[116.9369,5.6763],[116.9335,5.6778],[116.9296,5.6734],[116.9151,5.6691],[116.9064,5.6707],[116.9045,5.6776],[116.9016,5.6778],[116.9006,5.6811],[116.8948,5.6806],[116.8915,5.6713],[116.8824,5.6633],[116.884,5.6538],[116.8884,5.6443],[116.8921,5.6419],[116.8914,5.6368],[116.8975,5.6299],[116.8978,5.6247],[116.9064,5.6267],[116.9145,5.6213],[116.9349,5.6196],[116.9423,5.6161],[116.9487,5.6076],[116.9538,5.6062],[116.956,5.6028],[116.9552,5.5993],[116.9592,5.5954],[116.9621,5.5847],[116.9642,5.5866],[116.9753,5.5809],[116.9895,5.5871],[116.9999,5.588],[117.0133,5.5752],[117.0274,5.5703],[117.0485,5.5723],[117.0497,5.5654],[117.0519,5.5733],[117.063,5.5721],[117.0775,5.5759],[117.0884,5.5736],[117.0914,5.5694],[117.0858,5.5515],[117.0915,5.5374],[117.1116,5.527],[117.1223,5.5265],[117.1423,5.5357],[117.1522,5.5375],[117.1582,5.531],[117.1644,5.5295],[117.1739,5.5308],[117.1842,5.5263],[117.1909,5.5261],[117.205,5.527],[117.2157,5.5318],[117.2249,5.5213],[117.2321,5.5208],[117.2425,5.5246],[117.2505,5.5203],[117.2633,5.5192],[117.2703,5.5237],[117.2721,5.5321],[117.275,5.5322],[117.28,5.5392],[117.2888,5.5371],[117.2883,5.546],[117.2932,5.5553],[117.3083,5.5547],[117.3023,5.5612],[117.3026,5.5885],[117.3122,5.5889],[117.3121,5.5949],[117.3198,5.5951],[117.3197,5.6089],[117.3291,5.6088],[117.329,5.6026],[117.3374,5.6028],[117.3373,5.6089],[117.3542,5.6065],[117.3709,5.6122],[117.3881,5.6237],[117.3766,5.6411],[117.3833,5.6445],[117.3778,5.6535],[117.3633,5.6559],[117.3561,5.6655],[117.3553,5.6724],[117.3572,5.6766],[117.3824,5.6836],[117.3841,5.6889],[117.402,5.6981],[117.4191,5.7025],[117.4304,5.6993],[117.4762,5.7025],[117.524,5.691],[117.5423,5.695],[117.5424,5.7067],[117.5213,5.7057],[117.5167,5.7091],[117.4994,5.7122],[117.493,5.7158],[117.4732,5.7153],[117.4616,5.7207],[117.4592,5.7182],[117.4522,5.7274],[117.442,5.7291],[117.4368,5.727],[117.4297,5.7295],[117.4268,5.7316],[117.4283,5.7385],[117.4333,5.7375],[117.4322,5.7437],[117.435,5.7478],[117.426,5.7548],[117.4073,5.7621],[117.4086,5.7675],[117.4213,5.7798],[117.4206,5.7837],[117.4168,5.7847],[117.4144,5.7806],[117.4129,5.7898],[117.4069,5.783],[117.4057,5.7874],[117.4004,5.7879],[117.3983,5.7856],[117.3955,5.7904],[117.3876,5.786],[117.3846,5.7926],[117.3811,5.7928],[117.3781,5.7987],[117.3724,5.797],[117.3596,5.807],[117.3605,5.8107],[117.3661,5.811],[117.3634,5.8184],[117.3827,5.8229],[117.3785,5.8306],[117.3824,5.8337],[117.3871,5.8328],[117.3908,5.827],[117.3978,5.8277],[117.402,5.8298],[117.3977,5.8319],[117.3981,5.8337],[117.4069,5.8338],[117.4046,5.8392],[117.4105,5.8364],[117.4089,5.8323],[117.4138,5.8338],[117.4171,5.8309],[117.4184,5.837],[117.4212,5.8381],[117.4221,5.834],[117.4194,5.8312],[117.4236,5.8274],[117.4295,5.8274],[117.426,5.8359],[117.4293,5.8383],[117.4346,5.8367],[117.4395,5.8453],[117.4344,5.8573],[117.4285,5.8571],[117.4278,5.8617],[117.4169,5.8748],[117.4198,5.876],[117.4181,5.8785],[117.42,5.8792],[117.4242,5.871],[117.4278,5.8736],[117.4228,5.8779],[117.4261,5.8797],[117.4337,5.8739],[117.4351,5.8827],[117.4373,5.8835],[117.4371,5.8904],[117.4288,5.8916],[117.4251,5.8976],[117.4139,5.8989],[117.4116,5.9085],[117.3999,5.9168],[117.3876,5.91],[117.383,5.9042],[117.3744,5.9045],[117.3593,5.9279],[117.3604,5.93],[117.3544,5.9339],[117.3536,5.9381],[117.3563,5.9425],[117.3482,5.9484],[117.3363,5.9515],[117.335,5.9567],[117.3285,5.9624],[117.3302,5.9687],[117.311,5.9882],[117.3092,5.9929],[117.3126,5.9984],[117.3108,5.9999],[117.2999,6.0005],[117.2953,5.9976],[117.2931,6.0008],[117.2796,6.0003],[117.2808,5.9943],[117.279,5.9924],[117.265,5.9877],[117.2505,5.9861],[117.2497,5.9756],[117.238,5.9705],[117.2317,5.9602],[117.21,5.9441],[117.2081,5.9379],[117.1964,5.9296],[117.1888,5.9104],[117.1665,5.8953],[117.1662,5.8919],[117.1605,5.8919],[117.1592,5.8853],[117.1519,5.8893],[117.1476,5.8837],[117.1442,5.8829],[117.1426,5.8763],[117.1485,5.868],[117.1476,5.8663],[117.1509,5.8647],[117.1513,5.8563],[117.149,5.8552],[117.1473,5.848],[117.1379,5.8393],[117.131,5.8365],[117.1239,5.8237],[117.1174,5.8428],[117.1117,5.8424],[117.1067,5.8479],[117.1027,5.8616],[117.0977,5.8657],[117.0964,5.8734],[117.1002,5.8973],[117.0889,5.9024],[117.0762,5.9036],[117.0691,5.9144],[117.0628,5.9148],[117.0596,5.9101],[117.0522,5.9167],[117.0403,5.9186],[117.0281,5.9175],[117.0184,5.9223],[117.0158,5.9268],[117.0198,5.9311],[117.0205,5.9416],[117.0135,5.9486],[117.0062,5.9519],[117.0069,5.9574],[117.0016,5.9633],[117.0026,5.9677],[116.9998,5.9767],[116.9916,5.9822],[116.9929,5.9878],[116.9952,5.9889],[116.991,5.9938],[116.9931,5.9958],[116.9843,5.9974],[116.9801,6.003],[116.9778,6.0005],[116.9733,6.0046],[116.9675,6.0024],[116.9672,5.9995],[116.9571,5.9971],[116.9325,5.9766],[116.9254,5.9766],[116.901,5.9586],[116.8873,5.9533],[116.8825,5.9473],[116.868,5.9403],[116.8658,5.9311],[116.8556,5.9258]]]}},{"type":"Feature","properties":{"c":"N.48","n":"Sugut","w":"GRS","p":"PGRS","cand":"James bin Ratib","pct":50.0},"geometry":{"type":"MultiPolygon","coordinates":[[[[117.0969,6.5185],[117.0973,6.5098],[117.101,6.5077],[117.1075,6.4891],[117.1061,6.4862],[117.1021,6.4864],[117.0904,6.4924],[117.0828,6.4882],[117.0811,6.4818],[117.0845,6.4718],[117.0927,6.4701],[117.0933,6.4647],[117.0927,6.4613],[117.0871,6.4572],[117.0884,6.4472],[117.0818,6.4319],[117.0787,6.4294],[117.0787,6.4262],[117.0843,6.4214],[117.0861,6.4005],[117.1016,6.3903],[117.1029,6.3871],[117.094,6.3607],[117.0894,6.3572],[117.0687,6.3651],[117.0617,6.3627],[117.0519,6.3539],[117.044,6.354],[117.0388,6.3487],[117.0301,6.3473],[117.0276,6.343],[117.0192,6.3474],[117.0087,6.3446],[117.0054,6.351],[116.9994,6.3533],[116.9883,6.3422],[116.9867,6.3371],[116.9742,6.3363],[116.9716,6.3292],[116.9566,6.3204],[116.9597,6.3109],[116.9561,6.3144],[116.9469,6.3127],[116.952,6.3016],[116.9961,6.2787],[116.9963,6.2757],[117.0015,6.274],[117.0065,6.2642],[117.011,6.2626],[117.0208,6.2491],[117.028,6.2459],[117.0288,6.239],[117.0321,6.2362],[117.0393,6.2384],[117.052,6.2332],[117.0524,6.2274],[117.0579,6.2239],[117.0643,6.2234],[117.0663,6.2273],[117.0716,6.2248],[117.0758,6.2274],[117.0903,6.2238],[117.0986,6.227],[117.1095,6.2059],[117.1116,6.209],[117.116,6.2095],[117.1228,6.2057],[117.1237,6.2015],[117.133,6.2041],[117.1373,6.1915],[117.1459,6.1955],[117.1473,6.2],[117.1523,6.1992],[117.1554,6.1903],[117.1512,6.182],[117.155,6.1831],[117.1715,6.1721],[117.1748,6.1742],[117.1784,6.1729],[117.1772,6.1587],[117.1825,6.1527],[117.1823,6.1483],[117.1767,6.1425],[117.1776,6.1286],[117.1714,6.1319],[117.1667,6.1283],[117.1582,6.1329],[117.1547,6.1284],[117.1602,6.1218],[117.1562,6.1219],[117.155,6.1179],[117.1449,6.1197],[117.1342,6.1119],[117.1275,6.1192],[117.1255,6.1183],[117.1255,6.1128],[117.1394,6.104],[117.1394,6.099],[117.1458,6.0887],[117.1632,6.0839],[117.1637,6.0732],[117.1699,6.0674],[117.1717,6.0596],[117.169,6.0504],[117.1638,6.0449],[117.1633,6.0395],[117.1584,6.0352],[117.161,6.0238],[117.1657,6.0238],[117.1589,6.0185],[117.1636,6.011],[117.131,5.9824],[117.1264,5.9731],[117.1325,5.9576],[117.1224,5.9358],[117.116,5.9335],[117.1137,5.9242],[117.104,5.9096],[117.1056,5.9051],[117.0987,5.894],[117.0964,5.8734],[117.0977,5.8657],[117.1027,5.8616],[117.1067,5.8479],[117.1117,5.8424],[117.1174,5.8428],[117.1239,5.8237],[117.131,5.8365],[117.1379,5.8393],[117.1473,5.848],[117.149,5.8552],[117.1513,5.8563],[117.1509,5.8647],[117.1476,5.8663],[117.1485,5.868],[117.1426,5.8763],[117.1442,5.8829],[117.1476,5.8837],[117.1519,5.8893],[117.1592,5.8853],[117.1605,5.8919],[117.1662,5.8919],[117.1665,5.8953],[117.1888,5.9104],[117.1964,5.9296],[117.2081,5.9379],[117.21,5.9441],[117.2317,5.9602],[117.238,5.9705],[117.2497,5.9756],[117.2505,5.9861],[117.265,5.9877],[117.279,5.9924],[117.2808,5.9943],[117.2796,6.0003],[117.2931,6.0008],[117.2953,5.9976],[117.2999,6.0005],[117.3123,5.9991],[117.3124,5.9955],[117.3092,5.9929],[117.311,5.9882],[117.3302,5.9687],[117.3285,5.9624],[117.335,5.9567],[117.3363,5.9515],[117.3482,5.9484],[117.3563,5.9425],[117.3536,5.9381],[117.3544,5.9339],[117.3604,5.93],[117.3593,5.9279],[117.3744,5.9045],[117.383,5.9042],[117.3876,5.91],[117.3999,5.9168],[117.4116,5.9085],[117.4148,5.8983],[117.4251,5.8976],[117.4288,5.8916],[117.4337,5.8899],[117.446,5.8925],[117.4478,5.8939],[117.4442,5.9094],[117.4507,5.9075],[117.4558,5.912],[117.453,5.9167],[117.4542,5.9195],[117.4516,5.9235],[117.4482,5.9209],[117.4469,5.9269],[117.4461,5.9382],[117.4502,5.9424],[117.4295,5.9636],[117.4331,5.9668],[117.4441,5.9678],[117.4521,5.9616],[117.455,5.9697],[117.4624,5.9704],[117.4577,5.9784],[117.458,5.9836],[117.4479,5.9809],[117.4496,5.988],[117.4467,5.991],[117.4465,5.997],[117.4521,5.9966],[117.4592,6.0006],[117.46,6.0054],[117.4529,6.007],[117.4539,6.0113],[117.4466,6.0138],[117.4534,6.0172],[117.4526,6.0305],[117.4434,6.0331],[117.4391,6.0277],[117.4281,6.0266],[117.4255,6.0314],[117.422,6.0326],[117.4131,6.0283],[117.4099,6.0333],[117.4012,6.03],[117.3988,6.0344],[117.4009,6.0387],[117.4062,6.0368],[117.414,6.0409],[117.4134,6.044],[117.409,6.0468],[117.4104,6.0556],[117.4288,6.0795],[117.4328,6.0811],[117.4363,6.0787],[117.4444,6.0859],[117.4543,6.0788],[117.4605,6.079],[117.4628,6.0926],[117.465,6.0926],[117.4661,6.0987],[117.4587,6.1019],[117.4589,6.1052],[117.4723,6.1183],[117.4779,6.1168],[117.4774,6.1229],[117.4745,6.1233],[117.4725,6.1298],[117.4787,6.1337],[117.4787,6.1363],[117.4688,6.1445],[117.4781,6.1617],[117.4754,6.1672],[117.4796,6.1753],[117.4751,6.1847],[117.4722,6.1859],[117.4713,6.1834],[117.4667,6.1864],[117.4762,6.1939],[117.4757,6.1977],[117.481,6.2049],[117.4823,6.2117],[117.4997,6.2189],[117.5023,6.2225],[117.5025,6.2285],[117.5097,6.2298],[117.5127,6.2255],[117.5172,6.2278],[117.5214,6.2259],[117.5368,6.2264],[117.5627,6.235],[117.5632,6.2414],[117.5589,6.2452],[117.5687,6.2506],[117.5716,6.2604],[117.584,6.2688],[117.585,6.2756],[117.6039,6.2842],[117.6067,6.2949],[117.6246,6.3186],[117.637,6.3192],[117.6404,6.3173],[117.6554,6.3225],[117.6784,6.3199],[117.6856,6.3235],[117.7021,6.3199],[117.7121,6.3316],[117.7165,6.3215],[117.7205,6.326],[117.7291,6.3248],[117.7207,6.3421],[117.7215,6.3467],[117.719,6.3477],[117.7213,6.375],[117.7252,6.3937],[117.7307,6.3887],[117.7328,6.39],[117.7416,6.4262],[117.7298,6.4362],[117.7307,6.4417],[117.7108,6.4516],[117.6923,6.4713],[117.6892,6.4719],[117.6849,6.4682],[117.6779,6.476],[117.6647,6.4839],[117.6587,6.4992],[117.6542,6.5],[117.6488,6.4973],[117.6425,6.4988],[117.6313,6.5112],[117.6254,6.5116],[117.6155,6.5075],[117.606,6.5091],[117.6022,6.5074],[117.6041,6.513],[117.5994,6.511],[117.5873,6.5191],[117.583,6.5196],[117.5624,6.5329],[117.5576,6.5384],[117.5548,6.5391],[117.5514,6.5364],[117.5585,6.5519],[117.5431,6.5562],[117.5433,6.5657],[117.5348,6.5742],[117.5336,6.5843],[117.5294,6.5935],[117.5255,6.5963],[117.5217,6.6309],[117.5139,6.6251],[117.5003,6.5993],[117.4855,6.5818],[117.4731,6.5554],[117.4665,6.5561],[117.4594,6.5602],[117.4515,6.5561],[117.4421,6.5575],[117.4296,6.5553],[117.4254,6.5563],[117.4239,6.5612],[117.4125,6.5592],[117.4028,6.5668],[117.4014,6.5728],[117.3974,6.5765],[117.4,6.5825],[117.3938,6.59],[117.3962,6.5987],[117.3896,6.5969],[117.3891,6.6019],[117.3784,6.6052],[117.3774,6.6104],[117.3705,6.6063],[117.3617,6.6074],[117.3627,6.61],[117.3597,6.6107],[117.3579,6.6178],[117.3539,6.6193],[117.3519,6.6146],[117.3333,6.6065],[117.3268,6.6124],[117.3223,6.6213],[117.3183,6.6201],[117.318,6.6145],[117.3165,6.6152],[117.3125,6.6083],[117.3075,6.6083],[117.303,6.6129],[117.3001,6.6062],[117.298,6.608],[117.2936,6.6066],[117.2902,6.6095],[117.269,6.6071],[117.2683,6.6003],[117.2748,6.5951],[117.2827,6.5934],[117.2828,6.5904],[117.2739,6.5896],[117.2729,6.5807],[117.269,6.5765],[117.2633,6.579],[117.2485,6.5778],[117.2464,6.5809],[117.243,6.5808],[117.2416,6.5779],[117.2309,6.5761],[117.2294,6.5732],[117.219,6.5681],[117.206,6.5533],[117.1942,6.5516],[117.1802,6.5557],[117.1685,6.5644],[117.159,6.5646],[117.151,6.5565],[117.1311,6.5518],[117.1317,6.5433],[117.1252,6.5426],[117.124,6.5399],[117.1241,6.5355],[117.1271,6.5317],[117.1232,6.5334],[117.1207,6.5308],[117.1162,6.5311],[117.1048,6.5389],[117.1005,6.5392],[117.1006,6.524],[117.0969,6.5185]]],[[[117.3983,6.5953],[117.405,6.6012],[117.4018,6.6108],[117.3983,6.5953]]],[[[117.472,6.7574],[117.4658,6.7554],[117.463,6.7515],[117.447,6.7467],[117.4128,6.7538],[117.3932,6.7439],[117.3883,6.739],[117.3864,6.7325],[117.3929,6.7262],[117.3917,6.7188],[117.3935,6.7136],[117.4044,6.7117],[117.4119,6.7066],[117.4248,6.7053],[117.4328,6.694],[117.4364,6.6931],[117.4346,6.6902],[117.4066,6.6737],[117.3779,6.6813],[117.355,6.6824],[117.3317,6.6734],[117.3262,6.6661],[117.3257,6.656],[117.347,6.6362],[117.3696,6.635],[117.3819,6.6319],[117.3865,6.6265],[117.3942,6.6244],[117.3997,6.6183],[117.4136,6.6246],[117.4328,6.6238],[117.4393,6.6296],[117.4401,6.6339],[117.4459,6.6317],[117.4526,6.6385],[117.4708,6.6406],[117.4893,6.6472],[117.4952,6.6542],[117.5012,6.6563],[117.5106,6.6699],[117.5099,6.6918],[117.4955,6.707],[117.4889,6.7232],[117.4815,6.7292],[117.4804,6.7348],[117.4767,6.7373],[117.4758,6.7519],[117.472,6.7574]]]]}},{"type":"Feature","properties":{"c":"N.49","n":"Labuk","w":"GRS","p":"PGRS","cand":"Samad bin Jambri","pct":31.7},"geometry":{"type":"MultiPolygon","coordinates":[[[[117.5683,5.9136],[117.5718,5.9113],[117.5836,5.9172],[117.5781,5.918],[117.5683,5.9136]]],[[[117.6527,5.9306],[117.6434,5.9302],[117.6361,5.9199],[117.6403,5.9185],[117.6533,5.9207],[117.6496,5.9255],[117.6527,5.9306]]],[[[117.6931,5.9483],[117.6984,5.9579],[117.6833,5.9547],[117.6816,5.9492],[117.6838,5.943],[117.6887,5.9438],[117.6931,5.9483]]],[[[117.7065,6.0354],[117.7018,6.0337],[117.6985,6.0371],[117.6997,6.048],[117.6968,6.0496],[117.693,6.0382],[117.6971,6.0284],[117.6968,6.0236],[117.7022,6.0202],[117.6968,6.0186],[117.6955,6.0135],[117.6908,6.011],[117.686,5.9898],[117.6875,5.9658],[117.6817,5.9603],[117.6678,5.9546],[117.6624,5.9432],[117.664,5.941],[117.6779,5.9419],[117.6829,5.9551],[117.6966,5.9611],[117.7065,5.9762],[117.7155,5.9833],[117.7176,5.9978],[117.7091,6.018],[117.7157,6.0142],[117.7183,6.016],[117.7248,6.024],[117.7249,6.0321],[117.72,6.036],[117.7065,6.0354]]],[[[117.54,5.6936],[117.544,5.6917],[117.5557,5.6965],[117.5969,5.7003],[117.622,5.7172],[117.6794,5.7171],[117.6874,5.7239],[117.6843,5.7349],[117.6929,5.736],[117.6867,5.7413],[117.6866,5.7441],[117.6824,5.7455],[117.6716,5.7475],[117.6633,5.7442],[117.6597,5.7579],[117.6574,5.7593],[117.6415,5.7586],[117.6338,5.7849],[117.6614,5.7956],[117.646,5.8051],[117.6266,5.8132],[117.6242,5.835],[117.6285,5.8394],[117.628,5.8421],[117.6237,5.8497],[117.6195,5.8496],[117.622,5.853],[117.6222,5.8599],[117.612,5.8612],[117.6077,5.8742],[117.616,5.8775],[117.6151,5.8899],[117.6236,5.8966],[117.6019,5.9052],[117.5949,5.9058],[117.5535,5.8976],[117.5408,5.8912],[117.5073,5.8826],[117.504,5.8825],[117.5037,5.8891],[117.5078,5.8878],[117.5282,5.896],[117.584,5.9249],[117.5972,5.9191],[117.6282,5.9217],[117.6389,5.9335],[117.6332,5.9372],[117.6426,5.9365],[117.6476,5.9392],[117.6583,5.9558],[117.6685,5.963],[117.6817,5.9681],[117.6786,5.9987],[117.6707,6.0043],[117.6581,6.0054],[117.653,6.0186],[117.6468,6.0239],[117.6395,6.0253],[117.6315,6.0083],[117.6245,6.0089],[117.6283,6.0224],[117.6246,6.0268],[117.6249,6.0335],[117.6343,6.0463],[117.644,6.0544],[117.6453,6.0527],[117.6536,6.0527],[117.6578,6.057],[117.6587,6.066],[117.656,6.0744],[117.6506,6.0775],[117.6424,6.1001],[117.6367,6.1056],[117.6095,6.1024],[117.6292,6.108],[117.6348,6.1134],[117.6346,6.1171],[117.6283,6.1199],[117.6148,6.1332],[117.6104,6.1428],[117.6127,6.1465],[117.6083,6.1547],[117.607,6.1645],[117.5945,6.169],[117.5826,6.1776],[117.6067,6.2054],[117.6154,6.2114],[117.6318,6.2177],[117.6333,6.2222],[117.6317,6.2286],[117.6336,6.2314],[117.6415,6.2324],[117.6446,6.2368],[117.6578,6.2374],[117.6659,6.2443],[117.6797,6.2398],[117.6809,6.237],[117.6966,6.2345],[117.705,6.2296],[117.715,6.2389],[117.7231,6.2511],[117.7222,6.2561],[117.7199,6.2549],[117.7152,6.2642],[117.7199,6.2726],[117.731,6.28],[117.7265,6.2937],[117.732,6.3033],[117.7291,6.3248],[117.7205,6.326],[117.7165,6.3215],[117.7136,6.3314],[117.7021,6.3199],[117.6856,6.3235],[117.6784,6.3199],[117.6554,6.3225],[117.6404,6.3173],[117.637,6.3192],[117.6246,6.3186],[117.6067,6.2949],[117.6039,6.2842],[117.585,6.2756],[117.584,6.2688],[117.5716,6.2604],[117.5687,6.2506],[117.5589,6.2452],[117.5632,6.2414],[117.5627,6.235],[117.5368,6.2264],[117.5214,6.2259],[117.5172,6.2278],[117.5127,6.2255],[117.5074,6.23],[117.5025,6.2285],[117.5023,6.2225],[117.4997,6.2189],[117.4823,6.2117],[117.481,6.2049],[117.4757,6.1977],[117.4762,6.1939],[117.4667,6.1864],[117.4713,6.1834],[117.4722,6.1859],[117.4751,6.1847],[117.4796,6.1753],[117.4754,6.1672],[117.4781,6.1617],[117.4688,6.1445],[117.4787,6.1363],[117.4787,6.1337],[117.4725,6.1298],[117.4784,6.1183],[117.4779,6.1168],[117.4723,6.1183],[117.4589,6.1052],[117.4587,6.1019],[117.4661,6.0987],[117.465,6.0926],[117.4628,6.0926],[117.4605,6.079],[117.4543,6.0788],[117.4444,6.0859],[117.4363,6.0787],[117.4328,6.0811],[117.4288,6.0795],[117.4104,6.0556],[117.409,6.0468],[117.4134,6.044],[117.414,6.0409],[117.4062,6.0368],[117.4009,6.0387],[117.3988,6.0344],[117.4012,6.03],[117.4099,6.0333],[117.4131,6.0283],[117.422,6.0326],[117.4255,6.0314],[117.4281,6.0266],[117.4391,6.0277],[117.4434,6.0331],[117.4526,6.0305],[117.4534,6.0172],[117.4466,6.0138],[117.4539,6.0113],[117.4529,6.007],[117.46,6.0054],[117.4592,6.0006],[117.4521,5.9966],[117.4465,5.997],[117.4467,5.991],[117.4496,5.988],[117.4479,5.9809],[117.458,5.9836],[117.4577,5.9784],[117.4624,5.9704],[117.455,5.9697],[117.4521,5.9616],[117.4441,5.9678],[117.4331,5.9668],[117.4295,5.9636],[117.4502,5.9424],[117.4461,5.9382],[117.4469,5.9269],[117.4482,5.9209],[117.4516,5.9235],[117.4542,5.9195],[117.453,5.9167],[117.4558,5.912],[117.4507,5.9075],[117.4442,5.9094],[117.4478,5.8939],[117.4371,5.8904],[117.4373,5.8835],[117.4351,5.8827],[117.4337,5.8739],[117.4261,5.8797],[117.4228,5.8779],[117.4278,5.8736],[117.4242,5.871],[117.42,5.8792],[117.4181,5.8785],[117.4198,5.876],[117.4169,5.8748],[117.4278,5.8617],[117.4285,5.8571],[117.4344,5.8573],[117.4395,5.8453],[117.4346,5.8367],[117.4293,5.8383],[117.426,5.8359],[117.4295,5.8274],[117.4236,5.8274],[117.4194,5.8312],[117.4221,5.834],[117.4212,5.8381],[117.4184,5.837],[117.4171,5.8309],[117.4138,5.8338],[117.4089,5.8323],[117.4105,5.8364],[117.4046,5.8392],[117.4069,5.8338],[117.3981,5.8337],[117.3977,5.8319],[117.402,5.8298],[117.3978,5.8277],[117.3908,5.827],[117.3871,5.8328],[117.3824,5.8337],[117.3785,5.8306],[117.3827,5.8229],[117.3634,5.8184],[117.3661,5.811],[117.3605,5.8107],[117.3596,5.807],[117.3724,5.797],[117.3781,5.7987],[117.3811,5.7928],[117.3846,5.7926],[117.3876,5.786],[117.3955,5.7904],[117.3983,5.7856],[117.4004,5.7879],[117.4057,5.7874],[117.4069,5.783],[117.4129,5.7898],[117.4144,5.7806],[117.4168,5.7847],[117.4206,5.7837],[117.4213,5.7798],[117.4086,5.7675],[117.4073,5.7621],[117.426,5.7548],[117.435,5.7478],[117.4322,5.7437],[117.4333,5.7375],[117.4283,5.7385],[117.4268,5.7316],[117.4297,5.7295],[117.4368,5.727],[117.442,5.7291],[117.4522,5.7274],[117.4592,5.7182],[117.4616,5.7207],[117.4732,5.7153],[117.493,5.7158],[117.4994,5.7122],[117.5167,5.7091],[117.5213,5.7057],[117.5424,5.7067],[117.5427,5.6963],[117.54,5.6936]]],[[[117.606,6.1787],[117.5945,6.1842],[117.5875,6.1784],[117.606,6.1787]]],[[[117.6437,6.2073],[117.648,6.2067],[117.6523,6.2129],[117.6573,6.2292],[117.6531,6.2326],[117.6423,6.2283],[117.6382,6.2166],[117.6437,6.2073]]],[[[117.7219,6.2267],[117.7238,6.2255],[117.7281,6.2279],[117.7282,6.2445],[117.7306,6.2527],[117.7246,6.2711],[117.7228,6.2705],[117.7274,6.2532],[117.7228,6.2421],[117.725,6.2339],[117.7219,6.2267]]]]}},{"type":"Feature","properties":{"c":"N.50","n":"Gum-Gum","w":"WARISAN","p":"WARISAN","cand":"Arunarnsin bin Taib","pct":26.2},"geometry":{"type":"MultiPolygon","coordinates":[[[[117.6874,5.7239],[117.6868,5.714],[117.6929,5.7115],[117.6958,5.7065],[117.7054,5.7078],[117.7055,5.7048],[117.7121,5.7017],[117.7136,5.6981],[117.718,5.7001],[117.7212,5.6973],[117.7231,5.6991],[117.7354,5.6985],[117.7405,5.7054],[117.7443,5.7064],[117.7469,5.7042],[117.751,5.7083],[117.7558,5.7042],[117.7633,5.7088],[117.7704,5.7025],[117.7729,5.7029],[117.772,5.7062],[117.7753,5.7067],[117.7747,5.7095],[117.7842,5.7061],[117.7856,5.7113],[117.7989,5.7146],[117.8041,5.7214],[117.8084,5.7195],[117.8093,5.7215],[117.8068,5.7227],[117.8092,5.7253],[117.7925,5.7528],[117.7965,5.7613],[117.8081,5.7673],[117.8309,5.7695],[117.8401,5.7751],[117.8447,5.7858],[117.8475,5.7871],[117.8516,5.786],[117.8501,5.7831],[117.8566,5.784],[117.8567,5.7809],[117.8588,5.7813],[117.8617,5.786],[117.8593,5.7904],[117.8623,5.7937],[117.866,5.7921],[117.8685,5.7953],[117.8724,5.7946],[117.8751,5.8],[117.8851,5.7985],[117.8915,5.8001],[117.8888,5.8115],[117.892,5.8168],[117.9114,5.8174],[117.9119,5.8576],[117.9142,5.8674],[117.9346,5.8666],[117.9353,5.8698],[117.9438,5.8695],[117.9495,5.8683],[117.9493,5.8635],[117.9775,5.8617],[117.9769,5.8561],[117.9843,5.8552],[117.9876,5.8604],[117.9957,5.8622],[117.9962,5.8547],[117.9993,5.8511],[117.9926,5.8447],[117.993,5.8421],[117.9998,5.8439],[118.0032,5.8405],[118.0015,5.837],[118.0112,5.834],[118.0177,5.8447],[118.0138,5.852],[118.0202,5.8602],[118.0298,5.8663],[118.0315,5.8644],[118.0347,5.8665],[118.039,5.8611],[118.0438,5.8625],[118.0485,5.8713],[118.055,5.8652],[118.0585,5.8675],[118.0553,5.8759],[118.0406,5.8839],[118.0054,5.8847],[117.9989,5.8829],[117.9931,5.886],[117.9765,5.888],[117.9784,5.8944],[117.9742,5.9091],[117.9831,5.9113],[117.9831,5.9216],[117.9769,5.9255],[117.9719,5.9253],[117.9725,5.9349],[117.9745,5.9424],[117.9871,5.9503],[117.9811,5.9627],[117.9815,5.9664],[117.992,5.9726],[117.9792,5.9925],[117.9884,5.9935],[117.9887,6.0104],[118.0064,6.0112],[118.0047,6.0271],[117.994,6.0288],[117.9923,6.0366],[117.9864,6.0366],[117.9857,6.0391],[117.9814,6.0396],[117.9789,6.0447],[117.972,6.0454],[117.9679,6.0357],[117.9543,6.0298],[117.9521,6.0198],[117.9398,6.0163],[117.9255,6.0005],[117.9089,5.9949],[117.9077,5.9889],[117.8981,5.9785],[117.9062,5.9696],[117.9058,5.9669],[117.893,5.9499],[117.887,5.9464],[117.8387,5.9363],[117.7696,5.9402],[117.757,5.9385],[117.7575,5.9259],[117.7705,5.9106],[117.766,5.9042],[117.755,5.9045],[117.7535,5.9003],[117.7416,5.8997],[117.7372,5.8969],[117.7335,5.8986],[117.712,5.897],[117.7113,5.8992],[117.7078,5.8983],[117.6797,5.9095],[117.6377,5.8979],[117.6236,5.8966],[117.6174,5.8934],[117.6141,5.8858],[117.6167,5.8786],[117.6077,5.8742],[117.612,5.8612],[117.6222,5.8599],[117.622,5.853],[117.6195,5.8496],[117.6237,5.8497],[117.628,5.8421],[117.6285,5.8394],[117.6242,5.835],[117.6266,5.8132],[117.646,5.8051],[117.6614,5.7956],[117.6338,5.7849],[117.6415,5.7586],[117.6597,5.7579],[117.6633,5.7442],[117.6716,5.7475],[117.6866,5.7441],[117.6867,5.7413],[117.6929,5.736],[117.6843,5.7349],[117.6874,5.7239]]],[[[118.012,6.1104],[118.0143,6.1085],[118.0201,6.109],[118.0319,6.12],[118.0214,6.1233],[118.018,6.1201],[118.0174,6.1153],[118.01,6.113],[118.012,6.1104]]]]}},{"type":"Feature","properties":{"c":"N.51","n":"Sungai Manila","w":"GRS","p":"PGRS","cand":"Hazem Mubarak bin Musa","pct":37.9},"geometry":{"type":"Polygon","coordinates":[[[118.0342,5.8836],[118.0334,5.8878],[118.0353,5.8913],[118.0381,5.8913],[118.0384,5.8957],[118.0285,5.8968],[118.0293,5.9067],[118.0265,5.9074],[118.0264,5.9105],[118.035,5.917],[118.0444,5.9326],[118.0477,5.9344],[118.0474,5.9372],[118.0508,5.9392],[118.0512,5.948],[118.0553,5.9458],[118.0574,5.9486],[118.0617,5.9642],[118.0416,5.9888],[118.0343,6.0027],[118.0346,6.0065],[118.0425,6.0121],[118.0416,6.0241],[118.0457,6.0285],[118.0464,6.0343],[118.0414,6.0363],[118.0302,6.029],[118.0138,6.0262],[118.015,6.0289],[118.0117,6.0322],[118.013,6.0377],[118.0094,6.0546],[118.011,6.059],[117.9909,6.0614],[117.9824,6.0686],[117.9819,6.0616],[117.9778,6.0573],[117.9704,6.0555],[117.9736,6.0453],[117.9789,6.0447],[117.9814,6.0396],[117.9857,6.0391],[117.9864,6.0366],[117.9923,6.0366],[117.994,6.0288],[118.0047,6.0271],[118.0038,6.0223],[118.0066,6.0131],[118.0064,6.0112],[117.9887,6.0104],[117.9884,5.9935],[117.9792,5.9925],[117.992,5.9726],[117.9815,5.9664],[117.9811,5.9627],[117.9871,5.9503],[117.9745,5.9424],[117.9725,5.9349],[117.9719,5.9253],[117.9769,5.9255],[117.9831,5.9216],[117.9831,5.9113],[117.9742,5.9091],[117.9784,5.8944],[117.9765,5.888],[117.9931,5.886],[117.9989,5.8829],[118.0054,5.8847],[118.0342,5.8836]]]}},{"type":"Feature","properties":{"c":"N.52","n":"Sungai Sibuga","w":"WARISAN","p":"WARISAN","cand":"Nurulalsah binti Hassan Alban","pct":30.2},"geometry":{"type":"MultiPolygon","coordinates":[[[[118.0585,5.8675],[118.061,5.8635],[118.0655,5.8638],[118.0681,5.8703],[118.0846,5.8716],[118.0853,5.8761],[118.0909,5.8763],[118.099,5.8825],[118.0919,5.8994],[118.0981,5.9006],[118.1009,5.9048],[118.097,5.9093],[118.0864,5.9028],[118.082,5.9038],[118.0626,5.9166],[118.0585,5.9165],[118.057,5.9241],[118.0488,5.9249],[118.0435,5.9295],[118.035,5.917],[118.0264,5.9105],[118.0265,5.9074],[118.0293,5.9067],[118.0279,5.8976],[118.0384,5.8957],[118.0381,5.8913],[118.0353,5.8913],[118.0334,5.8878],[118.0342,5.8836],[118.0406,5.8839],[118.0553,5.8759],[118.0585,5.8675]]],[[[118.1101,5.927],[118.1055,5.9274],[118.1044,5.924],[118.101,5.9235],[118.1048,5.9172],[118.1032,5.9137],[118.1107,5.9147],[118.1148,5.9182],[118.1151,5.9209],[118.1101,5.927]]],[[[118.0444,5.93],[118.0535,5.9274],[118.0533,5.94],[118.0588,5.9406],[118.0691,5.952],[118.0691,5.9596],[118.0665,5.9619],[118.0617,5.9642],[118.0585,5.957],[118.0593,5.9517],[118.0553,5.9458],[118.0512,5.948],[118.0508,5.9392],[118.0482,5.9384],[118.0444,5.93]]]]}},{"type":"Feature","properties":{"c":"N.53","n":"Sekong","w":"WARISAN","p":"WARISAN","cand":"Alias bin Sani","pct":40.3},"geometry":{"type":"MultiPolygon","coordinates":[[[[117.7131,5.6997],[117.7102,5.6979],[117.7112,5.6929],[117.7073,5.6895],[117.7148,5.6846],[117.7111,5.6763],[117.7397,5.6748],[117.7533,5.6816],[117.7634,5.681],[117.7832,5.6693],[117.7913,5.6693],[117.8019,5.6744],[117.8168,5.686],[117.8253,5.6739],[117.8298,5.6539],[117.8297,5.6462],[117.8237,5.6354],[117.8221,5.6136],[117.8242,5.6079],[117.8295,5.6051],[117.845,5.6039],[117.868,5.6256],[117.9049,5.6545],[117.9122,5.6485],[117.9156,5.6505],[117.9204,5.6439],[117.928,5.6404],[117.9321,5.644],[117.9327,5.639],[117.9387,5.6377],[117.9384,5.6352],[117.9417,5.6376],[117.9483,5.6356],[117.9339,5.6148],[117.9345,5.6125],[117.9432,5.6124],[117.9429,5.609],[117.9457,5.6081],[117.9696,5.6151],[117.9676,5.6161],[117.9715,5.6235],[117.9697,5.624],[117.9717,5.6282],[117.9698,5.6341],[117.9722,5.6377],[117.9685,5.6374],[117.9708,5.6408],[117.9654,5.6404],[117.9682,5.6462],[117.9654,5.6475],[117.968,5.6512],[117.9707,5.6511],[117.973,5.657],[117.9777,5.6586],[117.9777,5.665],[117.9854,5.6702],[117.9898,5.681],[117.9856,5.6819],[117.9775,5.677],[117.9642,5.6806],[117.9666,5.6708],[117.9598,5.6645],[117.9567,5.6549],[117.9557,5.6575],[117.9595,5.6656],[117.9656,5.673],[117.9624,5.6791],[117.9525,5.6793],[117.9449,5.664],[117.9485,5.6555],[117.9538,5.6541],[117.9462,5.6479],[117.9389,5.6473],[117.9497,5.6519],[117.9446,5.6596],[117.9427,5.6587],[117.9422,5.6647],[117.9246,5.6546],[117.9224,5.6553],[117.9423,5.6669],[117.9422,5.6735],[117.933,5.6738],[117.9324,5.6756],[117.9437,5.6787],[117.9469,5.6846],[117.9547,5.6894],[117.9515,5.6921],[117.9457,5.6923],[117.9415,5.6913],[117.9386,5.6871],[117.9355,5.6962],[117.9215,5.6931],[117.9367,5.6984],[117.9365,5.7048],[117.9341,5.706],[117.9389,5.7132],[117.9373,5.7165],[117.9188,5.7114],[117.9282,5.716],[117.9304,5.7195],[117.9465,5.7193],[117.9498,5.7251],[117.9467,5.7332],[117.9285,5.7365],[117.924,5.7395],[117.9156,5.737],[117.9007,5.7461],[117.9089,5.7501],[117.913,5.757],[117.9085,5.7595],[117.8966,5.7558],[117.894,5.7576],[117.8954,5.7681],[117.9095,5.7736],[117.9022,5.7842],[117.8992,5.7847],[117.8975,5.7823],[117.8986,5.7848],[117.8954,5.789],[117.8979,5.7905],[117.8932,5.794],[117.909,5.7939],[117.9101,5.7994],[117.9172,5.8013],[117.9418,5.7937],[117.961,5.796],[117.9601,5.7998],[117.9512,5.8052],[117.9518,5.8137],[117.9536,5.8062],[117.956,5.8053],[117.9629,5.8084],[117.9644,5.8128],[117.9665,5.8041],[117.9685,5.8057],[117.9725,5.804],[117.9752,5.8065],[117.9927,5.8047],[117.9968,5.8084],[118.002,5.8091],[118.001,5.813],[118.0049,5.8149],[118.0082,5.8285],[118.0068,5.8054],[118.0085,5.8001],[118.0191,5.7905],[118.0254,5.7923],[118.0277,5.7897],[118.0313,5.7902],[118.0418,5.797],[118.0507,5.7993],[118.0534,5.8041],[118.0569,5.8055],[118.0563,5.8076],[118.0648,5.8054],[118.0684,5.8076],[118.0708,5.8123],[118.0685,5.812],[118.0697,5.8183],[118.0766,5.8192],[118.0772,5.829],[118.0727,5.8302],[118.0631,5.8415],[118.0721,5.8559],[118.0664,5.8589],[118.0659,5.8537],[118.0607,5.8549],[118.0635,5.8556],[118.063,5.8591],[118.0485,5.8713],[118.0421,5.8619],[118.039,5.8611],[118.0347,5.8665],[118.0315,5.8644],[118.0298,5.8663],[118.0147,5.8545],[118.0142,5.8501],[118.0176,5.8438],[118.0112,5.834],[118.0015,5.837],[118.0032,5.8405],[117.9998,5.8439],[117.993,5.8421],[117.9926,5.8447],[117.9993,5.8511],[117.9962,5.8547],[117.9957,5.8622],[117.9876,5.8604],[117.9843,5.8552],[117.9769,5.8561],[117.9775,5.8617],[117.9493,5.8635],[117.9495,5.8683],[117.9438,5.8695],[117.9353,5.8698],[117.9346,5.8666],[117.9142,5.8674],[117.9119,5.8576],[117.9114,5.8174],[117.892,5.8168],[117.8888,5.8115],[117.8915,5.8001],[117.8851,5.7985],[117.8751,5.8],[117.8724,5.7946],[117.8685,5.7953],[117.866,5.7921],[117.8623,5.7937],[117.8593,5.7904],[117.8617,5.786],[117.8588,5.7813],[117.8567,5.7809],[117.8566,5.784],[117.8501,5.7831],[117.8516,5.786],[117.8475,5.7871],[117.8447,5.7858],[117.8401,5.7751],[117.8309,5.7695],[117.8081,5.7673],[117.7965,5.7613],[117.7925,5.7528],[117.8092,5.7253],[117.8068,5.7227],[117.8093,5.7215],[117.8084,5.7195],[117.8041,5.7214],[117.7989,5.7146],[117.7856,5.7113],[117.7842,5.7061],[117.7747,5.7095],[117.7753,5.7067],[117.772,5.7062],[117.7729,5.7029],[117.7704,5.7025],[117.7633,5.7088],[117.7558,5.7042],[117.751,5.7083],[117.7469,5.7042],[117.7443,5.7064],[117.7405,5.7054],[117.7342,5.6982],[117.7191,5.6975],[117.718,5.7001],[117.7146,5.6977],[117.7131,5.6997]]],[[[117.9204,5.7487],[117.9071,5.7459],[117.9109,5.7431],[117.9255,5.7448],[117.9204,5.7487]]],[[[117.917,5.7731],[117.8968,5.7663],[117.895,5.7576],[117.9041,5.7583],[117.9089,5.7633],[117.9177,5.7672],[117.9204,5.7723],[117.917,5.7731]]],[[[117.9447,5.7647],[117.9425,5.7701],[117.9356,5.7683],[117.9389,5.7616],[117.9424,5.7607],[117.9447,5.7647]]],[[[117.9334,5.7919],[117.9168,5.7987],[117.9135,5.7974],[117.9106,5.7916],[117.9134,5.789],[117.9177,5.7902],[117.9136,5.786],[117.9148,5.7829],[117.9231,5.7779],[117.9409,5.7787],[117.9478,5.7764],[117.9525,5.7708],[117.9615,5.75],[117.971,5.7426],[117.9845,5.7442],[118.0018,5.7423],[118.0057,5.7491],[118.0149,5.7549],[118.017,5.7671],[118.0158,5.7739],[118.01,5.7726],[118.0114,5.7682],[118.0071,5.7717],[118.0026,5.7669],[118.0059,5.776],[117.9986,5.7746],[117.9937,5.7788],[117.9896,5.7788],[117.9907,5.7853],[117.9865,5.7807],[117.9796,5.7882],[117.9761,5.7866],[117.9638,5.7902],[117.9391,5.7895],[117.9334,5.7919]]]]}},{"type":"Feature","properties":{"c":"N.54","n":"Karamunting","w":"WARISAN","p":"WARISAN","cand":"Wong Tshun Khee","pct":37.8},"geometry":{"type":"Polygon","coordinates":[[[118.0684,5.8076],[118.0827,5.8083],[118.0802,5.8102],[118.0841,5.8167],[118.0845,5.828],[118.093,5.8306],[118.0958,5.8341],[118.1171,5.8375],[118.1161,5.8391],[118.1106,5.8381],[118.1104,5.8445],[118.0951,5.8421],[118.0947,5.8437],[118.0996,5.8452],[118.0982,5.8519],[118.0949,5.8554],[118.0897,5.852],[118.085,5.8551],[118.0838,5.8477],[118.0809,5.8519],[118.081,5.8567],[118.0742,5.8537],[118.0714,5.8464],[118.0685,5.8465],[118.0676,5.8418],[118.0701,5.8392],[118.0679,5.8364],[118.0727,5.8302],[118.0772,5.829],[118.0759,5.8271],[118.0784,5.8255],[118.0766,5.8192],[118.0697,5.8183],[118.0685,5.812],[118.0708,5.8123],[118.0684,5.8076]]]}},{"type":"Feature","properties":{"c":"N.55","n":"Elopura","w":"WARISAN","p":"WARISAN","cand":"Calvin Chong Ket Kiun","pct":45.1},"geometry":{"type":"Polygon","coordinates":[[[118.055,5.8652],[118.063,5.8591],[118.0635,5.8556],[118.0607,5.8549],[118.0659,5.8537],[118.0664,5.8589],[118.0721,5.8559],[118.0631,5.8415],[118.0679,5.8364],[118.0701,5.8392],[118.0676,5.8418],[118.0685,5.8465],[118.0706,5.8456],[118.0742,5.8537],[118.081,5.8567],[118.0809,5.8519],[118.0838,5.8477],[118.085,5.8551],[118.0897,5.852],[118.0949,5.8554],[118.0996,5.8457],[118.0981,5.8432],[118.0947,5.8437],[118.0963,5.8417],[118.1067,5.8449],[118.1117,5.8425],[118.111,5.8442],[118.113,5.8442],[118.1151,5.841],[118.1213,5.841],[118.1259,5.8431],[118.1293,5.8492],[118.1247,5.8605],[118.1184,5.8645],[118.1141,5.8717],[118.1111,5.8675],[118.1041,5.8702],[118.1033,5.8752],[118.0982,5.8792],[118.0853,5.8761],[118.0846,5.8716],[118.0681,5.8703],[118.0655,5.8638],[118.061,5.8635],[118.0585,5.8675],[118.055,5.8652]]]}},{"type":"Feature","properties":{"c":"N.56","n":"Tanjong Papat","w":"WARISAN","p":"WARISAN","cand":"Alex Thien","pct":35.1},"geometry":{"type":"MultiPolygon","coordinates":[[[[118.1171,5.8375],[118.1287,5.8444],[118.1334,5.8532],[118.1204,5.8659],[118.1184,5.8645],[118.1247,5.8605],[118.1293,5.8492],[118.1243,5.8419],[118.1172,5.8405],[118.113,5.8442],[118.1097,5.8427],[118.1106,5.8381],[118.1161,5.8391],[118.1171,5.8375]]],[[[118.1445,5.8813],[118.1439,5.8851],[118.1401,5.8871],[118.1425,5.8834],[118.1376,5.8754],[118.1419,5.869],[118.1405,5.8637],[118.1429,5.8554],[118.1468,5.8585],[118.1499,5.866],[118.1445,5.8813]]]]}},{"type":"Feature","properties":{"c":"N.57","n":"Kuamut","w":"GRS","p":"PGRS","cand":"Masiung Banah","pct":40.1},"geometry":{"type":"Polygon","coordinates":[[[116.6725,5.5277],[116.6677,5.5039],[116.6522,5.4871],[116.6531,5.4746],[116.6581,5.4708],[116.6518,5.4642],[116.6575,5.4586],[116.6649,5.4554],[116.6683,5.4486],[116.6718,5.4499],[116.6784,5.4459],[116.6771,5.4286],[116.6403,5.4194],[116.6206,5.4279],[116.5989,5.4228],[116.5918,5.4238],[116.5892,5.4207],[116.5905,5.4143],[116.596,5.4108],[116.5929,5.4104],[116.5938,5.4005],[116.5908,5.397],[116.5953,5.3857],[116.593,5.3835],[116.5907,5.3608],[116.5868,5.3571],[116.5741,5.3575],[116.5692,5.3524],[116.5681,5.3466],[116.5768,5.3338],[116.5775,5.328],[116.5812,5.3259],[116.5819,5.3158],[116.5902,5.3106],[116.5948,5.3041],[116.592,5.2945],[116.5869,5.2896],[116.5593,5.2907],[116.5482,5.2874],[116.5481,5.2743],[116.5414,5.272],[116.5347,5.2729],[116.5344,5.2689],[116.5371,5.2669],[116.5358,5.2628],[116.5292,5.2606],[116.5264,5.256],[116.5178,5.2568],[116.512,5.2602],[116.5076,5.2595],[116.496,5.2395],[116.4913,5.2427],[116.4877,5.2397],[116.4853,5.2222],[116.4814,5.2172],[116.4695,5.212],[116.4607,5.2107],[116.4553,5.2127],[116.4502,5.2025],[116.4608,5.1902],[116.4616,5.1763],[116.4666,5.1733],[116.4698,5.1663],[116.4667,5.1579],[116.4692,5.1456],[116.4726,5.1431],[116.4702,5.1358],[116.4746,5.1319],[116.4725,5.1286],[116.4886,5.0939],[116.5109,5.0892],[116.5158,5.0802],[116.5255,5.0714],[116.5317,5.0592],[116.5312,5.0541],[116.5456,5.053],[116.5434,5.0454],[116.5457,5.0414],[116.5413,5.0358],[116.5421,5.0082],[116.5483,5.01],[116.5539,4.9999],[116.5415,4.9794],[116.5239,4.9656],[116.5263,4.9516],[116.5244,4.9478],[116.5258,4.9365],[116.5309,4.928],[116.5334,4.9105],[116.5327,4.8995],[116.5246,4.8889],[116.5566,4.8081],[116.5714,4.8035],[116.572,4.7948],[116.5754,4.7915],[116.593,4.7885],[116.5949,4.7864],[116.5892,4.7708],[116.5906,4.7649],[116.5819,4.7551],[116.5793,4.7463],[116.6062,4.7329],[116.6207,4.7303],[116.6291,4.7395],[116.6285,4.7507],[116.6414,4.7643],[116.645,4.7758],[116.6552,4.7757],[116.6631,4.7788],[116.6699,4.7901],[116.6846,4.7997],[116.6973,4.8011],[116.7412,4.7965],[116.7523,4.7852],[116.7594,4.7819],[116.7669,4.7835],[116.7705,4.8068],[116.7919,4.7999],[116.8015,4.7861],[116.8016,4.7687],[116.8277,4.745],[116.8311,4.7301],[116.8388,4.7207],[116.851,4.7207],[116.868,4.7112],[116.8781,4.6808],[116.8709,4.6706],[116.8742,4.6598],[116.8674,4.6495],[116.8703,4.6481],[116.8682,4.6344],[116.873,4.6234],[116.8693,4.6094],[116.8756,4.5901],[116.885,4.5905],[116.8984,4.5841],[116.9097,4.5842],[116.917,4.5804],[116.931,4.583],[116.9387,4.5816],[116.946,4.5858],[116.9564,4.5856],[116.9626,4.5814],[116.9892,4.5802],[117.0011,4.5694],[117.0083,4.5558],[117.0142,4.5542],[117.0253,4.54],[117.0358,4.5407],[117.0439,4.5375],[117.0568,4.5425],[117.0715,4.5592],[117.0825,4.5678],[117.0955,4.5669],[117.0949,4.5779],[117.1034,4.5791],[117.0889,4.588],[117.0865,4.5991],[117.0838,4.6017],[117.0595,4.5987],[117.0515,4.6075],[117.0462,4.6239],[117.0501,4.635],[117.0679,4.6477],[117.0737,4.6564],[117.076,4.6806],[117.0864,4.7014],[117.0938,4.7046],[117.1104,4.7028],[117.1189,4.6946],[117.1276,4.6943],[117.1508,4.7011],[117.1569,4.6912],[117.169,4.6901],[117.1757,4.6793],[117.1796,4.6792],[117.1854,4.6873],[117.2127,4.6864],[117.2712,4.7165],[117.2777,4.7286],[117.2782,4.7119],[117.2819,4.7046],[117.2934,4.7036],[117.2965,4.6945],[117.306,4.6834],[117.3052,4.6767],[117.3085,4.6749],[117.306,4.6643],[117.3098,4.6612],[117.3142,4.6471],[117.3188,4.6444],[117.3246,4.6345],[117.3334,4.632],[117.3368,4.6261],[117.3389,4.6282],[117.3492,4.629],[117.3541,4.6234],[117.3599,4.6236],[117.3643,4.6201],[117.3673,4.6217],[117.3715,4.617],[117.3766,4.6187],[117.3921,4.6101],[117.3978,4.6102],[117.4018,4.6154],[117.4093,4.6123],[117.4221,4.6129],[117.4325,4.6194],[117.4428,4.6137],[117.4502,4.6225],[117.4472,4.6269],[117.4513,4.6406],[117.4486,4.6631],[117.4591,4.6726],[117.4581,4.6805],[117.4607,4.6854],[117.4636,4.6858],[117.4716,4.7032],[117.4766,4.7074],[117.4765,4.7119],[117.4813,4.7166],[117.4869,4.716],[117.4863,4.7435],[117.4744,4.7702],[117.4673,4.7784],[117.4675,4.7903],[117.4742,4.8112],[117.4753,4.8331],[117.4786,4.8415],[117.485,4.849],[117.5009,4.8526],[117.5185,4.8725],[117.5217,4.8971],[117.5065,4.9264],[117.5111,4.9388],[117.5226,4.9461],[117.5753,4.9645],[117.5843,4.9737],[117.5985,4.9811],[117.5956,5.001],[117.6061,5.0083],[117.6318,5.0189],[117.6714,5.0271],[117.6791,5.0415],[117.6788,5.0594],[117.6877,5.0762],[117.6862,5.1054],[117.6954,5.1152],[117.701,5.1255],[117.7027,5.1489],[117.7228,5.1772],[117.7393,5.1867],[117.753,5.1902],[117.7677,5.2046],[117.7759,5.2176],[117.7799,5.2348],[117.7548,5.2458],[117.7465,5.2439],[117.7392,5.2369],[117.7376,5.2323],[117.7283,5.229],[117.718,5.2316],[117.7124,5.2385],[117.7042,5.2434],[117.704,5.2495],[117.6971,5.25],[117.6943,5.2547],[117.6953,5.259],[117.6926,5.267],[117.6901,5.2669],[117.6859,5.2718],[117.6874,5.277],[117.678,5.2852],[117.6749,5.2925],[117.6757,5.2968],[117.668,5.3016],[117.6625,5.311],[117.6562,5.3143],[117.6498,5.311],[117.6343,5.311],[117.6309,5.3158],[117.6356,5.3233],[117.6329,5.3243],[117.6127,5.3189],[117.6072,5.3261],[117.5918,5.3245],[117.5747,5.3373],[117.5769,5.3415],[117.5719,5.3489],[117.5748,5.3584],[117.5712,5.3625],[117.5662,5.3647],[117.5557,5.3643],[117.5539,5.3701],[117.5434,5.3692],[117.5368,5.3628],[117.5337,5.3709],[117.5167,5.371],[117.5127,5.3783],[117.5138,5.3975],[117.4968,5.4004],[117.4919,5.406],[117.4977,5.413],[117.4947,5.4305],[117.4971,5.4349],[117.4921,5.4428],[117.4976,5.4461],[117.501,5.4429],[117.5039,5.4455],[117.5021,5.4477],[117.5111,5.4465],[117.5144,5.4434],[117.5178,5.4449],[117.5204,5.4361],[117.5269,5.4382],[117.5288,5.4354],[117.5346,5.439],[117.5352,5.4456],[117.5393,5.4452],[117.5396,5.4505],[117.5341,5.4589],[117.5431,5.4621],[117.5442,5.4669],[117.5327,5.4705],[117.5368,5.4778],[117.5298,5.4878],[117.5196,5.4898],[117.5043,5.4866],[117.5039,5.4897],[117.4982,5.4946],[117.4976,5.5009],[117.4935,5.5073],[117.4907,5.5091],[117.4838,5.5071],[117.4815,5.525],[117.4787,5.5271],[117.4649,5.5278],[117.4672,5.5387],[117.4578,5.5442],[117.449,5.5461],[117.448,5.5552],[117.4429,5.5613],[117.4444,5.5646],[117.4412,5.5673],[117.4421,5.5731],[117.44,5.5774],[117.4243,5.5797],[117.4146,5.5928],[117.4117,5.5932],[117.4151,5.596],[117.4131,5.6015],[117.4042,5.61],[117.4028,5.6175],[117.3982,5.6185],[117.3833,5.6445],[117.3766,5.6411],[117.3881,5.6237],[117.3709,5.6122],[117.352,5.6062],[117.3373,5.6089],[117.3374,5.6028],[117.329,5.6026],[117.3291,5.6088],[117.3197,5.6089],[117.3198,5.5951],[117.3121,5.5949],[117.3122,5.5889],[117.3026,5.5885],[117.3023,5.5612],[117.3083,5.5547],[117.2932,5.5553],[117.2883,5.546],[117.2888,5.5371],[117.28,5.5392],[117.275,5.5322],[117.2721,5.5321],[117.2703,5.5237],[117.2633,5.5192],[117.2505,5.5203],[117.2425,5.5246],[117.2321,5.5208],[117.2249,5.5213],[117.2157,5.5318],[117.205,5.527],[117.1909,5.5261],[117.1842,5.5263],[117.1739,5.5308],[117.1644,5.5295],[117.1582,5.531],[117.1522,5.5375],[117.1423,5.5357],[117.1223,5.5265],[117.1141,5.5262],[117.0915,5.5374],[117.0858,5.5515],[117.0914,5.5694],[117.0884,5.5736],[117.0775,5.5759],[117.063,5.5721],[117.0519,5.5733],[117.0497,5.5654],[117.0485,5.5723],[117.0274,5.5703],[117.0133,5.5752],[116.9999,5.588],[116.9895,5.5871],[116.979,5.5809],[116.9642,5.5866],[116.9621,5.5847],[116.9592,5.5954],[116.9552,5.5993],[116.956,5.6028],[116.9538,5.6062],[116.9487,5.6076],[116.9423,5.6161],[116.9349,5.6196],[116.9145,5.6213],[116.9064,5.6267],[116.8978,5.6247],[116.8991,5.6148],[116.8965,5.6099],[116.8744,5.5842],[116.8703,5.571],[116.8738,5.5681],[116.8706,5.5668],[116.8701,5.5465],[116.8666,5.543],[116.8639,5.5444],[116.8635,5.5422],[116.8694,5.5304],[116.868,5.527],[116.8655,5.529],[116.8372,5.5261],[116.828,5.5159],[116.8368,5.5017],[116.8367,5.4931],[116.8326,5.4847],[116.8143,5.4836],[116.8076,5.4858],[116.8012,5.4831],[116.8019,5.4855],[116.799,5.4853],[116.7947,5.4898],[116.795,5.4925],[116.7819,5.4916],[116.7748,5.5052],[116.7714,5.5073],[116.7668,5.5049],[116.7585,5.5097],[116.7543,5.5062],[116.7538,5.5124],[116.7486,5.5101],[116.7456,5.5135],[116.7313,5.5167],[116.7307,5.5117],[116.7253,5.5185],[116.7202,5.5188],[116.7178,5.516],[116.7162,5.5176],[116.7144,5.5153],[116.7135,5.5178],[116.708,5.5169],[116.7041,5.5224],[116.6978,5.5182],[116.6864,5.5308],[116.6827,5.5306],[116.6772,5.526],[116.6725,5.5277]]]}},{"type":"Feature","properties":{"c":"N.58","n":"Lamag","w":"BN","p":"UMNO","cand":"Bung Moktar bin Radin","pct":39.1},"geometry":{"type":"Polygon","coordinates":[[[117.3833,5.6445],[117.3982,5.6185],[117.4028,5.6175],[117.4042,5.61],[117.4131,5.6015],[117.4151,5.596],[117.4117,5.5932],[117.4146,5.5928],[117.4243,5.5797],[117.44,5.5774],[117.4421,5.5731],[117.4412,5.5673],[117.4444,5.5646],[117.4429,5.5613],[117.448,5.5552],[117.449,5.5461],[117.4578,5.5442],[117.4672,5.5387],[117.4649,5.5278],[117.4787,5.5271],[117.4815,5.525],[117.4838,5.5071],[117.4907,5.5091],[117.4935,5.5073],[117.4976,5.5009],[117.4982,5.4946],[117.5039,5.4897],[117.5043,5.4866],[117.5196,5.4898],[117.5298,5.4878],[117.5368,5.4778],[117.5327,5.4705],[117.5442,5.4669],[117.5431,5.4621],[117.5341,5.4589],[117.5396,5.4505],[117.5393,5.4452],[117.5352,5.4456],[117.5346,5.439],[117.5288,5.4354],[117.5269,5.4382],[117.5204,5.4361],[117.5178,5.4449],[117.5144,5.4434],[117.5111,5.4465],[117.5021,5.4477],[117.5039,5.4455],[117.501,5.4429],[117.4976,5.4461],[117.4921,5.4428],[117.4971,5.4349],[117.4947,5.4305],[117.4977,5.413],[117.4919,5.406],[117.4968,5.4004],[117.5138,5.3975],[117.5127,5.3783],[117.5167,5.371],[117.5337,5.3709],[117.5368,5.3628],[117.5434,5.3692],[117.5539,5.3701],[117.5557,5.3643],[117.5662,5.3647],[117.5712,5.3625],[117.5748,5.3584],[117.5719,5.3489],[117.5769,5.3415],[117.5747,5.3373],[117.5918,5.3245],[117.6072,5.3261],[117.6127,5.3189],[117.6329,5.3243],[117.6356,5.3233],[117.6309,5.3158],[117.6343,5.311],[117.6498,5.311],[117.6562,5.3143],[117.6625,5.311],[117.668,5.3016],[117.6757,5.2968],[117.6749,5.2925],[117.678,5.2852],[117.6874,5.277],[117.6859,5.2718],[117.6901,5.2669],[117.6926,5.267],[117.6953,5.259],[117.6943,5.2547],[117.6971,5.25],[117.704,5.2495],[117.7042,5.2434],[117.7124,5.2385],[117.718,5.2316],[117.7283,5.229],[117.7376,5.2323],[117.7392,5.2369],[117.7465,5.2439],[117.7548,5.2458],[117.7799,5.2348],[117.7805,5.2373],[117.787,5.2397],[117.8011,5.2321],[117.829,5.211],[117.8457,5.2088],[117.8421,5.2179],[117.8424,5.2241],[117.8459,5.225],[117.8469,5.2365],[117.8614,5.259],[117.8735,5.2697],[117.8755,5.2855],[117.8701,5.2953],[117.8716,5.2985],[117.8791,5.3021],[117.8851,5.3131],[117.8836,5.327],[117.8898,5.3316],[117.8931,5.3414],[117.8893,5.3419],[117.8845,5.3519],[117.8808,5.3538],[117.8825,5.3628],[117.8856,5.3625],[117.8875,5.3662],[117.879,5.3694],[117.8766,5.3741],[117.8799,5.3807],[117.8791,5.3892],[117.882,5.3916],[117.8832,5.398],[117.8873,5.3984],[117.8934,5.4041],[117.8883,5.4073],[117.9018,5.4171],[117.9053,5.4247],[117.9099,5.4282],[117.9067,5.4322],[117.907,5.4388],[117.9112,5.4408],[117.9182,5.4546],[117.918,5.4641],[117.9134,5.4688],[117.9186,5.4726],[117.9124,5.4764],[117.9199,5.4893],[117.9201,5.495],[117.9163,5.4988],[117.9118,5.4976],[117.9125,5.5015],[117.91,5.503],[117.9106,5.5045],[117.9127,5.502],[117.9156,5.5026],[117.9158,5.5042],[117.9112,5.5095],[117.9142,5.5106],[117.9143,5.5165],[117.9102,5.527],[117.9119,5.5311],[117.9183,5.5315],[117.9162,5.5347],[117.9237,5.5388],[117.9239,5.5587],[117.9062,5.5645],[117.9345,5.6125],[117.9339,5.6148],[117.9483,5.6356],[117.9417,5.6376],[117.9384,5.6352],[117.9387,5.6377],[117.9327,5.639],[117.9321,5.644],[117.928,5.6404],[117.9204,5.6439],[117.9156,5.6505],[117.9122,5.6485],[117.9049,5.6545],[117.868,5.6256],[117.845,5.6039],[117.8295,5.6051],[117.8242,5.6079],[117.8221,5.6136],[117.8237,5.6354],[117.8297,5.6462],[117.8298,5.6539],[117.8253,5.6739],[117.8168,5.686],[117.8019,5.6744],[117.7913,5.6693],[117.7832,5.6693],[117.7634,5.681],[117.7533,5.6816],[117.7397,5.6748],[117.7111,5.6763],[117.7148,5.6846],[117.7073,5.6895],[117.7112,5.6929],[117.7102,5.6979],[117.7131,5.6997],[117.7055,5.7048],[117.7054,5.7078],[117.6958,5.7065],[117.6929,5.7115],[117.6868,5.714],[117.6874,5.7239],[117.6794,5.7171],[117.622,5.7172],[117.5969,5.7003],[117.5557,5.6965],[117.544,5.6917],[117.5361,5.6944],[117.524,5.691],[117.4762,5.7025],[117.4394,5.6993],[117.4164,5.7021],[117.402,5.6981],[117.3841,5.6889],[117.3824,5.6836],[117.3572,5.6766],[117.3558,5.6663],[117.3633,5.6559],[117.3778,5.6535],[117.3833,5.6445]]]}},{"type":"Feature","properties":{"c":"N.59","n":"Sukau","w":"BN","p":"UMNO","cand":"Jafry bin Ariffin","pct":45.7},"geometry":{"type":"MultiPolygon","coordinates":[[[[118.0995,5.7844],[118.0939,5.7841],[118.0901,5.7757],[118.0928,5.7666],[118.0991,5.7705],[118.1085,5.7703],[118.1177,5.7735],[118.1215,5.7779],[118.1193,5.7814],[118.1064,5.7807],[118.0995,5.7844]]],[[[117.9345,5.6125],[117.9062,5.5645],[117.9239,5.5587],[117.9237,5.5388],[117.9162,5.5347],[117.9183,5.5315],[117.9119,5.5311],[117.9102,5.527],[117.9143,5.5165],[117.9142,5.5106],[117.9112,5.5095],[117.9158,5.5042],[117.9156,5.5026],[117.9127,5.502],[117.9106,5.5045],[117.91,5.503],[117.9125,5.5015],[117.9118,5.4976],[117.9163,5.4988],[117.9201,5.495],[117.9199,5.4893],[117.9124,5.4764],[117.9186,5.4726],[117.9134,5.4688],[117.918,5.4641],[117.918,5.4536],[117.9112,5.4408],[117.907,5.4388],[117.9067,5.4322],[117.9099,5.4282],[117.9053,5.4247],[117.9018,5.4171],[117.8883,5.4073],[117.8934,5.4041],[117.8818,5.3954],[117.882,5.3916],[117.8791,5.3892],[117.8799,5.3807],[117.8766,5.3741],[117.879,5.3694],[117.8875,5.3662],[117.8856,5.3625],[117.8825,5.3628],[117.8808,5.3538],[117.8845,5.3519],[117.8893,5.3419],[117.8931,5.3414],[117.8898,5.3316],[117.8836,5.327],[117.8851,5.3131],[117.8791,5.3021],[117.8716,5.2985],[117.8701,5.2953],[117.8755,5.2855],[117.8735,5.2697],[117.8614,5.259],[117.8495,5.241],[117.8469,5.2365],[117.8459,5.225],[117.8424,5.2241],[117.8421,5.2179],[117.8457,5.2088],[117.8568,5.2074],[117.874,5.2142],[117.9023,5.2081],[117.9282,5.1881],[117.9504,5.1806],[118.0046,5.1834],[118.0993,5.2032],[118.1727,5.2147],[118.2546,5.2318],[118.2787,5.2392],[118.3085,5.2559],[118.3102,5.2629],[118.3172,5.2728],[118.3316,5.2852],[118.3344,5.2852],[118.3539,5.3045],[118.362,5.3033],[118.3725,5.3077],[118.386,5.3082],[118.4001,5.3219],[118.4259,5.3304],[118.4287,5.3334],[118.4381,5.3342],[118.4407,5.3313],[118.4425,5.321],[118.4411,5.3194],[118.4458,5.3141],[118.4557,5.2893],[118.4817,5.3031],[118.4857,5.3024],[118.4907,5.296],[118.5027,5.3067],[118.5062,5.3126],[118.5119,5.311],[118.5102,5.3198],[118.5031,5.3176],[118.5005,5.3225],[118.4968,5.3232],[118.5043,5.3239],[118.5095,5.3272],[118.5131,5.3341],[118.5109,5.3377],[118.5127,5.3388],[118.5261,5.3371],[118.5319,5.3317],[118.5354,5.336],[118.5316,5.3388],[118.5322,5.3407],[118.5435,5.3407],[118.5469,5.3376],[118.5444,5.3348],[118.5491,5.3349],[118.55,5.3295],[118.5517,5.3296],[118.5617,5.3387],[118.5699,5.3428],[118.5762,5.3357],[118.5773,5.3309],[118.5873,5.3357],[118.5924,5.3346],[118.5963,5.3484],[118.6097,5.3565],[118.6185,5.3543],[118.6226,5.3558],[118.6384,5.3388],[118.6528,5.3453],[118.6571,5.345],[118.666,5.351],[118.6705,5.3488],[118.6856,5.3207],[118.7035,5.3436],[118.7121,5.3481],[118.7278,5.3384],[118.734,5.3396],[118.7407,5.3342],[118.7457,5.3346],[118.7468,5.3405],[118.7518,5.3421],[118.7528,5.3459],[118.7557,5.3482],[118.762,5.3477],[118.7658,5.3548],[118.7712,5.3563],[118.7888,5.3516],[118.8083,5.3414],[118.8284,5.3271],[118.8424,5.3236],[118.8568,5.3277],[118.8605,5.3447],[118.8639,5.3495],[118.8775,5.348],[118.8871,5.3414],[118.9087,5.3432],[118.9081,5.3481],[118.9048,5.3458],[118.9042,5.3478],[118.9118,5.3498],[118.9074,5.3528],[118.9083,5.3553],[118.9055,5.3566],[118.9046,5.3609],[118.9089,5.3634],[118.9095,5.3674],[118.915,5.3692],[118.9073,5.3762],[118.9034,5.37],[118.9038,5.3753],[118.8855,5.3801],[118.8815,5.3872],[118.8852,5.3925],[118.8953,5.3958],[118.8928,5.4006],[118.8938,5.404],[118.8991,5.405],[118.9025,5.4011],[118.9174,5.4035],[118.9227,5.407],[118.9267,5.4148],[118.9354,5.417],[118.9239,5.4344],[118.9114,5.4455],[118.8996,5.4537],[118.8523,5.4776],[118.8492,5.4788],[118.8482,5.4762],[118.8452,5.4768],[118.8408,5.4879],[118.8208,5.5035],[118.8094,5.509],[118.8109,5.4932],[118.8151,5.4903],[118.8118,5.4907],[118.8123,5.4573],[118.8146,5.4561],[118.8137,5.4538],[118.8094,5.4538],[118.8119,5.4407],[118.8056,5.4405],[118.8019,5.4353],[118.7978,5.4479],[118.8002,5.4535],[118.795,5.4524],[118.7984,5.4552],[118.7994,5.4716],[118.7962,5.4825],[118.797,5.484],[118.7985,5.4817],[118.8017,5.4849],[118.8058,5.4949],[118.7976,5.5094],[118.7821,5.5255],[118.773,5.5304],[118.7572,5.5343],[118.7558,5.5295],[118.7524,5.5363],[118.7023,5.5699],[118.6699,5.6077],[118.6578,5.6252],[118.6348,5.6428],[118.62,5.6424],[118.6037,5.6276],[118.5929,5.6216],[118.5864,5.598],[118.5925,5.5998],[118.5849,5.5909],[118.584,5.5803],[118.5878,5.5783],[118.5827,5.5685],[118.5861,5.5633],[118.5691,5.5491],[118.5713,5.546],[118.5644,5.5446],[118.5644,5.5276],[118.5592,5.5213],[118.5646,5.5137],[118.5631,5.5127],[118.5586,5.5184],[118.5457,5.5146],[118.5546,5.5196],[118.5523,5.5249],[118.5463,5.5266],[118.5425,5.5205],[118.545,5.525],[118.5389,5.5321],[118.5249,5.5294],[118.5359,5.5331],[118.55,5.5336],[118.5516,5.5357],[118.5473,5.5423],[118.5496,5.5442],[118.5499,5.5525],[118.5553,5.5655],[118.5538,5.5716],[118.5559,5.5735],[118.5643,5.5694],[118.5735,5.5875],[118.5728,5.5995],[118.5684,5.6099],[118.5699,5.6285],[118.5845,5.6266],[118.5881,5.634],[118.6057,5.6451],[118.6037,5.654],[118.5759,5.6842],[118.5597,5.6891],[118.5063,5.7286],[118.4813,5.7405],[118.4772,5.7496],[118.4682,5.7561],[118.4641,5.7581],[118.4604,5.7568],[118.4582,5.7605],[118.4463,5.7663],[118.4424,5.766],[118.4378,5.7713],[118.4254,5.778],[118.4117,5.7822],[118.3926,5.7943],[118.389,5.7939],[118.3849,5.8014],[118.3486,5.8279],[118.3451,5.8213],[118.3462,5.8072],[118.3481,5.8033],[118.3573,5.7989],[118.3565,5.7961],[118.3529,5.7972],[118.3508,5.7889],[118.3461,5.789],[118.3506,5.7811],[118.3483,5.775],[118.3438,5.7767],[118.3356,5.7967],[118.3315,5.7974],[118.331,5.8024],[118.3084,5.7986],[118.3052,5.7919],[118.3084,5.7833],[118.3026,5.7861],[118.3024,5.7961],[118.3048,5.8002],[118.3286,5.8057],[118.3317,5.8082],[118.3277,5.8163],[118.3145,5.8202],[118.3068,5.8184],[118.282,5.8218],[118.2762,5.8199],[118.276,5.8132],[118.2737,5.8132],[118.2722,5.8248],[118.2685,5.8291],[118.2392,5.8416],[118.2355,5.8411],[118.2348,5.8368],[118.2234,5.8237],[118.2129,5.8178],[118.1954,5.8173],[118.1914,5.8128],[118.1857,5.8119],[118.1833,5.8071],[118.1804,5.8093],[118.157,5.8054],[118.1459,5.797],[118.1578,5.7794],[118.1601,5.778],[118.1743,5.7835],[118.1699,5.7797],[118.1724,5.7752],[118.1683,5.7787],[118.1652,5.7781],[118.1546,5.7679],[118.1625,5.7582],[118.162,5.7533],[118.1701,5.7474],[118.188,5.7471],[118.1946,5.7417],[118.2024,5.7424],[118.196,5.7409],[118.1898,5.7429],[118.1889,5.7405],[118.184,5.7405],[118.1862,5.7455],[118.1715,5.7448],[118.1617,5.7481],[118.1525,5.741],[118.1461,5.7391],[118.1347,5.7417],[118.1263,5.7268],[118.1324,5.7205],[118.1297,5.7198],[118.1342,5.7088],[118.1481,5.6991],[118.1471,5.6835],[118.1447,5.6859],[118.1437,5.684],[118.1516,5.6792],[118.135,5.6821],[118.1247,5.6735],[118.1301,5.6646],[118.1237,5.6645],[118.118,5.6704],[118.1188,5.684],[118.1174,5.6893],[118.1141,5.6895],[118.1152,5.6963],[118.1124,5.7058],[118.1085,5.7037],[118.1061,5.7082],[118.0992,5.7074],[118.0998,5.7048],[118.0966,5.7065],[118.0961,5.703],[118.0845,5.696],[118.0812,5.6966],[118.0794,5.6921],[118.0768,5.6953],[118.0773,5.6991],[118.0739,5.697],[118.0765,5.7004],[118.0706,5.6979],[118.0685,5.7003],[118.0716,5.7029],[118.0651,5.7029],[118.0675,5.7208],[118.0617,5.7195],[118.0577,5.7217],[118.0543,5.718],[118.05,5.7185],[118.0318,5.7104],[118.0307,5.7036],[118.0215,5.6946],[118.0079,5.6936],[118.0084,5.6909],[117.9992,5.6847],[118.0001,5.6824],[117.9953,5.6825],[117.9948,5.6801],[117.9898,5.681],[117.9854,5.6702],[117.9777,5.665],[117.9777,5.6586],[117.973,5.657],[117.9707,5.6511],[117.968,5.6512],[117.9654,5.6475],[117.9682,5.6462],[117.9654,5.6404],[117.9708,5.6408],[117.9685,5.6374],[117.9722,5.6377],[117.9698,5.6341],[117.9717,5.6282],[117.9697,5.624],[117.9715,5.6235],[117.9676,5.6161],[117.9696,5.6151],[117.9457,5.6081],[117.9429,5.609],[117.9432,5.6124],[117.9345,5.6125]]],[[[118.1353,5.7512],[118.1311,5.7526],[118.1304,5.7425],[118.1385,5.7456],[118.1409,5.7493],[118.1353,5.7512]]],[[[118.196,5.8514],[118.1792,5.8522],[118.1705,5.8497],[118.157,5.8369],[118.1567,5.83],[118.1511,5.8229],[118.1589,5.8164],[118.1757,5.8117],[118.1757,5.8137],[118.1884,5.8163],[118.1972,5.8208],[118.208,5.8194],[118.2157,5.8218],[118.2306,5.8342],[118.2241,5.8431],[118.196,5.8514]]]]}},{"type":"Feature","properties":{"c":"N.60","n":"Tungku","w":"WARISAN","p":"WARISAN","cand":"Assaffal bin P. Alian","pct":37.6},"geometry":{"type":"MultiPolygon","coordinates":[[[[118.5924,5.3346],[118.6109,5.3083],[118.6091,5.2983],[118.6062,5.2956],[118.6089,5.2828],[118.6066,5.2717],[118.6019,5.2713],[118.5903,5.2632],[118.5898,5.2582],[118.5801,5.244],[118.5645,5.2312],[118.5627,5.2131],[118.5601,5.2084],[118.5385,5.1937],[118.5308,5.1813],[118.5172,5.1688],[118.5126,5.1573],[118.5136,5.1449],[118.5265,5.1245],[118.5198,5.1143],[118.5193,5.1168],[118.4608,5.118],[118.4604,5.113],[118.45,5.1012],[118.454,5.0892],[118.4247,5.0574],[118.4099,5.0466],[118.4111,5.0417],[118.4086,5.0359],[118.4172,5.0287],[118.418,5.0142],[118.4159,5.0092],[118.4276,5.0096],[118.4275,5.0067],[118.4342,5.0045],[118.4392,4.9975],[118.4415,4.9992],[118.449,4.9907],[118.4496,4.9867],[118.4519,4.9876],[118.4511,4.9839],[118.4449,4.9842],[118.4507,4.9799],[118.4486,4.9669],[118.4444,4.9645],[118.4477,4.9623],[118.4531,4.9647],[118.4532,4.9597],[118.4482,4.9562],[118.4482,4.9538],[118.4581,4.9466],[118.4683,4.9319],[118.4664,4.9298],[118.4708,4.9233],[118.5148,4.9229],[118.5302,4.9355],[118.538,4.9459],[118.5413,4.9464],[118.5409,4.9521],[118.5441,4.9524],[118.5482,4.9616],[118.5669,4.9535],[118.5727,4.9592],[118.5824,4.9513],[118.5866,4.9508],[118.5884,4.9533],[118.5946,4.9491],[118.6006,4.9536],[118.6072,4.9444],[118.6184,4.9475],[118.6223,4.9455],[118.6205,4.9405],[118.6287,4.9327],[118.6384,4.9292],[118.6921,4.9331],[118.7518,4.95],[118.7748,4.9639],[118.7754,4.967],[118.779,4.9675],[118.7845,4.9737],[118.8028,4.9832],[118.8162,4.9867],[118.8156,4.9888],[118.8182,4.9869],[118.8378,4.9944],[118.8634,4.9954],[118.8903,5.0209],[118.9259,5.0368],[118.9982,5.0561],[119.014,5.0568],[119.0352,5.0635],[119.0401,5.0605],[119.0572,5.0687],[119.0934,5.0774],[119.1386,5.0982],[119.165,5.1066],[119.2079,5.1393],[119.2139,5.1395],[119.2153,5.1477],[119.2273,5.1564],[119.2392,5.1716],[119.239,5.1742],[119.2451,5.1786],[119.2464,5.1887],[119.2545,5.1939],[119.2666,5.2073],[119.2662,5.2098],[119.2629,5.2101],[119.2656,5.2139],[119.2643,5.2169],[119.2689,5.2306],[119.2663,5.245],[119.2591,5.2457],[119.2549,5.2408],[119.25,5.2433],[119.2545,5.2471],[119.2548,5.2504],[119.2513,5.253],[119.2467,5.2628],[119.2478,5.2709],[119.2561,5.2762],[119.2573,5.2794],[119.2548,5.2835],[119.2567,5.2915],[119.2614,5.298],[119.2649,5.3104],[119.2571,5.3391],[119.2561,5.3595],[119.2384,5.3922],[119.2239,5.4089],[119.2181,5.4125],[119.2102,5.4239],[119.1979,5.432],[119.155,5.4499],[119.1436,5.4484],[119.1382,5.4432],[119.1379,5.4384],[119.1342,5.4409],[119.1098,5.4365],[119.1043,5.4252],[119.1018,5.4135],[119.0795,5.4032],[119.0597,5.4006],[119.0121,5.4067],[118.9575,5.4287],[118.9432,5.4304],[118.941,5.4238],[118.944,5.4223],[118.9451,5.4069],[118.9466,5.4049],[118.9492,5.4068],[118.9481,5.403],[118.9521,5.3983],[118.9499,5.3985],[118.9482,5.395],[118.9477,5.3864],[118.9507,5.3872],[118.951,5.3906],[118.9563,5.3847],[118.9637,5.384],[118.9655,5.3868],[118.9641,5.3826],[118.9703,5.3845],[118.9726,5.3833],[118.9709,5.3797],[118.9637,5.379],[118.952,5.3824],[118.9476,5.3797],[118.9363,5.383],[118.9358,5.3798],[118.9403,5.3785],[118.9416,5.3744],[118.9387,5.3711],[118.94,5.376],[118.9379,5.3787],[118.9236,5.3745],[118.9131,5.3748],[118.9116,5.373],[118.915,5.3692],[118.9095,5.3674],[118.9089,5.3634],[118.9046,5.3609],[118.9055,5.3566],[118.9083,5.3553],[118.9074,5.3528],[118.9118,5.3498],[118.9042,5.3478],[118.9048,5.3458],[118.9081,5.3481],[118.9087,5.3432],[118.8871,5.3414],[118.8775,5.348],[118.8639,5.3495],[118.8605,5.3447],[118.8568,5.3277],[118.8424,5.3236],[118.8284,5.3271],[118.8083,5.3414],[118.7888,5.3516],[118.7712,5.3563],[118.7658,5.3548],[118.762,5.3477],[118.7557,5.3482],[118.7528,5.3459],[118.7518,5.3421],[118.7468,5.3405],[118.7457,5.3346],[118.7407,5.3342],[118.734,5.3396],[118.7278,5.3384],[118.7121,5.3481],[118.7035,5.3436],[118.6856,5.3207],[118.6705,5.3488],[118.666,5.351],[118.6571,5.345],[118.6528,5.3453],[118.6384,5.3388],[118.6226,5.3558],[118.6185,5.3543],[118.6097,5.3565],[118.5963,5.3484],[118.5924,5.3346]]],[[[118.9449,5.3961],[118.9435,5.3988],[118.9364,5.3964],[118.9277,5.3987],[118.9204,5.3978],[118.9155,5.3956],[118.9133,5.3874],[118.901,5.3884],[118.8983,5.3862],[118.9066,5.3795],[118.9253,5.378],[118.9363,5.386],[118.9363,5.3901],[118.9429,5.3924],[118.9449,5.3961]]],[[[119.1462,5.458],[119.1367,5.4623],[119.1202,5.4596],[119.109,5.4604],[119.1015,5.4498],[119.1026,5.4413],[119.1037,5.4392],[119.1127,5.4385],[119.1285,5.4449],[119.1354,5.4449],[119.14,5.4502],[119.1456,5.4506],[119.1484,5.4533],[119.1504,5.4569],[119.1462,5.458]]]]}},{"type":"Feature","properties":{"c":"N.61","n":"Segama","w":"WARISAN","p":"WARISAN","cand":"Muhammad bin Abdul Karim","pct":42.6},"geometry":{"type":"Polygon","coordinates":[[[118.0046,5.1834],[118.0268,5.1715],[118.1088,5.1548],[118.1379,5.1565],[118.1519,5.1602],[118.1523,5.1412],[118.1193,5.145],[118.1038,5.1194],[118.1074,5.1148],[118.112,5.1244],[118.1167,5.1215],[118.1156,5.1138],[118.1207,5.1123],[118.1337,5.1174],[118.1358,5.1259],[118.1407,5.1239],[118.1449,5.1269],[118.1465,5.1239],[118.1446,5.1218],[118.1452,5.1154],[118.149,5.1124],[118.1882,5.0936],[118.1909,5.1008],[118.1952,5.1001],[118.1956,5.1046],[118.1993,5.1055],[118.2065,5.0912],[118.2129,5.0961],[118.2212,5.0855],[118.2302,5.0915],[118.2328,5.0885],[118.2325,5.0828],[118.2365,5.0812],[118.2367,5.0763],[118.2409,5.0734],[118.2417,5.0646],[118.236,5.0617],[118.2319,5.0641],[118.2315,5.0605],[118.229,5.0595],[118.2306,5.0568],[118.2404,5.0544],[118.2395,5.0469],[118.2467,5.0482],[118.2549,5.0462],[118.2525,5.0376],[118.2488,5.0347],[118.2599,5.0257],[118.2755,5.0272],[118.2903,5.0195],[118.3228,5.0245],[118.3212,5.028],[118.3139,5.029],[118.3162,5.0351],[118.3136,5.036],[118.3138,5.0394],[118.3299,5.0309],[118.3336,5.0235],[118.3367,5.0208],[118.3408,5.0221],[118.3421,5.0187],[118.3452,5.0206],[118.3568,5.0189],[118.3582,5.0214],[118.36,5.0183],[118.3627,5.0199],[118.3786,5.0145],[118.3825,5.0179],[118.3806,5.0254],[118.404,5.0153],[118.4073,5.0188],[118.4159,5.0092],[118.418,5.0142],[118.4172,5.0287],[118.4086,5.0359],[118.4111,5.0417],[118.4099,5.0466],[118.4247,5.0574],[118.454,5.0892],[118.45,5.1012],[118.4604,5.113],[118.4608,5.118],[118.5193,5.1168],[118.5198,5.1143],[118.5265,5.1245],[118.5136,5.1449],[118.5126,5.1573],[118.5172,5.1688],[118.5308,5.1813],[118.5385,5.1937],[118.5601,5.2084],[118.5627,5.2131],[118.5645,5.2312],[118.5801,5.244],[118.5898,5.2582],[118.5903,5.2632],[118.6019,5.2713],[118.6066,5.2717],[118.6089,5.2828],[118.6062,5.2956],[118.6091,5.2983],[118.6109,5.3083],[118.5924,5.3346],[118.5873,5.3357],[118.5773,5.3309],[118.5762,5.3357],[118.5699,5.3428],[118.5617,5.3387],[118.5517,5.3296],[118.55,5.3295],[118.5491,5.3349],[118.5444,5.3348],[118.5469,5.3376],[118.5435,5.3407],[118.5322,5.3407],[118.5316,5.3388],[118.5354,5.336],[118.5319,5.3317],[118.5261,5.3371],[118.5156,5.3398],[118.5109,5.3377],[118.5131,5.3341],[118.5095,5.3272],[118.5043,5.3239],[118.4969,5.3242],[118.5031,5.3176],[118.5102,5.3198],[118.5119,5.311],[118.5062,5.3126],[118.5027,5.3067],[118.4907,5.296],[118.4857,5.3024],[118.4817,5.3031],[118.4557,5.2893],[118.4458,5.3141],[118.4411,5.3194],[118.4425,5.321],[118.4407,5.3313],[118.4381,5.3342],[118.4287,5.3334],[118.4259,5.3304],[118.4001,5.3219],[118.386,5.3082],[118.3725,5.3077],[118.362,5.3033],[118.3539,5.3045],[118.3344,5.2852],[118.3316,5.2852],[118.3172,5.2728],[118.3102,5.2629],[118.3085,5.2559],[118.2787,5.2392],[118.2546,5.2318],[118.1727,5.2147],[118.0993,5.2032],[118.0046,5.1834]]]}},{"type":"Feature","properties":{"c":"N.62","n":"Silam","w":"WARISAN","p":"WARISAN","cand":"Mohammad Yusof bin Apdal","pct":43.4},"geometry":{"type":"MultiPolygon","coordinates":[[[[117.4675,4.7851],[117.4998,4.7809],[117.5136,4.7873],[117.5228,4.7863],[117.5255,4.7804],[117.5306,4.7784],[117.5388,4.779],[117.5498,4.7719],[117.5636,4.7552],[117.5625,4.7402],[117.5648,4.7315],[117.5728,4.7222],[117.5828,4.7197],[117.5921,4.7239],[117.6122,4.7414],[117.6219,4.7421],[117.648,4.7241],[117.6565,4.7213],[117.6625,4.7249],[117.6667,4.7328],[117.6785,4.7393],[117.7004,4.7446],[117.7069,4.7504],[117.7108,4.7672],[117.7181,4.7734],[117.7254,4.7725],[117.7331,4.7654],[117.7493,4.759],[117.7865,4.7274],[117.7935,4.7251],[117.7967,4.7205],[117.8028,4.7213],[117.8045,4.7166],[117.8085,4.7153],[117.8278,4.7243],[117.8289,4.7349],[117.8307,4.732],[117.8381,4.7335],[117.8433,4.7287],[117.8412,4.7199],[117.8453,4.719],[117.847,4.7242],[117.8507,4.7222],[117.8545,4.7275],[117.8693,4.7361],[117.8717,4.7418],[117.8707,4.7509],[117.8795,4.7518],[117.8863,4.7601],[117.892,4.7588],[117.8961,4.7597],[117.8965,4.7618],[117.9052,4.7611],[117.9126,4.764],[117.9281,4.7631],[117.9354,4.7511],[117.9472,4.7495],[117.9561,4.7591],[117.9602,4.7704],[117.9652,4.7735],[117.9699,4.7701],[117.9836,4.7775],[117.9899,4.7864],[117.9831,4.8119],[117.9803,4.8142],[117.9774,4.8121],[117.978,4.8168],[117.9852,4.827],[117.9997,4.8361],[117.9952,4.8442],[117.9977,4.8516],[118.0045,4.8595],[118.0219,4.8533],[118.0325,4.8643],[118.0384,4.8631],[118.0463,4.8674],[118.0532,4.8643],[118.0543,4.8685],[118.0619,4.872],[118.0686,4.8704],[118.0705,4.8721],[118.073,4.8693],[118.077,4.8724],[118.0811,4.8704],[118.0809,4.8672],[118.0873,4.8688],[118.0947,4.8658],[118.0969,4.8678],[118.0989,4.8643],[118.1057,4.8659],[118.1044,4.8633],[118.1081,4.8638],[118.1072,4.8621],[118.1096,4.8606],[118.1226,4.8603],[118.1229,4.8545],[118.133,4.8474],[118.1304,4.863],[118.1241,4.8735],[118.125,4.8788],[118.1228,4.8798],[118.1286,4.8845],[118.1249,4.8821],[118.1257,4.8799],[118.1327,4.8794],[118.1343,4.8823],[118.1404,4.8813],[118.1508,4.8881],[118.1532,4.886],[118.1507,4.8823],[118.1569,4.8795],[118.1592,4.8817],[118.158,4.8883],[118.1659,4.9044],[118.1631,4.9081],[118.1637,4.9108],[118.1728,4.9145],[118.1732,4.9085],[118.1805,4.9169],[118.1946,4.9231],[118.195,4.9266],[118.1881,4.9247],[118.1892,4.9282],[118.1839,4.9283],[118.1831,4.9325],[118.1876,4.9355],[118.1933,4.9449],[118.1958,4.9418],[118.1956,4.9487],[118.2031,4.9481],[118.2033,4.9543],[118.2082,4.9602],[118.2121,4.9628],[118.2154,4.9581],[118.218,4.9583],[118.2243,4.9618],[118.2256,4.9659],[118.2307,4.9633],[118.2338,4.9694],[118.2387,4.9715],[118.235,4.9736],[118.2314,4.9716],[118.2362,4.9784],[118.2452,4.9698],[118.2583,4.9732],[118.2587,4.9694],[118.2646,4.969],[118.265,4.9665],[118.2692,4.9676],[118.2732,4.9637],[118.2829,4.9633],[118.284,4.9804],[118.289,4.9855],[118.2891,4.9893],[118.2923,4.9825],[118.2915,4.9722],[118.2964,4.9692],[118.2945,4.9645],[118.2913,4.9633],[118.3033,4.9608],[118.3055,4.9689],[118.3112,4.972],[118.3099,4.9764],[118.3153,4.9851],[118.3087,4.989],[118.3122,4.9934],[118.3113,4.9978],[118.317,4.9982],[118.3156,5.0061],[118.3206,5.0101],[118.3207,5.0152],[118.3228,5.013],[118.3241,5.0189],[118.3343,5.0229],[118.3299,5.0309],[118.3138,5.0394],[118.3136,5.036],[118.3162,5.0351],[118.3139,5.029],[118.3212,5.028],[118.3228,5.0245],[118.2903,5.0195],[118.2755,5.0272],[118.259,5.0263],[118.2488,5.0347],[118.2525,5.0376],[118.2549,5.0462],[118.2467,5.0482],[118.2395,5.0469],[118.2404,5.0544],[118.2306,5.0568],[118.229,5.0595],[118.2315,5.0605],[118.2319,5.0641],[118.236,5.0617],[118.2417,5.0646],[118.2409,5.0734],[118.2381,5.0741],[118.2365,5.0812],[118.2317,5.0844],[118.2328,5.0885],[118.2302,5.0915],[118.2212,5.0855],[118.2129,5.0961],[118.2065,5.0912],[118.1993,5.1055],[118.1956,5.1046],[118.1952,5.1001],[118.1909,5.1008],[118.1882,5.0936],[118.149,5.1124],[118.1452,5.1154],[118.1446,5.1218],[118.1465,5.1239],[118.1449,5.1269],[118.1407,5.1239],[118.1358,5.1259],[118.1337,5.1174],[118.1207,5.1123],[118.1156,5.1138],[118.1167,5.1215],[118.112,5.1244],[118.1074,5.1148],[118.1038,5.1194],[118.1193,5.145],[118.1523,5.1412],[118.1519,5.1602],[118.1379,5.1565],[118.1088,5.1548],[118.0268,5.1715],[118.0046,5.1834],[117.9504,5.1806],[117.9282,5.1881],[117.9023,5.2081],[117.8855,5.2126],[117.874,5.2142],[117.8568,5.2074],[117.829,5.211],[117.8011,5.2321],[117.787,5.2397],[117.7805,5.2373],[117.7759,5.2176],[117.7677,5.2046],[117.753,5.1902],[117.7393,5.1867],[117.7228,5.1772],[117.7027,5.1489],[117.701,5.1255],[117.6954,5.1152],[117.6862,5.1054],[117.6877,5.0762],[117.6788,5.0594],[117.6791,5.0415],[117.6714,5.0271],[117.6318,5.0189],[117.6061,5.0083],[117.5956,5.001],[117.5985,4.9811],[117.5843,4.9737],[117.5753,4.9645],[117.5226,4.9461],[117.5111,4.9388],[117.5065,4.9264],[117.5217,4.8971],[117.5185,4.8725],[117.5009,4.8526],[117.485,4.849],[117.4786,4.8415],[117.4753,4.8331],[117.4756,4.8192],[117.4688,4.7974],[117.4675,4.7851]]],[[[118.3421,4.9918],[118.3268,4.9895],[118.3276,4.9865],[118.3243,4.9859],[118.3228,4.9828],[118.3271,4.9808],[118.3247,4.9765],[118.329,4.9739],[118.3286,4.9713],[118.3356,4.9708],[118.3353,4.9665],[118.3252,4.9675],[118.3224,4.9635],[118.3191,4.9633],[118.3183,4.9655],[118.3103,4.9666],[118.3049,4.9628],[118.3036,4.9587],[118.3061,4.9539],[118.3042,4.9523],[118.3142,4.9489],[118.3198,4.9537],[118.3255,4.9507],[118.3566,4.9653],[118.3746,4.971],[118.3857,4.9794],[118.378,4.9817],[118.362,4.9759],[118.3607,4.9798],[118.3577,4.9785],[118.3592,4.9855],[118.3553,4.9857],[118.3539,4.9807],[118.3518,4.9854],[118.348,4.9767],[118.3457,4.9761],[118.345,4.984],[118.3416,4.9833],[118.3461,4.9879],[118.3408,4.9906],[118.3466,4.9911],[118.3421,4.9918]]]]}},{"type":"Feature","properties":{"c":"N.63","n":"Kunak","w":"BN","p":"UMNO","cand":"Anil Jeet Singh","pct":41.5},"geometry":{"type":"MultiPolygon","coordinates":[[[[117.7463,4.7596],[117.7441,4.7575],[117.7452,4.7537],[117.7538,4.7459],[117.7599,4.7361],[117.7681,4.7299],[117.7644,4.715],[117.7696,4.7078],[117.7763,4.7066],[117.7799,4.7026],[117.7829,4.6904],[117.7808,4.676],[117.8011,4.6579],[117.8078,4.6579],[117.8162,4.6544],[117.8195,4.6486],[117.8217,4.6281],[117.8355,4.6138],[117.8343,4.605],[117.8384,4.5938],[117.8464,4.5937],[117.8643,4.6061],[117.8803,4.6125],[117.8893,4.6217],[117.8946,4.6225],[117.897,4.628],[117.9138,4.6311],[117.9214,4.6413],[117.9439,4.6458],[117.9541,4.6459],[117.9565,4.6107],[117.9596,4.609],[117.9676,4.6108],[117.9762,4.6092],[117.9775,4.6113],[117.9805,4.6099],[117.9811,4.6138],[117.9868,4.617],[117.9911,4.615],[117.991,4.6179],[117.9931,4.6158],[118.0014,4.6154],[118.0055,4.6235],[118.0098,4.6225],[118.0105,4.6241],[118.0195,4.6219],[118.0238,4.6244],[118.0447,4.6157],[118.0497,4.6241],[118.0487,4.6278],[118.051,4.6279],[118.0516,4.625],[118.056,4.6267],[118.0725,4.6151],[118.0803,4.6146],[118.0796,4.6119],[118.0838,4.6083],[118.0898,4.6098],[118.0951,4.6074],[118.0966,4.6122],[118.0978,4.6054],[118.1044,4.5971],[118.1065,4.5974],[118.1097,4.6049],[118.1164,4.6065],[118.1185,4.6093],[118.1229,4.6013],[118.1267,4.6035],[118.1322,4.6008],[118.1359,4.6024],[118.1439,4.5972],[118.1489,4.5981],[118.1519,4.5956],[118.1571,4.5963],[118.1564,4.5993],[118.1587,4.5984],[118.1633,4.6015],[118.1663,4.5948],[118.172,4.593],[118.1744,4.5858],[118.1818,4.5831],[118.185,4.5859],[118.1929,4.5829],[118.2011,4.5834],[118.2007,4.5859],[118.2025,4.5859],[118.205,4.5827],[118.2125,4.5811],[118.2276,4.5524],[118.2382,4.5432],[118.235,4.5373],[118.2364,4.5314],[118.2337,4.5274],[118.2377,4.5182],[118.2358,4.5029],[118.242,4.4997],[118.25,4.5171],[118.251,4.5308],[118.2466,4.5456],[118.2483,4.5591],[118.2782,4.5963],[118.2878,4.5988],[118.3056,4.6104],[118.3155,4.6108],[118.3158,4.6162],[118.3206,4.6238],[118.32,4.6306],[118.3124,4.6283],[118.3044,4.6302],[118.3002,4.6409],[118.3042,4.651],[118.3029,4.6562],[118.2982,4.6578],[118.2938,4.6562],[118.2863,4.6615],[118.2724,4.658],[118.2687,4.662],[118.2656,4.6611],[118.2628,4.6684],[118.2637,4.6747],[118.258,4.678],[118.2565,4.692],[118.2503,4.6894],[118.2498,4.6953],[118.2447,4.6931],[118.2435,4.701],[118.239,4.7007],[118.2367,4.7041],[118.2319,4.7034],[118.231,4.7056],[118.2254,4.7063],[118.2253,4.7092],[118.2225,4.71],[118.2232,4.716],[118.2282,4.7192],[118.2272,4.7237],[118.2141,4.727],[118.2128,4.7307],[118.2105,4.7285],[118.2065,4.7297],[118.2099,4.732],[118.2115,4.7376],[118.2041,4.7457],[118.2021,4.756],[118.1932,4.7634],[118.1981,4.7718],[118.196,4.7955],[118.1892,4.8077],[118.1766,4.8138],[118.1702,4.8204],[118.1649,4.8345],[118.1677,4.8371],[118.1558,4.8404],[118.1497,4.8369],[118.1415,4.8405],[118.1312,4.8403],[118.133,4.8474],[118.1229,4.8545],[118.1226,4.8603],[118.1096,4.8606],[118.1072,4.8621],[118.1081,4.8638],[118.1044,4.8633],[118.1043,4.8663],[118.0989,4.8643],[118.0969,4.8678],[118.0914,4.866],[118.0873,4.8688],[118.0841,4.8665],[118.0809,4.8672],[118.0787,4.8722],[118.073,4.8693],[118.0705,4.8721],[118.0686,4.8704],[118.0641,4.8726],[118.0543,4.8685],[118.0532,4.8643],[118.0463,4.8674],[118.0384,4.8631],[118.0325,4.8643],[118.0219,4.8533],[118.0045,4.8595],[117.9977,4.8516],[117.9952,4.8442],[117.9997,4.8361],[117.9852,4.827],[117.978,4.8168],[117.9774,4.8121],[117.9803,4.8142],[117.9831,4.8119],[117.9899,4.7864],[117.9836,4.7775],[117.9699,4.7701],[117.9652,4.7735],[117.9602,4.7704],[117.9561,4.7591],[117.9472,4.7495],[117.9354,4.7511],[117.9281,4.7631],[117.9126,4.764],[117.9052,4.7611],[117.8965,4.7618],[117.8961,4.7597],[117.892,4.7588],[117.8863,4.7601],[117.8795,4.7518],[117.8707,4.7509],[117.8717,4.7418],[117.8693,4.7361],[117.8545,4.7275],[117.8507,4.7222],[117.847,4.7242],[117.8453,4.719],[117.8412,4.7199],[117.8433,4.7287],[117.8381,4.7335],[117.8307,4.732],[117.8289,4.7349],[117.8278,4.7243],[117.8085,4.7153],[117.8045,4.7166],[117.8028,4.7213],[117.7967,4.7205],[117.7935,4.7251],[117.7865,4.7274],[117.7463,4.7596]]],[[[118.3909,4.7623],[118.3856,4.775],[118.3817,4.7768],[118.3849,4.77],[118.3802,4.7634],[118.3865,4.7593],[118.3869,4.7562],[118.391,4.7568],[118.3909,4.7623]]],[[[118.368,4.8018],[118.3578,4.8069],[118.3598,4.8025],[118.3726,4.7961],[118.3728,4.7903],[118.3701,4.7884],[118.3736,4.7847],[118.3782,4.7894],[118.3779,4.7932],[118.3811,4.7942],[118.3835,4.7904],[118.3807,4.7857],[118.3817,4.7828],[118.3894,4.7894],[118.3995,4.7881],[118.4036,4.7913],[118.4056,4.7878],[118.412,4.787],[118.4136,4.7816],[118.4174,4.7837],[118.4136,4.7897],[118.4062,4.7912],[118.4006,4.7982],[118.3938,4.8016],[118.3772,4.806],[118.3738,4.8018],[118.368,4.8018]]],[[[118.3187,4.8074],[118.31,4.8105],[118.3105,4.8021],[118.3081,4.7989],[118.3027,4.7997],[118.3027,4.798],[118.31,4.7962],[118.3212,4.7995],[118.3263,4.7983],[118.3187,4.8074]]],[[[118.2878,4.8172],[118.2762,4.8234],[118.2738,4.8216],[118.2889,4.813],[118.2907,4.8144],[118.2878,4.8172]]]]}},{"type":"Feature","properties":{"c":"N.64","n":"Sulabayan","w":"WARISAN","p":"WARISAN","cand":"Jaujan bin Sambakong","pct":74.7},"geometry":{"type":"MultiPolygon","coordinates":[[[[118.4788,4.5223],[118.4815,4.5186],[118.4909,4.5148],[118.5037,4.5156],[118.506,4.5468],[118.5024,4.554],[118.4962,4.5562],[118.4909,4.5531],[118.4871,4.5438],[118.4895,4.5433],[118.4908,4.5352],[118.4796,4.5311],[118.4788,4.5223]]],[[[118.5803,4.5791],[118.5772,4.5754],[118.574,4.5751],[118.5756,4.5608],[118.5733,4.5603],[118.5715,4.565],[118.567,4.5647],[118.5662,4.5618],[118.5516,4.5535],[118.5357,4.5488],[118.5338,4.5471],[118.5351,4.5449],[118.5291,4.5455],[118.5203,4.5397],[118.5215,4.5332],[118.5269,4.5317],[118.546,4.5388],[118.5584,4.5397],[118.5598,4.5422],[118.5541,4.5487],[118.5631,4.5508],[118.5774,4.5486],[118.5798,4.553],[118.5789,4.5652],[118.5822,4.5752],[118.5803,4.5791]]],[[[118.4991,4.5781],[118.4931,4.5763],[118.4963,4.5703],[118.5036,4.5672],[118.51,4.5689],[118.5054,4.576],[118.4991,4.5781]]],[[[118.3365,4.6395],[118.3368,4.6437],[118.3305,4.646],[118.3298,4.6404],[118.3365,4.6395]]],[[[118.4618,4.6986],[118.4478,4.6987],[118.4397,4.6868],[118.4372,4.6909],[118.4352,4.6823],[118.4316,4.6841],[118.4286,4.6795],[118.4272,4.6831],[118.4233,4.6827],[118.4245,4.6772],[118.4273,4.6764],[118.4266,4.6734],[118.4334,4.6699],[118.4297,4.6628],[118.4155,4.6636],[118.4074,4.6604],[118.3995,4.6664],[118.3971,4.6622],[118.3872,4.666],[118.3845,4.6634],[118.3801,4.665],[118.3787,4.6628],[118.3709,4.6618],[118.3538,4.6674],[118.3423,4.6674],[118.3391,4.6643],[118.3279,4.6634],[118.3203,4.6567],[118.3415,4.6452],[118.352,4.6438],[118.3698,4.6481],[118.3788,4.645],[118.3807,4.6415],[118.39,4.6408],[118.4023,4.636],[118.412,4.6292],[118.4154,4.6323],[118.4224,4.6325],[118.4274,4.6286],[118.4389,4.6289],[118.4442,4.6238],[118.4444,4.6185],[118.4483,4.6147],[118.4478,4.6092],[118.4544,4.6117],[118.4605,4.6069],[118.4663,4.6058],[118.4721,4.6149],[118.4789,4.6177],[118.4891,4.6103],[118.5056,4.6037],[118.5131,4.5969],[118.5325,4.5974],[118.5331,4.6025],[118.5288,4.6049],[118.5312,4.6114],[118.5367,4.6171],[118.5438,4.6166],[118.5451,4.6134],[118.543,4.6099],[118.5522,4.5885],[118.5578,4.5949],[118.56,4.6116],[118.5647,4.6182],[118.5699,4.6217],[118.5781,4.6195],[118.5863,4.6263],[118.5869,4.6314],[118.5834,4.6362],[118.5718,4.6409],[118.5679,4.6384],[118.5648,4.6434],[118.5519,4.6477],[118.5449,4.6556],[118.5397,4.6564],[118.5418,4.6527],[118.5345,4.645],[118.5182,4.649],[118.5207,4.6547],[118.5161,4.6612],[118.511,4.6591],[118.5074,4.6606],[118.5069,4.6466],[118.4999,4.6401],[118.4955,4.6412],[118.4946,4.6588],[118.4918,4.6613],[118.4891,4.6585],[118.4838,4.6689],[118.4862,4.675],[118.4897,4.6758],[118.4728,4.6761],[118.4702,4.6814],[118.4669,4.6814],[118.463,4.6867],[118.4657,4.6936],[118.4618,4.6986]]],[[[118.4119,4.7103],[118.4068,4.7084],[118.3979,4.7096],[118.3982,4.7046],[118.389,4.7011],[118.3909,4.6988],[118.3973,4.7008],[118.3967,4.6958],[118.4014,4.6933],[118.4052,4.6959],[118.4061,4.7015],[118.4098,4.7019],[118.4114,4.6989],[118.4072,4.6922],[118.4141,4.6893],[118.432,4.6924],[118.4312,4.6968],[118.4197,4.6989],[118.4173,4.7056],[118.4113,4.7076],[118.4119,4.7103]]],[[[118.463,4.7201],[118.46,4.724],[118.4596,4.7205],[118.4516,4.7215],[118.449,4.7186],[118.4501,4.7154],[118.4467,4.7104],[118.4496,4.7055],[118.4553,4.7073],[118.4588,4.7037],[118.4604,4.7063],[118.4632,4.7058],[118.4629,4.7089],[118.4687,4.7162],[118.4752,4.717],[118.4764,4.7195],[118.4674,4.7181],[118.463,4.7201]]],[[[118.6647,4.388],[118.6609,4.3918],[118.6513,4.391],[118.647,4.3833],[118.6557,4.3835],[118.6647,4.388]]],[[[118.6106,4.5665],[118.6035,4.5652],[118.5958,4.554],[118.6107,4.5561],[118.6134,4.5617],[118.6106,4.5665]]],[[[118.7565,4.4281],[118.75,4.4267],[118.7614,4.4206],[118.7578,4.4153],[118.7632,4.4156],[118.7653,4.4213],[118.7689,4.422],[118.7682,4.4243],[118.7565,4.4281]]],[[[118.6463,4.4923],[118.6415,4.4968],[118.6302,4.4999],[118.6282,4.4982],[118.6297,4.4946],[118.6276,4.4966],[118.6274,4.4938],[118.629,4.4914],[118.6328,4.496],[118.6347,4.495],[118.639,4.4851],[118.633,4.4838],[118.6272,4.4881],[118.631,4.484],[118.6253,4.4845],[118.6272,4.4774],[118.6308,4.4764],[118.6314,4.472],[118.6373,4.4686],[118.6396,4.4614],[118.6468,4.4594],[118.6552,4.4503],[118.6539,4.4443],[118.6566,4.4437],[118.6567,4.4413],[118.6545,4.4392],[118.6572,4.4367],[118.6502,4.4302],[118.6517,4.4275],[118.6432,4.4219],[118.6432,4.4158],[118.6493,4.4141],[118.6523,4.4172],[118.656,4.4172],[118.6557,4.4193],[118.6597,4.4194],[118.6652,4.4268],[118.6673,4.4235],[118.67,4.4273],[118.6723,4.4256],[118.674,4.4283],[118.6756,4.4275],[118.6852,4.4397],[118.683,4.4424],[118.7013,4.4405],[118.7116,4.4378],[118.7131,4.4351],[118.7188,4.4372],[118.7222,4.436],[118.7247,4.4404],[118.7401,4.4416],[118.7533,4.4562],[118.7422,4.4572],[118.7441,4.4586],[118.7429,4.4665],[118.7406,4.4695],[118.7338,4.4705],[118.7388,4.4687],[118.7406,4.4642],[118.7402,4.4508],[118.7375,4.4537],[118.7356,4.4503],[118.7325,4.4517],[118.7344,4.4573],[118.7323,4.4616],[118.7282,4.4609],[118.719,4.4642],[118.7221,4.4717],[118.7152,4.4723],[118.7137,4.4683],[118.7101,4.4699],[118.7096,4.4676],[118.7019,4.4734],[118.6938,4.4706],[118.6893,4.4738],[118.6891,4.4786],[118.6834,4.4788],[118.6844,4.4821],[118.6816,4.4814],[118.6843,4.486],[118.6804,4.4908],[118.6723,4.4895],[118.6709,4.4946],[118.6495,4.491],[118.6463,4.4923]]],[[[118.843,4.5332],[118.8411,4.5335],[118.8474,4.5259],[118.8524,4.5243],[118.855,4.5261],[118.843,4.5332]]],[[[118.7882,4.6093],[118.7822,4.6114],[118.7807,4.5867],[118.7877,4.5863],[118.7913,4.5912],[118.7918,4.6002],[118.7946,4.6029],[118.7882,4.6093]]],[[[118.7572,4.6273],[118.7507,4.6306],[118.737,4.627],[118.7272,4.6177],[118.7225,4.6024],[118.7442,4.6152],[118.7481,4.624],[118.7599,4.617],[118.7686,4.6161],[118.7741,4.6077],[118.7823,4.6129],[118.7768,4.6169],[118.772,4.6262],[118.7572,4.6273]]]]}},{"type":"Feature","properties":{"c":"N.65","n":"Senallang","w":"WARISAN","p":"WARISAN","cand":"Mohd Shafie bin Apdal","pct":79.6},"geometry":{"type":"MultiPolygon","coordinates":[[[[118.596,4.3586],[118.5933,4.3654],[118.5821,4.356],[118.587,4.3551],[118.596,4.3586]]],[[[118.6119,4.4818],[118.5985,4.4747],[118.5973,4.4758],[118.6018,4.4821],[118.5908,4.4789],[118.5848,4.4729],[118.5848,4.466],[118.5868,4.4642],[118.5902,4.4625],[118.5957,4.4658],[118.6004,4.4644],[118.5994,4.4607],[118.606,4.4529],[118.602,4.449],[118.5868,4.4483],[118.5873,4.4503],[118.5844,4.4505],[118.5781,4.457],[118.5695,4.4548],[118.5683,4.4593],[118.5651,4.46],[118.5639,4.4539],[118.5507,4.4463],[118.5473,4.4411],[118.527,4.4373],[118.5145,4.4214],[118.506,4.4188],[118.4698,4.4235],[118.4358,4.3952],[118.431,4.3957],[118.4189,4.4143],[118.3916,4.4083],[118.366,4.411],[118.33,4.4213],[118.2958,4.4405],[118.2711,4.4499],[118.2676,4.461],[118.2508,4.4561],[118.243,4.4489],[118.2423,4.4424],[118.2446,4.4387],[118.2421,4.4368],[118.2502,4.4329],[118.2481,4.4314],[118.2482,4.4266],[118.2515,4.4228],[118.2503,4.4185],[118.256,4.4178],[118.2605,4.409],[118.2653,4.4125],[118.274,4.4116],[118.2857,4.3917],[118.2961,4.3966],[118.3054,4.3921],[118.3128,4.3754],[118.3295,4.3644],[118.3403,4.3613],[118.3521,4.3427],[118.3579,4.3402],[118.3673,4.3467],[118.3826,4.3459],[118.3902,4.3309],[118.3988,4.3291],[118.4106,4.3302],[118.4125,4.3248],[118.4178,4.3302],[118.4234,4.3318],[118.4211,4.3362],[118.4272,4.343],[118.4362,4.3455],[118.4438,4.3438],[118.4528,4.3495],[118.4845,4.3597],[118.5026,4.3617],[118.5115,4.3542],[118.5265,4.3497],[118.5313,4.3515],[118.5472,4.3493],[118.5517,4.3507],[118.5479,4.3628],[118.5441,4.3669],[118.5495,4.3806],[118.5546,4.3848],[118.5514,4.3757],[118.5545,4.3712],[118.5602,4.371],[118.5715,4.3779],[118.5717,4.382],[118.5756,4.3819],[118.5793,4.385],[118.589,4.3981],[118.5956,4.399],[118.592,4.408],[118.5853,4.4158],[118.5748,4.4216],[118.5714,4.4269],[118.5721,4.4306],[118.5791,4.4267],[118.5873,4.4277],[118.589,4.4412],[118.5912,4.4428],[118.5952,4.4265],[118.5997,4.4237],[118.6034,4.427],[118.6054,4.4199],[118.603,4.4158],[118.6042,4.4065],[118.609,4.4029],[118.6133,4.4031],[118.6202,4.4093],[118.6205,4.4168],[118.6178,4.418],[118.6216,4.4179],[118.6256,4.4233],[118.6286,4.4232],[118.6298,4.4273],[118.6398,4.434],[118.6441,4.4413],[118.643,4.448],[118.6283,4.4611],[118.6233,4.4713],[118.619,4.4711],[118.6156,4.4761],[118.6099,4.4727],[118.6129,4.4785],[118.6182,4.4785],[118.6181,4.4806],[118.6119,4.4818]]]]}},{"type":"Feature","properties":{"c":"N.66","n":"Bugaya","w":"WARISAN","p":"WARISAN","cand":"Jamil bin Hamzah","pct":67.6},"geometry":{"type":"MultiPolygon","coordinates":[[[[118.6224,4.4719],[118.6164,4.478],[118.6129,4.4785],[118.6103,4.4754],[118.6099,4.4727],[118.6156,4.4761],[118.619,4.4711],[118.6224,4.4719]]],[[[118.242,4.4997],[118.2461,4.4944],[118.2426,4.4944],[118.2402,4.4898],[118.2451,4.4865],[118.242,4.4829],[118.2471,4.4764],[118.2446,4.4737],[118.2466,4.4635],[118.2508,4.4621],[118.2506,4.4552],[118.2676,4.461],[118.2711,4.4499],[118.2958,4.4405],[118.33,4.4213],[118.366,4.411],[118.3916,4.4083],[118.4189,4.4143],[118.431,4.3957],[118.4358,4.3952],[118.4698,4.4235],[118.506,4.4188],[118.5145,4.4214],[118.527,4.4373],[118.5473,4.4411],[118.5507,4.4463],[118.5639,4.4539],[118.5651,4.46],[118.5683,4.4593],[118.5695,4.4548],[118.5781,4.457],[118.5844,4.4505],[118.5873,4.4503],[118.5868,4.4483],[118.602,4.449],[118.606,4.4529],[118.5994,4.4607],[118.6004,4.4644],[118.5957,4.4658],[118.5902,4.4625],[118.5868,4.4642],[118.5848,4.466],[118.5848,4.4729],[118.5908,4.4789],[118.6018,4.4821],[118.5973,4.4758],[118.5985,4.4747],[118.6119,4.4818],[118.605,4.4904],[118.6005,4.4892],[118.6031,4.4854],[118.598,4.4828],[118.5948,4.4911],[118.5856,4.498],[118.5805,4.4924],[118.5835,4.4869],[118.5711,4.4885],[118.5708,4.4917],[118.576,4.4992],[118.5939,4.5089],[118.5915,4.5137],[118.5831,4.5131],[118.5824,4.5154],[118.5861,4.5153],[118.5851,4.517],[118.5739,4.5161],[118.5719,4.5206],[118.5663,4.5203],[118.5648,4.5173],[118.5641,4.5215],[118.5362,4.5247],[118.5328,4.5237],[118.5185,4.506],[118.5195,4.5031],[118.5151,4.5027],[118.5106,4.4974],[118.5046,4.4856],[118.5065,4.4845],[118.5041,4.4723],[118.4952,4.4691],[118.4935,4.465],[118.4974,4.459],[118.4974,4.4518],[118.494,4.4494],[118.4745,4.4518],[118.4743,4.4547],[118.4788,4.4554],[118.4752,4.4583],[118.4773,4.4599],[118.4757,4.4612],[118.482,4.4607],[118.4856,4.464],[118.488,4.4791],[118.4834,4.4846],[118.4876,4.4859],[118.4723,4.509],[118.4554,4.5137],[118.4525,4.5204],[118.4625,4.5267],[118.4691,4.5257],[118.4763,4.5293],[118.4769,4.5363],[118.4832,4.5506],[118.487,4.5513],[118.4849,4.5535],[118.4886,4.561],[118.4865,4.5653],[118.474,4.5749],[118.4678,4.5696],[118.465,4.5707],[118.4625,4.5686],[118.449,4.5864],[118.4454,4.5896],[118.4392,4.5902],[118.4331,4.6013],[118.4218,4.6015],[118.4159,4.5981],[118.4131,4.5876],[118.4039,4.5738],[118.3948,4.5926],[118.3894,4.5947],[118.3867,4.5888],[118.3858,4.5913],[118.3826,4.5897],[118.3854,4.5924],[118.3691,4.6118],[118.3708,4.6271],[118.3564,4.6334],[118.3411,4.6278],[118.3307,4.6269],[118.3205,4.6311],[118.3206,4.6238],[118.3158,4.6162],[118.3155,4.6108],[118.3056,4.6104],[118.2878,4.5988],[118.2782,4.5963],[118.2483,4.5591],[118.2466,4.5456],[118.251,4.5308],[118.25,4.5171],[118.242,4.4997]]]]}},{"type":"Feature","properties":{"c":"N.67","n":"Balung","w":"GRS","p":"PGRS","cand":"Syed Ahmad bin Syed Abas","pct":35.9},"geometry":{"type":"Polygon","coordinates":[[[117.9565,4.6107],[117.9557,4.5767],[117.9473,4.5018],[117.9353,4.4697],[117.9467,4.4363],[117.9508,4.4124],[117.9591,4.3887],[117.9586,4.3761],[117.9371,4.351],[117.9416,4.3379],[117.9535,4.3195],[117.955,4.2982],[117.9542,4.2964],[117.9395,4.2992],[117.9252,4.2938],[117.9279,4.2871],[117.9349,4.2864],[117.9358,4.2756],[117.9388,4.2727],[117.9321,4.2581],[117.9376,4.2512],[117.9416,4.2516],[117.9441,4.2555],[117.9513,4.2564],[117.951,4.2522],[117.9558,4.2487],[117.9563,4.2558],[117.9654,4.2574],[117.9689,4.268],[117.9728,4.2706],[117.9831,4.2724],[118.0038,4.2689],[118.0164,4.2585],[118.0263,4.272],[118.0436,4.2756],[118.0541,4.2741],[118.062,4.2829],[118.0652,4.2826],[118.0652,4.2857],[118.068,4.2857],[118.0687,4.2831],[118.0908,4.3089],[118.0936,4.33],[118.0903,4.3461],[118.0919,4.3535],[118.1132,4.3761],[118.118,4.3781],[118.141,4.3777],[118.1542,4.3862],[118.1599,4.3996],[118.1795,4.4044],[118.1823,4.4083],[118.183,4.4228],[118.1902,4.4361],[118.2174,4.4462],[118.2249,4.4524],[118.2323,4.4509],[118.2435,4.453],[118.2465,4.4513],[118.2508,4.4541],[118.2508,4.4621],[118.2466,4.4635],[118.2446,4.4737],[118.2471,4.4764],[118.242,4.4829],[118.2451,4.4865],[118.2399,4.4922],[118.2461,4.4944],[118.2358,4.5029],[118.2377,4.5182],[118.2337,4.5274],[118.2364,4.5314],[118.235,4.5373],[118.2382,4.5432],[118.2276,4.5524],[118.2172,4.5751],[118.2106,4.5822],[118.205,4.5827],[118.2025,4.5859],[118.2007,4.5859],[118.2011,4.5834],[118.1929,4.5829],[118.185,4.5859],[118.1818,4.5831],[118.1744,4.5858],[118.172,4.593],[118.1663,4.5948],[118.1633,4.6015],[118.1587,4.5984],[118.1564,4.5993],[118.1571,4.5963],[118.1519,4.5956],[118.1489,4.5981],[118.1439,4.5972],[118.1359,4.6024],[118.1322,4.6008],[118.1267,4.6035],[118.1229,4.6013],[118.1185,4.6093],[118.1164,4.6065],[118.1097,4.6049],[118.1065,4.5974],[118.1044,4.5971],[118.0978,4.6054],[118.0966,4.6122],[118.0951,4.6074],[118.0898,4.6098],[118.0838,4.6083],[118.0796,4.6119],[118.0803,4.6146],[118.0725,4.6151],[118.056,4.6267],[118.0516,4.625],[118.051,4.6279],[118.0487,4.6278],[118.0497,4.6241],[118.0447,4.6157],[118.0238,4.6244],[118.0195,4.6219],[118.0105,4.6241],[118.0098,4.6225],[118.0055,4.6235],[118.0014,4.6154],[117.9931,4.6158],[117.991,4.6179],[117.9895,4.6145],[117.9892,4.6169],[117.9868,4.617],[117.9811,4.6138],[117.9805,4.6099],[117.9775,4.6113],[117.9762,4.6092],[117.9676,4.6108],[117.9596,4.609],[117.9565,4.6107]]]}},{"type":"Feature","properties":{"c":"N.68","n":"Apas","w":"GRS","p":"PGRS","cand":"Nizam bin Abu Bakar Titingan","pct":49.7},"geometry":{"type":"Polygon","coordinates":[[[118.2465,4.4513],[118.2435,4.453],[118.2323,4.4509],[118.2249,4.4524],[118.2174,4.4462],[118.1902,4.4361],[118.183,4.4228],[118.1823,4.4083],[118.1795,4.4044],[118.1599,4.3996],[118.1542,4.3862],[118.141,4.3777],[118.118,4.3781],[118.1132,4.3761],[118.0919,4.3535],[118.0903,4.3461],[118.0936,4.3307],[118.0932,4.3202],[118.0897,4.3065],[118.0759,4.2937],[118.0687,4.2831],[118.068,4.2857],[118.0652,4.2857],[118.0652,4.2826],[118.0599,4.2811],[118.0553,4.2746],[118.0436,4.2756],[118.0263,4.272],[118.0164,4.2585],[118.0038,4.2689],[117.9831,4.2724],[117.9728,4.2706],[117.9689,4.268],[117.9654,4.2574],[117.9563,4.2558],[117.9558,4.2487],[117.951,4.2522],[117.9513,4.2564],[117.9441,4.2555],[117.9416,4.2516],[117.9376,4.2512],[117.9319,4.2585],[117.9291,4.2585],[117.927,4.2549],[117.9244,4.2551],[117.924,4.2512],[117.8996,4.2518],[117.8992,4.2444],[117.8951,4.2446],[117.8955,4.243],[117.903,4.2383],[117.9198,4.247],[117.9329,4.2485],[117.9366,4.2437],[117.9498,4.2434],[117.9551,4.2393],[117.9669,4.2358],[117.9692,4.228],[117.9782,4.2231],[117.9916,4.2246],[117.9959,4.2215],[118.018,4.2318],[118.0225,4.236],[118.028,4.2362],[118.0587,4.25],[118.0762,4.2546],[118.0905,4.2673],[118.1129,4.2808],[118.1395,4.2894],[118.1546,4.2919],[118.158,4.2901],[118.1583,4.2944],[118.1675,4.2974],[118.178,4.2986],[118.1902,4.2917],[118.1958,4.2912],[118.2153,4.2966],[118.2166,4.2941],[118.2267,4.2925],[118.2227,4.2975],[118.2229,4.302],[118.2306,4.3085],[118.2511,4.3179],[118.2999,4.3264],[118.3111,4.327],[118.3121,4.3234],[118.3196,4.3233],[118.3312,4.333],[118.334,4.3329],[118.3321,4.3283],[118.3368,4.3239],[118.3492,4.3212],[118.3516,4.3139],[118.3601,4.3183],[118.3585,4.3228],[118.3521,4.3283],[118.3525,4.3348],[118.35,4.3401],[118.3388,4.3424],[118.3471,4.3491],[118.3403,4.3613],[118.3295,4.3644],[118.3128,4.3754],[118.3075,4.3897],[118.3018,4.3946],[118.2961,4.3966],[118.2857,4.3917],[118.274,4.4116],[118.2653,4.4125],[118.2605,4.409],[118.256,4.4178],[118.2503,4.4185],[118.2515,4.4228],[118.2482,4.4266],[118.2481,4.4314],[118.2502,4.4329],[118.2421,4.4368],[118.2446,4.4387],[118.2423,4.4424],[118.243,4.4489],[118.2465,4.4513]]]}},{"type":"Feature","properties":{"c":"N.69","n":"Sri Tanjong","w":"WARISAN","p":"WARISAN","cand":"Justin Wong Yung Bin","pct":52.6},"geometry":{"type":"Polygon","coordinates":[[[117.9252,4.2938],[117.9137,4.2855],[117.9068,4.2862],[117.9046,4.2747],[117.8929,4.2744],[117.8931,4.2797],[117.8907,4.2831],[117.8874,4.2776],[117.8908,4.2723],[117.8963,4.2716],[117.8958,4.2616],[117.8912,4.2624],[117.8887,4.2533],[117.8825,4.2538],[117.8821,4.2502],[117.8772,4.2492],[117.8788,4.2451],[117.8857,4.241],[117.8956,4.2421],[117.8951,4.2446],[117.8992,4.2444],[117.8996,4.2518],[117.924,4.2512],[117.9277,4.2583],[117.9319,4.2585],[117.9388,4.2727],[117.9358,4.2756],[117.9349,4.2864],[117.9279,4.2871],[117.9252,4.2938]]]}},{"type":"Feature","properties":{"c":"N.70","n":"Kukusan","w":"BEBAS","p":"BEBAS","cand":"Rina binti Jainal","pct":31.6},"geometry":{"type":"Polygon","coordinates":[[[117.8919,4.283],[117.8971,4.2911],[117.8859,4.2946],[117.8848,4.3077],[117.8815,4.3056],[117.8802,4.2991],[117.8808,4.2792],[117.878,4.2816],[117.8699,4.28],[117.8705,4.2764],[117.8784,4.2765],[117.8782,4.2589],[117.8717,4.2572],[117.8741,4.2548],[117.8764,4.2557],[117.8772,4.2492],[117.8821,4.2502],[117.8825,4.2538],[117.8887,4.2533],[117.8912,4.2624],[117.8958,4.2616],[117.8963,4.2716],[117.8908,4.2723],[117.8874,4.2776],[117.8919,4.283]]]}},{"type":"Feature","properties":{"c":"N.71","n":"Tanjung Batu","w":"GRS","p":"PGRS","cand":"Andi Md Shamsureezal bin Mohd Sainal","pct":34.8},"geometry":{"type":"Polygon","coordinates":[[[117.8808,4.3023],[117.8711,4.3018],[117.8687,4.3037],[117.8675,4.3],[117.8642,4.2988],[117.854,4.3022],[117.845,4.3006],[117.8389,4.3034],[117.8358,4.3019],[117.8455,4.2931],[117.8618,4.2847],[117.8566,4.2819],[117.8573,4.2797],[117.8537,4.2763],[117.8549,4.2737],[117.8642,4.2778],[117.8682,4.268],[117.8669,4.2646],[117.8705,4.2672],[117.8731,4.2644],[117.87,4.2601],[117.8724,4.2576],[117.8782,4.2589],[117.8784,4.2765],[117.8705,4.2764],[117.8699,4.28],[117.878,4.2816],[117.8808,4.2792],[117.8808,4.3023]]]}},{"type":"Feature","properties":{"c":"N.72","n":"Merotai","w":"WARISAN","p":"WARISAN","cand":"Sarifuddin bin Hata","pct":58.2},"geometry":{"type":"Polygon","coordinates":[[[117.7338,4.7651],[117.7369,4.7566],[117.7409,4.7575],[117.7371,4.749],[117.7348,4.748],[117.7296,4.7538],[117.724,4.7541],[117.7241,4.7481],[117.7265,4.7338],[117.7301,4.7311],[117.7351,4.7316],[117.7404,4.7182],[117.738,4.7182],[117.7384,4.712],[117.7336,4.7072],[117.7351,4.7048],[117.7312,4.7016],[117.7219,4.7003],[117.7221,4.6961],[117.7307,4.6803],[117.7286,4.6764],[117.731,4.6745],[117.7263,4.6702],[117.7296,4.6692],[117.7295,4.6642],[117.7337,4.6623],[117.7341,4.6584],[117.7427,4.6614],[117.7446,4.6557],[117.7441,4.6439],[117.7352,4.6362],[117.7308,4.6246],[117.7306,4.6268],[117.7263,4.6268],[117.7255,4.6235],[117.7203,4.6247],[117.7167,4.6221],[117.7158,4.6191],[117.7186,4.6152],[117.7161,4.611],[117.7108,4.6095],[117.7089,4.6058],[117.7049,4.6069],[117.7031,4.6044],[117.6973,4.6041],[117.6944,4.6009],[117.694,4.5928],[117.687,4.5928],[117.6885,4.5821],[117.687,4.5792],[117.6896,4.5776],[117.6865,4.5727],[117.6894,4.5691],[117.6823,4.5645],[117.6769,4.5562],[117.6852,4.5526],[117.6888,4.5489],[117.6893,4.5437],[117.6916,4.5478],[117.6998,4.5483],[117.6995,4.5389],[117.6971,4.5378],[117.6989,4.527],[117.7113,4.5268],[117.7132,4.5232],[117.7195,4.5228],[117.7231,4.5166],[117.7294,4.5164],[117.7326,4.5138],[117.7437,4.515],[117.7529,4.5074],[117.7637,4.5035],[117.7676,4.5097],[117.7677,4.5261],[117.7703,4.5289],[117.7825,4.5286],[117.7826,4.5393],[117.7868,4.5377],[117.7976,4.5392],[117.8041,4.5337],[117.802,4.5284],[117.7964,4.5248],[117.7993,4.5163],[117.7971,4.5101],[117.8015,4.5068],[117.7981,4.5071],[117.7879,4.4957],[117.7864,4.4967],[117.784,4.4912],[117.7868,4.4858],[117.7834,4.4855],[117.7823,4.4826],[117.7765,4.4851],[117.7779,4.482],[117.7747,4.4814],[117.7758,4.4794],[117.7679,4.4722],[117.7658,4.4554],[117.7724,4.4435],[117.7688,4.4416],[117.7689,4.4367],[117.7649,4.4319],[117.7681,4.4292],[117.7626,4.4286],[117.7644,4.426],[117.7622,4.4239],[117.7644,4.4221],[117.7615,4.421],[117.7635,4.417],[117.7619,4.4152],[117.7645,4.4147],[117.7623,4.4124],[117.7538,4.4172],[117.742,4.4112],[117.7411,4.4086],[117.7367,4.4074],[117.7351,4.409],[117.7336,4.4034],[117.7304,4.4029],[117.7329,4.3948],[117.7268,4.3938],[117.7261,4.3912],[117.7355,4.3747],[117.7364,4.3586],[117.7386,4.3552],[117.7482,4.3528],[117.7605,4.3346],[117.7638,4.3328],[117.7864,4.3277],[117.8031,4.3351],[117.8046,4.3246],[117.8128,4.3194],[117.8107,4.3145],[117.8153,4.3056],[117.8281,4.3076],[117.842,4.3011],[117.854,4.3022],[117.8642,4.2988],[117.8675,4.3],[117.8687,4.3037],[117.8711,4.3018],[117.8808,4.3023],[117.8848,4.3077],[117.8859,4.2946],[117.8971,4.2911],[117.8919,4.283],[117.8929,4.2744],[117.9046,4.2747],[117.9068,4.2862],[117.9137,4.2855],[117.9339,4.298],[117.9395,4.2992],[117.9542,4.2964],[117.955,4.2982],[117.9535,4.3195],[117.9416,4.3379],[117.9371,4.351],[117.9586,4.3761],[117.9591,4.3887],[117.9508,4.4124],[117.9467,4.4363],[117.9353,4.4697],[117.9473,4.5018],[117.9511,4.5324],[117.9564,4.589],[117.9541,4.6459],[117.9214,4.6413],[117.9138,4.6311],[117.897,4.628],[117.8946,4.6225],[117.8893,4.6217],[117.8803,4.6125],[117.8643,4.6061],[117.8464,4.5937],[117.8384,4.5938],[117.8343,4.605],[117.8355,4.6138],[117.8217,4.6281],[117.8195,4.6486],[117.8162,4.6544],[117.8078,4.6579],[117.8011,4.6579],[117.7808,4.676],[117.7829,4.6904],[117.7799,4.7026],[117.7763,4.7066],[117.7696,4.7078],[117.7644,4.715],[117.7681,4.7299],[117.7599,4.7361],[117.7538,4.7459],[117.7452,4.7537],[117.7441,4.7575],[117.7463,4.7596],[117.7338,4.7651]]]}},{"type":"Feature","properties":{"c":"N.73","n":"Sebatik","w":"WARISAN","p":"WARISAN","cand":"Manahing Tinggilani @ Tanggilani","pct":27.0},"geometry":{"type":"MultiPolygon","coordinates":[[[[117.6356,4.1852],[117.6446,4.1904],[117.6367,4.1988],[117.6285,4.202],[117.6356,4.1852]]],[[[117.695,4.2634],[117.682,4.2643],[117.6728,4.2617],[117.6589,4.2449],[117.6439,4.2367],[117.6256,4.2189],[117.6271,4.206],[117.6376,4.2011],[117.6601,4.1816],[117.6658,4.1806],[117.6671,4.1757],[117.6724,4.1709],[117.6808,4.1714],[117.6843,4.1658],[117.6881,4.1657],[117.9006,4.1657],[117.8901,4.174],[117.8809,4.1861],[117.8562,4.1882],[117.8357,4.1952],[117.8251,4.1951],[117.8146,4.1995],[117.7998,4.2137],[117.7838,4.2207],[117.7794,4.2269],[117.7784,4.2415],[117.765,4.247],[117.754,4.2574],[117.695,4.2634]]],[[[116.954,4.3552],[116.9545,4.35],[116.962,4.3443],[116.9658,4.3364],[116.9757,4.3433],[116.9916,4.3408],[117.0053,4.3469],[117.008,4.3462],[117.007,4.3213],[117.0203,4.3186],[117.0265,4.3275],[117.0299,4.3389],[117.0424,4.3462],[117.0772,4.336],[117.1098,4.3335],[117.1164,4.3346],[117.1196,4.3389],[117.1336,4.3453],[117.1419,4.3431],[117.1421,4.3521],[117.1544,4.3533],[117.1611,4.3497],[117.1626,4.3453],[117.1669,4.3454],[117.1669,4.3372],[117.1693,4.3348],[117.1885,4.3383],[117.201,4.3356],[117.2103,4.3476],[117.2113,4.3605],[117.2237,4.3619],[117.2317,4.3681],[117.2476,4.3742],[117.2511,4.3709],[117.2495,4.3651],[117.265,4.357],[117.2737,4.3427],[117.2847,4.3344],[117.2857,4.3252],[117.2919,4.3136],[117.3082,4.3092],[117.3118,4.3003],[117.316,4.3002],[117.3201,4.3037],[117.3306,4.2963],[117.337,4.295],[117.3408,4.2908],[117.3509,4.2903],[117.3659,4.2851],[117.3713,4.2858],[117.3735,4.2835],[117.3719,4.2768],[117.3736,4.273],[117.3866,4.2579],[117.3971,4.2585],[117.4014,4.2548],[117.4049,4.2549],[117.4145,4.2455],[117.4175,4.2362],[117.4265,4.2323],[117.4296,4.2339],[117.4317,4.2274],[117.4236,4.2223],[117.4264,4.2163],[117.4317,4.2104],[117.4383,4.2074],[117.4363,4.2003],[117.4403,4.1985],[117.4423,4.1924],[117.4501,4.1912],[117.4585,4.1804],[117.4686,4.1752],[117.4766,4.1748],[117.4799,4.1783],[117.4864,4.1774],[117.4934,4.172],[117.4969,4.1731],[117.5029,4.1693],[117.5115,4.169],[117.5165,4.1643],[117.5264,4.1612],[117.5344,4.1646],[117.5361,4.171],[117.5396,4.1736],[117.5435,4.1683],[117.5467,4.1675],[117.5665,4.1798],[117.5801,4.18],[117.5921,4.1755],[117.618,4.1583],[117.6216,4.159],[117.622,4.1711],[117.6176,4.1803],[117.6124,4.1871],[117.6012,4.1952],[117.6085,4.2123],[117.6074,4.2179],[117.6124,4.226],[117.6199,4.2303],[117.6272,4.2387],[117.6511,4.2524],[117.6463,4.2743],[117.6501,4.2781],[117.6567,4.2747],[117.6574,4.2811],[117.641,4.2962],[117.6192,4.2965],[117.6136,4.3],[117.6212,4.3041],[117.6282,4.3344],[117.6286,4.3474],[117.6204,4.3621],[117.6065,4.368],[117.6015,4.3725],[117.5982,4.3871],[117.5906,4.3856],[117.5882,4.3884],[117.5899,4.4005],[117.593,4.4012],[117.6029,4.3938],[117.6079,4.3965],[117.6084,4.3946],[117.6206,4.3965],[117.6262,4.4003],[117.6318,4.388],[117.6365,4.3847],[117.6456,4.3845],[117.6495,4.3923],[117.6559,4.3978],[117.6539,4.4088],[117.6595,4.4106],[117.668,4.4044],[117.6723,4.4061],[117.6785,4.4041],[117.6789,4.4012],[117.6735,4.3953],[117.6789,4.3927],[117.6807,4.3879],[117.6908,4.3788],[117.7017,4.3766],[117.7027,4.3731],[117.7071,4.3721],[117.7099,4.3761],[117.7195,4.3567],[117.7364,4.3586],[117.7355,4.3747],[117.7261,4.3912],[117.7268,4.3938],[117.7329,4.3948],[117.7304,4.4029],[117.7336,4.4034],[117.7351,4.409],[117.7367,4.4074],[117.7411,4.4086],[117.742,4.4112],[117.7538,4.4172],[117.7623,4.4124],[117.7645,4.4147],[117.7619,4.4152],[117.7635,4.417],[117.7615,4.421],[117.7644,4.4221],[117.7622,4.4239],[117.7644,4.426],[117.7626,4.4286],[117.7681,4.4292],[117.7649,4.4319],[117.7689,4.4367],[117.7688,4.4416],[117.7724,4.4435],[117.7658,4.4554],[117.7679,4.4722],[117.7758,4.4794],[117.7747,4.4814],[117.7779,4.482],[117.7765,4.4851],[117.7823,4.4826],[117.7834,4.4855],[117.7868,4.4858],[117.784,4.4912],[117.7864,4.4967],[117.7879,4.4957],[117.7981,4.5071],[117.802,4.508],[117.7971,4.5101],[117.7993,4.5163],[117.7964,4.5248],[117.802,4.5284],[117.8041,4.5337],[117.7976,4.5392],[117.7868,4.5377],[117.7826,4.5393],[117.7825,4.5286],[117.7703,4.5289],[117.7663,4.5225],[117.7676,4.5097],[117.7637,4.5035],[117.7529,4.5074],[117.7437,4.515],[117.7326,4.5138],[117.7294,4.5164],[117.7231,4.5166],[117.7195,4.5228],[117.7132,4.5232],[117.7113,4.5268],[117.6989,4.527],[117.6971,4.5378],[117.6995,4.5389],[117.6998,4.5483],[117.6916,4.5478],[117.6893,4.5437],[117.6888,4.5489],[117.6852,4.5526],[117.6769,4.5562],[117.6823,4.5645],[117.6894,4.5691],[117.6865,4.5727],[117.6896,4.5776],[117.687,4.5792],[117.6885,4.5821],[117.687,4.5928],[117.694,4.5928],[117.6944,4.6009],[117.6973,4.6041],[117.7031,4.6044],[117.7049,4.6069],[117.7089,4.6058],[117.7108,4.6095],[117.7161,4.611],[117.7186,4.6152],[117.7158,4.6191],[117.7167,4.6221],[117.7203,4.6247],[117.7255,4.6235],[117.7263,4.6268],[117.7306,4.6268],[117.7308,4.6246],[117.7352,4.6362],[117.7441,4.6439],[117.7446,4.6557],[117.7427,4.6614],[117.7341,4.6584],[117.7337,4.6623],[117.7295,4.6642],[117.7296,4.6692],[117.7263,4.6702],[117.731,4.6745],[117.7286,4.6764],[117.7307,4.6803],[117.7225,4.6941],[117.7219,4.7003],[117.7312,4.7016],[117.7351,4.7048],[117.7336,4.7072],[117.7384,4.712],[117.738,4.7182],[117.7404,4.7182],[117.7351,4.7316],[117.7301,4.7311],[117.7265,4.7338],[117.724,4.7541],[117.7296,4.7538],[117.7348,4.748],[117.7409,4.7575],[117.7369,4.7566],[117.7353,4.7639],[117.7254,4.7725],[117.7181,4.7734],[117.7108,4.7672],[117.7069,4.7504],[117.7004,4.7446],[117.6785,4.7393],[117.6667,4.7328],[117.6625,4.7249],[117.6565,4.7213],[117.648,4.7241],[117.6219,4.7421],[117.6122,4.7414],[117.5921,4.7239],[117.5828,4.7197],[117.5728,4.7222],[117.5648,4.7315],[117.5625,4.7402],[117.5636,4.7552],[117.5498,4.7719],[117.5388,4.779],[117.5306,4.7784],[117.5255,4.7804],[117.5228,4.7863],[117.5136,4.7873],[117.4998,4.7809],[117.4675,4.7851],[117.4673,4.7784],[117.4744,4.7702],[117.4863,4.7435],[117.4869,4.716],[117.4813,4.7166],[117.4765,4.7119],[117.4766,4.7074],[117.4716,4.7032],[117.4636,4.6858],[117.4607,4.6854],[117.4581,4.6805],[117.4591,4.6726],[117.4486,4.6631],[117.4513,4.6406],[117.4472,4.6269],[117.4502,4.6225],[117.4428,4.6137],[117.4325,4.6194],[117.4221,4.6129],[117.4093,4.6123],[117.4018,4.6154],[117.3978,4.6102],[117.3921,4.6101],[117.3766,4.6187],[117.3715,4.617],[117.3673,4.6217],[117.3643,4.6201],[117.3599,4.6236],[117.3541,4.6234],[117.3492,4.629],[117.3389,4.6282],[117.3368,4.6261],[117.3334,4.632],[117.3246,4.6345],[117.3188,4.6444],[117.3142,4.6471],[117.3098,4.6612],[117.306,4.6643],[117.3085,4.6749],[117.3052,4.6767],[117.306,4.6834],[117.2965,4.6945],[117.2934,4.7036],[117.2819,4.7046],[117.2782,4.7119],[117.2777,4.7286],[117.2712,4.7165],[117.2127,4.6864],[117.1854,4.6873],[117.1796,4.6792],[117.1757,4.6793],[117.169,4.6901],[117.1569,4.6912],[117.1508,4.7011],[117.1276,4.6943],[117.1189,4.6946],[117.1104,4.7028],[117.1041,4.7047],[117.0938,4.7046],[117.0864,4.7014],[117.076,4.6806],[117.0737,4.6564],[117.0679,4.6477],[117.0501,4.635],[117.0462,4.6239],[117.0473,4.6166],[117.0515,4.6075],[117.0595,4.5987],[117.0855,4.6004],[117.0889,4.588],[117.1032,4.581],[117.1024,4.5776],[117.0949,4.5779],[117.0955,4.5669],[117.1206,4.5664],[117.1422,4.5467],[117.1168,4.5359],[117.0929,4.5368],[117.0739,4.5062],[117.0619,4.4958],[117.0521,4.4693],[117.0406,4.46],[117.035,4.4483],[117.0318,4.4476],[117.0259,4.4391],[117.035,4.4259],[117.0443,4.4172],[117.0443,4.4063],[117.0333,4.3963],[117.0224,4.3814],[117.0078,4.375],[116.9829,4.3796],[116.9692,4.3643],[116.954,4.3552]]]]}}]}