{"type":"FeatureCollection","features":[{"type":"Feature","properties":{"c":"N.01","n":"Tanah Rata","w":"PH","p":"DAP","cand":"Ho Chi Yang","pct":53.0,"maj":2484,"nc":3,"tv":18581,"unc":false,"rw":"BN","rp":"MCA","rcand":"Wong Yap Wah","rpct":39.7},"geometry":{"type":"Polygon","coordinates":[[[101.3738,4.6101],[101.3639,4.6076],[101.3657,4.6031],[101.362,4.5988],[101.3488,4.592],[101.3515,4.5897],[101.3565,4.5693],[101.3546,4.5484],[101.358,4.5452],[101.3652,4.5282],[101.3726,4.5289],[101.3821,4.5235],[101.3868,4.5054],[101.3798,4.503],[101.3791,4.4998],[101.3744,4.4966],[101.3607,4.4971],[101.3594,4.4942],[101.3684,4.4858],[101.3591,4.4756],[101.3582,4.46],[101.3452,4.4514],[101.3409,4.453],[101.3371,4.4456],[101.3328,4.446],[101.3327,4.4321],[101.342,4.4345],[101.3528,4.4286],[101.3535,4.4211],[101.349,4.4158],[101.3494,4.4123],[101.3551,4.4094],[101.3582,4.3968],[101.3668,4.3984],[101.3686,4.4053],[101.3816,4.409],[101.3924,4.4087],[101.3974,4.4022],[101.3996,4.404],[101.4073,4.3927],[101.4176,4.3952],[101.4374,4.3916],[101.4379,4.3848],[101.4438,4.3775],[101.437,4.3735],[101.4332,4.3613],[101.4341,4.3566],[101.4276,4.3507],[101.4215,4.3487],[101.4212,4.3459],[101.4262,4.3394],[101.4316,4.3394],[101.4446,4.3321],[101.4452,4.3247],[101.4549,4.326],[101.4613,4.3226],[101.4732,4.3294],[101.4805,4.3294],[101.4856,4.3234],[101.4997,4.3345],[101.5206,4.3328],[101.5513,4.3494],[101.5632,4.3648],[101.5858,4.3571],[101.5884,4.3648],[101.5846,4.3686],[101.5897,4.3934],[101.5944,4.3942],[101.5995,4.4053],[101.6059,4.4091],[101.6029,4.4271],[101.5982,4.4339],[101.5995,4.4441],[101.6025,4.448],[101.6016,4.4527],[101.5948,4.4535],[101.5948,4.4591],[101.5884,4.4586],[101.5863,4.4629],[101.5892,4.4676],[101.5884,4.4714],[101.5922,4.4753],[101.588,4.4782],[101.5807,4.503],[101.591,4.5281],[101.5901,4.5375],[101.5858,4.5456],[101.5878,4.5547],[101.5852,4.5627],[101.5789,4.5627],[101.5716,4.5744],[101.5631,4.5791],[101.5512,4.5751],[101.548,4.5778],[101.5437,4.5934],[101.5345,4.5999],[101.5334,4.604],[101.5237,4.6051],[101.5223,4.6113],[101.5169,4.6113],[101.5163,4.6072],[101.5073,4.607],[101.5014,4.6106],[101.4953,4.6017],[101.4886,4.5988],[101.4848,4.6017],[101.4807,4.6006],[101.4771,4.5902],[101.477,4.5793],[101.4734,4.5758],[101.4521,4.5733],[101.4469,4.5767],[101.4434,4.5869],[101.4377,4.5895],[101.4253,4.6052],[101.4012,4.6182],[101.3986,4.6138],[101.386,4.6097],[101.3738,4.6101]]]}},{"type":"Feature","properties":{"c":"N.02","n":"Jelai","w":"BN","p":"UMNO","cand":"Wan Rosdy bin Wan Ismail","pct":68.8,"maj":6940,"nc":3,"tv":14614,"unc":false,"rw":"PN","rp":"BERSATU","rcand":"Abdul Rasid Mohamed Ali","rpct":21.3},"geometry":{"type":"Polygon","coordinates":[[[101.5878,4.5547],[101.5858,4.5456],[101.5901,4.5375],[101.591,4.5281],[101.5807,4.503],[101.588,4.4782],[101.5922,4.4753],[101.5884,4.4714],[101.5892,4.4676],[101.5863,4.4629],[101.5884,4.4586],[101.5948,4.4591],[101.5948,4.4535],[101.6016,4.4527],[101.6025,4.448],[101.5995,4.4441],[101.5982,4.4339],[101.6029,4.4271],[101.6059,4.4091],[101.5995,4.4053],[101.5944,4.3942],[101.5897,4.3934],[101.5846,4.3686],[101.5884,4.3648],[101.5858,4.3571],[101.5632,4.3648],[101.5513,4.3494],[101.5206,4.3328],[101.4997,4.3345],[101.4856,4.3234],[101.4805,4.3294],[101.4732,4.3294],[101.4613,4.3226],[101.4549,4.326],[101.4452,4.3247],[101.4456,4.3186],[101.4503,4.3148],[101.4476,4.3098],[101.451,4.3017],[101.4469,4.2931],[101.4482,4.2856],[101.4446,4.2746],[101.4649,4.2567],[101.4631,4.2493],[101.4528,4.2429],[101.4519,4.2249],[101.4795,4.2111],[101.4926,4.2126],[101.4924,4.2093],[101.4989,4.2068],[101.5095,4.2075],[101.5111,4.2012],[101.5041,4.1889],[101.5005,4.1901],[101.498,4.1833],[101.4987,4.1654],[101.4955,4.1625],[101.4984,4.156],[101.5038,4.1531],[101.5066,4.133],[101.5147,4.1255],[101.516,4.1185],[101.5201,4.1192],[101.5277,4.126],[101.5353,4.1269],[101.5423,4.119],[101.5606,4.1097],[101.5603,4.1029],[101.5691,4.0957],[101.5759,4.0972],[101.5802,4.0741],[101.5869,4.0808],[101.5951,4.076],[101.598,4.0791],[101.6024,4.0783],[101.6064,4.0819],[101.6124,4.0819],[101.616,4.0881],[101.6244,4.086],[101.6267,4.0929],[101.6367,4.085],[101.6547,4.0802],[101.6624,4.0754],[101.666,4.076],[101.6692,4.0733],[101.6802,4.077],[101.6882,4.0683],[101.6951,4.0708],[101.701,4.0695],[101.7128,4.0923],[101.7267,4.0932],[101.7388,4.1014],[101.7358,4.1161],[101.75,4.1174],[101.7531,4.1066],[101.7656,4.1014],[101.7695,4.0888],[101.8055,4.0871],[101.8094,4.0347],[101.8206,4.0364],[101.8271,4.0295],[101.8406,4.0304],[101.8423,4.0273],[101.8501,4.0295],[101.8544,4.039],[101.8553,4.0481],[101.8657,4.0624],[101.8774,4.0689],[101.8756,4.0754],[101.8869,4.0789],[101.8882,4.0715],[101.8951,4.0737],[101.8968,4.0828],[101.9007,4.0832],[101.9007,4.091],[101.9059,4.0945],[101.9007,4.0984],[101.9124,4.1023],[101.9172,4.1152],[101.9285,4.1243],[101.9254,4.1317],[101.928,4.1339],[101.9272,4.1486],[101.9354,4.1555],[101.9341,4.1598],[101.9432,4.1685],[101.9397,4.1798],[101.9456,4.182],[101.943,4.1983],[101.9378,4.2035],[101.9326,4.2042],[101.9319,4.2107],[101.9423,4.2243],[101.9495,4.2237],[101.9495,4.2282],[101.9391,4.2321],[101.9332,4.2295],[101.9365,4.2243],[101.9254,4.2302],[101.943,4.2568],[101.9404,4.2738],[101.9554,4.2952],[101.9521,4.3011],[101.9222,4.3147],[101.9124,4.3128],[101.902,4.3173],[101.8682,4.3199],[101.8586,4.3426],[101.8662,4.3448],[101.8694,4.3615],[101.8653,4.3727],[101.8559,4.3777],[101.8572,4.3988],[101.8474,4.4037],[101.8451,4.4127],[101.8388,4.4158],[101.8343,4.4311],[101.8496,4.4329],[101.8478,4.4437],[101.8393,4.454],[101.8429,4.4707],[101.8483,4.4707],[101.8487,4.4927],[101.8635,4.4972],[101.8631,4.5093],[101.8725,4.5102],[101.8725,4.5174],[101.8685,4.5233],[101.8671,4.5484],[101.8793,4.5538],[101.8802,4.5731],[101.8878,4.5763],[101.8887,4.5835],[101.8963,4.5952],[101.9071,4.5965],[101.9058,4.6055],[101.9121,4.6115],[101.901,4.6098],[101.8938,4.6165],[101.8933,4.628],[101.8881,4.6356],[101.8895,4.6395],[101.8879,4.6433],[101.8928,4.6513],[101.8902,4.6547],[101.8931,4.6623],[101.8872,4.6666],[101.8893,4.6718],[101.8791,4.6782],[101.8701,4.6772],[101.8645,4.6824],[101.8624,4.6933],[101.8593,4.6915],[101.8586,4.6872],[101.8508,4.684],[101.8469,4.6872],[101.846,4.7051],[101.8418,4.7195],[101.8384,4.7213],[101.8352,4.72],[101.8318,4.7146],[101.8237,4.7172],[101.8192,4.7254],[101.8217,4.7509],[101.8165,4.7595],[101.8021,4.7632],[101.7967,4.7614],[101.7969,4.7559],[101.7807,4.7586],[101.7751,4.7512],[101.774,4.7444],[101.7735,4.7241],[101.7751,4.71],[101.7776,4.7071],[101.7709,4.6972],[101.7729,4.6911],[101.77,4.679],[101.7744,4.6718],[101.7744,4.6598],[101.7688,4.6551],[101.7682,4.6364],[101.7628,4.6226],[101.7583,4.6244],[101.7528,4.6219],[101.7551,4.6194],[101.7546,4.6112],[101.7499,4.6101],[101.7475,4.6128],[101.7414,4.6124],[101.7319,4.6232],[101.7256,4.6212],[101.7243,4.6155],[101.7263,4.6104],[101.7164,4.6061],[101.7128,4.6101],[101.7112,4.6047],[101.6779,4.5938],[101.6747,4.5952],[101.6687,4.583],[101.6682,4.5706],[101.6531,4.5568],[101.6432,4.5563],[101.636,4.5591],[101.6353,4.5557],[101.6264,4.5505],[101.6245,4.5466],[101.6192,4.5466],[101.6133,4.559],[101.6075,4.5606],[101.5939,4.5579],[101.591,4.5518],[101.5878,4.5547]]]}},{"type":"Feature","properties":{"c":"N.03","n":"Padang Tengku","w":"BN","p":"UMNO","cand":"Mustapa bin Long","pct":47.1,"maj":507,"nc":4,"tv":15268,"unc":false,"rw":"PN","rp":"PAS","rcand":"Muhamad Khaider bin Kamil","rpct":43.8},"geometry":{"type":"Polygon","coordinates":[[[102.0277,4.7415],[102.0234,4.7417],[102.02,4.732],[102.0128,4.7369],[102.0013,4.7532],[102.0018,4.7614],[101.9874,4.76],[101.9881,4.7525],[101.9854,4.7491],[101.9872,4.7399],[101.9781,4.7451],[101.9754,4.7496],[101.9703,4.7505],[101.9687,4.7597],[101.9637,4.7647],[101.9505,4.7579],[101.9478,4.7489],[101.9538,4.7335],[101.9514,4.7299],[101.9536,4.7141],[101.9385,4.6578],[101.9279,4.6585],[101.9225,4.6429],[101.9158,4.6321],[101.9121,4.6115],[101.9058,4.6055],[101.9071,4.5965],[101.8963,4.5952],[101.8887,4.5835],[101.8878,4.5763],[101.8802,4.5731],[101.8793,4.5538],[101.8671,4.5484],[101.8685,4.5233],[101.8725,4.5174],[101.8725,4.5102],[101.8631,4.5093],[101.8635,4.4972],[101.8487,4.4927],[101.8483,4.4707],[101.8429,4.4707],[101.8393,4.454],[101.8478,4.4437],[101.8496,4.4329],[101.8343,4.4311],[101.8388,4.4158],[101.8451,4.4127],[101.8474,4.4037],[101.8572,4.3988],[101.8559,4.3777],[101.8653,4.3727],[101.8694,4.3615],[101.8662,4.3448],[101.8586,4.3426],[101.8682,4.3199],[101.902,4.3173],[101.9124,4.3128],[101.9222,4.3147],[101.9521,4.3011],[101.9554,4.2952],[101.9404,4.2738],[101.943,4.2568],[101.9254,4.2302],[101.9365,4.2243],[101.9332,4.2295],[101.9391,4.2321],[101.9495,4.2282],[101.9495,4.2237],[101.9423,4.2243],[101.9319,4.2107],[101.9326,4.2042],[101.9378,4.2035],[101.943,4.1983],[101.9456,4.182],[101.9397,4.1798],[101.9432,4.1685],[101.952,4.1718],[101.9737,4.1604],[101.9794,4.1626],[102.0128,4.1604],[102.0219,4.1639],[102.0326,4.1639],[102.0323,4.1686],[102.0367,4.1708],[102.0317,4.1737],[102.0336,4.1774],[102.0301,4.1837],[102.0393,4.1897],[102.0393,4.197],[102.0433,4.1944],[102.0503,4.1985],[102.044,4.2058],[102.0314,4.2042],[102.0301,4.2083],[102.038,4.2102],[102.0433,4.2215],[102.0424,4.2237],[102.038,4.2237],[102.0311,4.2382],[102.0405,4.2439],[102.044,4.2521],[102.0695,4.2521],[102.073,4.2477],[102.0868,4.2429],[102.1007,4.2329],[102.1186,4.2281],[102.1208,4.237],[102.1256,4.237],[102.1278,4.2319],[102.1347,4.236],[102.1432,4.2319],[102.146,4.2231],[102.1438,4.2187],[102.1467,4.2177],[102.1498,4.2222],[102.1674,4.2127],[102.1763,4.2118],[102.1832,4.2051],[102.1983,4.1724],[102.2093,4.1633],[102.2232,4.156],[102.2276,4.1491],[102.2223,4.1349],[102.2267,4.1258],[102.2434,4.1251],[102.2484,4.1173],[102.2553,4.1129],[102.2668,4.1165],[102.2528,4.1188],[102.2499,4.1339],[102.2545,4.1671],[102.2644,4.1811],[102.2702,4.184],[102.2708,4.1939],[102.2679,4.1991],[102.2702,4.2044],[102.2609,4.2154],[102.2423,4.2765],[102.2435,4.2806],[102.2388,4.2917],[102.24,4.2952],[102.2336,4.2952],[102.2295,4.3039],[102.2295,4.3109],[102.2365,4.315],[102.2353,4.319],[102.2307,4.322],[102.2336,4.3324],[102.2167,4.333],[102.2215,4.3637],[102.2101,4.3787],[102.2136,4.394],[102.2195,4.3952],[102.2203,4.3988],[102.2152,4.4181],[102.2199,4.422],[102.2337,4.4201],[102.2329,4.4271],[102.2353,4.4311],[102.2475,4.4331],[102.2574,4.4307],[102.2593,4.4413],[102.24,4.4551],[102.244,4.4618],[102.2392,4.4662],[102.2451,4.4725],[102.244,4.4831],[102.2483,4.4883],[102.2475,4.4957],[102.255,4.5166],[102.2629,4.5222],[102.2558,4.5324],[102.2455,4.5364],[102.2381,4.5498],[102.2195,4.5688],[102.2147,4.6066],[102.2253,4.6304],[102.2168,4.6293],[102.2111,4.6336],[102.1988,4.6375],[102.1913,4.649],[102.1832,4.6564],[102.1746,4.6589],[102.1746,4.6761],[102.151,4.7016],[102.1312,4.7125],[102.1245,4.7222],[102.1274,4.7372],[102.1161,4.762],[102.0947,4.7584],[102.0785,4.7453],[102.063,4.7389],[102.058,4.7435],[102.0513,4.736],[102.0506,4.7256],[102.043,4.7263],[102.0407,4.731],[102.034,4.7324],[102.0277,4.7415]]]}},{"type":"Feature","properties":{"c":"N.04","n":"Cheka","w":"PN","p":"PAS","cand":"Tuan Ibrahim bin Tuan Man","pct":45.5,"maj":1223,"nc":4,"tv":12381,"unc":false,"rw":"BN","rp":"MCA","rcand":"Ho Fong Mee","rpct":35.6},"geometry":{"type":"Polygon","coordinates":[[[101.9285,4.1243],[101.9398,4.1205],[101.946,4.1133],[101.9566,4.1129],[101.9779,4.1246],[101.9833,4.1153],[101.9943,4.1143],[101.9933,4.1105],[101.9974,4.1068],[102.0022,4.1075],[102.0001,4.1126],[102.0107,4.1171],[102.0313,4.1164],[102.0272,4.0979],[102.0323,4.089],[102.0395,4.0927],[102.0601,4.0951],[102.0594,4.0986],[102.0638,4.102],[102.0751,4.0992],[102.0793,4.0958],[102.0817,4.0975],[102.0847,4.0944],[102.093,4.0938],[102.0957,4.0893],[102.0988,4.0934],[102.0978,4.0968],[102.1084,4.0968],[102.1104,4.0924],[102.1145,4.091],[102.1221,4.0968],[102.12,4.0879],[102.1149,4.0828],[102.119,4.0729],[102.1276,4.0708],[102.1365,4.0653],[102.1467,4.066],[102.1481,4.0588],[102.1536,4.0503],[102.1515,4.0444],[102.1563,4.0413],[102.1563,4.0383],[102.1618,4.0372],[102.1625,4.0407],[102.1652,4.0413],[102.17,4.0383],[102.1666,4.0355],[102.1699,4.0304],[102.1826,4.0271],[102.1841,4.0323],[102.1935,4.029],[102.1939,4.0375],[102.2057,4.0347],[102.2109,4.0413],[102.2307,4.0394],[102.2387,4.0591],[102.2471,4.053],[102.2509,4.046],[102.2547,4.0483],[102.2542,4.0582],[102.2664,4.0643],[102.2796,4.0587],[102.282,4.0521],[102.2918,4.0587],[102.2984,4.0709],[102.3093,4.0733],[102.306,4.0808],[102.3093,4.0822],[102.313,4.0916],[102.3093,4.1001],[102.2975,4.1057],[102.2975,4.1128],[102.2947,4.1128],[102.2953,4.124],[102.2848,4.1281],[102.2668,4.1165],[102.2553,4.1129],[102.2484,4.1173],[102.2434,4.1251],[102.2267,4.1258],[102.2223,4.1349],[102.2276,4.1491],[102.2232,4.156],[102.2093,4.1633],[102.1983,4.1724],[102.1832,4.2051],[102.1763,4.2118],[102.1674,4.2127],[102.1498,4.2222],[102.1467,4.2177],[102.1438,4.2187],[102.146,4.2231],[102.1432,4.2319],[102.1347,4.236],[102.1278,4.2319],[102.1256,4.237],[102.1208,4.237],[102.1186,4.2281],[102.1007,4.2329],[102.0868,4.2429],[102.073,4.2477],[102.0695,4.2521],[102.044,4.2521],[102.0405,4.2439],[102.0311,4.2382],[102.038,4.2237],[102.0424,4.2237],[102.0433,4.2215],[102.038,4.2102],[102.0301,4.2083],[102.0314,4.2042],[102.044,4.2058],[102.0503,4.1985],[102.0433,4.1944],[102.0393,4.197],[102.0393,4.1897],[102.0301,4.1837],[102.0336,4.1774],[102.0317,4.1737],[102.0367,4.1708],[102.0323,4.1686],[102.0326,4.1639],[102.0219,4.1639],[102.0128,4.1604],[101.9794,4.1626],[101.9737,4.1604],[101.952,4.1718],[101.9432,4.1685],[101.9341,4.1598],[101.9354,4.1555],[101.9272,4.1486],[101.928,4.1339],[101.9254,4.1317],[101.9285,4.1243]]]}},{"type":"Feature","properties":{"c":"N.05","n":"Benta","w":"BN","p":"UMNO","cand":"Mohd Soffi bin Abdul Razak","pct":48.2,"maj":1521,"nc":3,"tv":8189,"unc":false,"rw":"PH","rp":"PKR","rcand":"Rizal bin Jamin","rpct":29.6},"geometry":{"type":"Polygon","coordinates":[[[101.9124,4.1023],[101.919,4.096],[101.9234,4.0967],[101.9238,4.0896],[101.9373,4.0936],[101.9475,4.0909],[101.9455,4.0814],[101.9509,4.0814],[101.9533,4.0787],[101.9434,4.0594],[101.9451,4.0567],[101.9407,4.0492],[101.9387,4.0383],[101.9445,4.0319],[101.9441,4.0251],[101.9475,4.02],[101.9621,4.0047],[101.9614,3.9949],[101.9557,3.9942],[101.9492,3.9847],[101.9506,3.9786],[101.9265,3.9667],[101.9258,3.9599],[101.9316,3.9572],[101.9322,3.9538],[101.9251,3.9548],[101.9258,3.9494],[101.9383,3.9504],[101.9451,3.944],[101.9472,3.9338],[101.9536,3.9345],[101.9567,3.9233],[101.9618,3.9257],[101.9662,3.924],[101.9818,3.9301],[101.9903,3.9375],[101.9916,3.947],[101.9988,3.9542],[101.9991,3.962],[102.0052,3.9667],[102.0086,3.9742],[102.0144,3.9779],[102.0188,3.9847],[102.0279,3.9874],[102.0334,3.9844],[102.0388,3.9725],[102.0541,3.9732],[102.0544,3.9789],[102.0612,3.9732],[102.0653,3.9755],[102.0744,3.9711],[102.1092,3.9824],[102.1191,4.0012],[102.1323,4.0031],[102.1521,4.0102],[102.1643,4.0191],[102.1699,4.0191],[102.1699,4.0304],[102.1666,4.0355],[102.17,4.0383],[102.1652,4.0413],[102.1625,4.0407],[102.1618,4.0372],[102.1563,4.0383],[102.1563,4.0413],[102.1515,4.0444],[102.1536,4.0503],[102.1481,4.0588],[102.1467,4.066],[102.1365,4.0653],[102.1276,4.0708],[102.119,4.0729],[102.1149,4.0828],[102.12,4.0879],[102.1221,4.0968],[102.1145,4.091],[102.1104,4.0924],[102.1084,4.0968],[102.0978,4.0968],[102.0988,4.0934],[102.0957,4.0893],[102.093,4.0938],[102.0847,4.0944],[102.0817,4.0975],[102.0793,4.0958],[102.0751,4.0992],[102.0638,4.102],[102.0594,4.0986],[102.0601,4.0951],[102.0395,4.0927],[102.0323,4.089],[102.0272,4.0979],[102.0313,4.1164],[102.0107,4.1171],[102.0001,4.1126],[102.0022,4.1075],[101.9974,4.1068],[101.9933,4.1105],[101.9943,4.1143],[101.9833,4.1153],[101.9779,4.1246],[101.9566,4.1129],[101.946,4.1133],[101.9398,4.1205],[101.9285,4.1243],[101.9172,4.1152],[101.9124,4.1023]]]}},{"type":"Feature","properties":{"c":"N.06","n":"Batu Talam","w":"BN","p":"UMNO","cand":"Abd.Aziz bin Mat Kiram","pct":53.0,"maj":2869,"nc":3,"tv":15084,"unc":false,"rw":"PN","rp":"BERSATU","rcand":"Ahmad Sabri bin Mat Dui","rpct":34.0},"geometry":{"type":"Polygon","coordinates":[[[101.5802,4.0741],[101.5576,4.0284],[101.5586,4.0128],[101.5631,4.0099],[101.5651,4.0024],[101.5729,3.999],[101.5714,3.9925],[101.5759,3.9785],[101.5756,3.9672],[101.5795,3.9584],[101.5741,3.9521],[101.5774,3.9483],[101.5759,3.9442],[101.5712,3.9426],[101.5766,3.9363],[101.5754,3.9311],[101.5784,3.9261],[101.572,3.9164],[101.5786,3.9072],[101.5766,3.9024],[101.5882,3.8898],[101.5937,3.8884],[101.6056,3.8747],[101.5986,3.8593],[101.6,3.8518],[101.6033,3.8485],[101.6006,3.8435],[101.5891,3.8376],[101.5968,3.827],[101.5981,3.8135],[101.5919,3.8033],[101.6022,3.795],[101.6157,3.7934],[101.6189,3.7846],[101.6243,3.7816],[101.6265,3.7719],[101.623,3.7637],[101.632,3.7604],[101.6453,3.7449],[101.6583,3.7611],[101.6651,3.7604],[101.6727,3.7642],[101.6801,3.7777],[101.6847,3.7814],[101.6884,3.7801],[101.6935,3.7825],[101.697,3.7784],[101.7022,3.781],[101.7055,3.7862],[101.714,3.7904],[101.7129,3.7958],[101.7208,3.8039],[101.7315,3.7989],[101.7321,3.7958],[101.749,3.7965],[101.7566,3.805],[101.7627,3.8033],[101.7662,3.8114],[101.7638,3.8159],[101.7721,3.8168],[101.7721,3.8214],[101.7754,3.8234],[101.7868,3.8216],[101.7885,3.8245],[101.7968,3.8256],[101.7983,3.8328],[101.8082,3.8312],[101.8171,3.8369],[101.8235,3.8358],[101.8246,3.8395],[101.8305,3.8379],[101.8243,3.8589],[101.829,3.8639],[101.825,3.8642],[101.8228,3.8679],[101.8246,3.8695],[101.8231,3.8797],[101.8253,3.8816],[101.8222,3.8878],[101.8222,3.8974],[101.8243,3.9057],[101.8293,3.9026],[101.8439,3.9054],[101.8473,3.9017],[101.8488,3.906],[101.8525,3.906],[101.8532,3.915],[101.8507,3.9197],[101.8532,3.9414],[101.8699,3.947],[101.8724,3.9566],[101.8773,3.9587],[101.8795,3.9556],[101.8842,3.9572],[101.8842,3.9544],[101.8873,3.9541],[101.8931,3.9584],[101.8984,3.9544],[101.8984,3.9516],[101.9065,3.9519],[101.9055,3.9575],[101.913,3.9572],[101.9258,3.9494],[101.9251,3.9548],[101.9322,3.9538],[101.9316,3.9572],[101.9258,3.9599],[101.9265,3.9667],[101.9506,3.9786],[101.9492,3.9847],[101.9557,3.9942],[101.9614,3.9949],[101.9621,4.0047],[101.9475,4.02],[101.9441,4.0251],[101.9445,4.0319],[101.9387,4.0383],[101.9407,4.0492],[101.9451,4.0567],[101.9434,4.0594],[101.9533,4.0787],[101.9509,4.0814],[101.9455,4.0814],[101.9475,4.0909],[101.9373,4.0936],[101.9238,4.0896],[101.9234,4.0967],[101.919,4.096],[101.9124,4.1023],[101.9007,4.0984],[101.9059,4.0945],[101.9007,4.091],[101.9007,4.0832],[101.8968,4.0828],[101.8951,4.0737],[101.8882,4.0715],[101.8869,4.0789],[101.8756,4.0754],[101.8774,4.0689],[101.8657,4.0624],[101.8553,4.0481],[101.8544,4.039],[101.8501,4.0295],[101.8423,4.0273],[101.8406,4.0304],[101.8271,4.0295],[101.8206,4.0364],[101.8094,4.0347],[101.8055,4.0871],[101.7695,4.0888],[101.7656,4.1014],[101.7531,4.1066],[101.75,4.1174],[101.7358,4.1161],[101.7388,4.1014],[101.7267,4.0932],[101.7128,4.0923],[101.701,4.0695],[101.6951,4.0708],[101.6882,4.0683],[101.6802,4.077],[101.6692,4.0733],[101.666,4.076],[101.6624,4.0754],[101.6547,4.0802],[101.6367,4.085],[101.6267,4.0929],[101.6244,4.086],[101.616,4.0881],[101.6124,4.0819],[101.6064,4.0819],[101.6024,4.0783],[101.598,4.0791],[101.5951,4.076],[101.5869,4.0808],[101.5802,4.0741]]]}},{"type":"Feature","properties":{"c":"N.07","n":"Tras","w":"PH","p":"DAP","cand":"Tengku Zulpuri Shah bin Raja Puji","pct":62.3,"maj":11397,"nc":4,"tv":27686,"unc":false,"rw":"BN","rp":"MCA","rcand":"Lim Teck Hoe","rpct":21.2},"geometry":{"type":"Polygon","coordinates":[[[101.6453,3.7449],[101.6555,3.7259],[101.6761,3.7205],[101.6918,3.7059],[101.6979,3.7097],[101.7207,3.7069],[101.7308,3.713],[101.7358,3.7104],[101.7299,3.7022],[101.7297,3.6955],[101.7343,3.7007],[101.737,3.694],[101.7433,3.6901],[101.7487,3.6905],[101.7661,3.6782],[101.7693,3.6709],[101.7668,3.6647],[101.7838,3.6489],[101.7818,3.6375],[101.785,3.6286],[101.7947,3.6278],[101.7967,3.6155],[101.8053,3.6111],[101.8061,3.613],[101.8115,3.613],[101.8115,3.621],[101.8156,3.6189],[101.8228,3.6207],[101.8172,3.6228],[101.8177,3.6279],[101.8347,3.6411],[101.8383,3.6382],[101.8416,3.6403],[101.8475,3.6393],[101.8488,3.6364],[101.88,3.6539],[101.8643,3.6784],[101.8609,3.6935],[101.874,3.6974],[101.8681,3.7011],[101.8683,3.7057],[101.8643,3.7123],[101.8671,3.7148],[101.8636,3.7189],[101.864,3.7308],[101.8606,3.7408],[101.855,3.7446],[101.8553,3.7483],[101.8643,3.7523],[101.8603,3.7557],[101.8594,3.7628],[101.8615,3.7666],[101.8764,3.7712],[101.8829,3.7762],[101.8857,3.7756],[101.8978,3.7836],[101.9496,3.788],[101.9536,3.7824],[101.953,3.7749],[101.9672,3.7539],[101.9697,3.7539],[101.9663,3.765],[101.9712,3.7737],[101.9731,3.7852],[101.979,3.7994],[101.9759,3.8047],[101.9778,3.8124],[101.9759,3.8251],[101.9815,3.8369],[101.9731,3.836],[101.9688,3.8388],[101.9657,3.8577],[101.9626,3.8549],[101.9514,3.8534],[101.9412,3.8552],[101.9409,3.8524],[101.9334,3.853],[101.9232,3.8413],[101.9052,3.8273],[101.8993,3.8273],[101.8919,3.8217],[101.8804,3.8199],[101.8795,3.8165],[101.8752,3.8165],[101.8705,3.8112],[101.8618,3.814],[101.8615,3.8041],[101.8587,3.8035],[101.8497,3.8335],[101.8246,3.8395],[101.8235,3.8358],[101.8171,3.8369],[101.8082,3.8312],[101.7983,3.8328],[101.7968,3.8256],[101.7885,3.8245],[101.7868,3.8216],[101.7754,3.8234],[101.7721,3.8214],[101.7721,3.8168],[101.7638,3.8159],[101.7662,3.8114],[101.7627,3.8033],[101.7566,3.805],[101.749,3.7965],[101.7321,3.7958],[101.7315,3.7989],[101.7208,3.8039],[101.7129,3.7958],[101.714,3.7904],[101.7055,3.7862],[101.7022,3.781],[101.697,3.7784],[101.6935,3.7825],[101.6884,3.7801],[101.6847,3.7814],[101.6801,3.7777],[101.6727,3.7642],[101.6651,3.7604],[101.6583,3.7611],[101.6453,3.7449]]]}},{"type":"Feature","properties":{"c":"N.08","n":"Dong","w":"BN","p":"UMNO","cand":"Fadzli bin Mohamad Kamal","pct":45.3,"maj":1046,"nc":3,"tv":13547,"unc":false,"rw":"PN","rp":"PAS","rcand":"Tengku Shah Amir bin Tengku Perang","rpct":37.6},"geometry":{"type":"Polygon","coordinates":[[[102.0612,3.9732],[102.0544,3.9789],[102.0541,3.9732],[102.0388,3.9725],[102.0334,3.9844],[102.0279,3.9874],[102.0188,3.9847],[102.0144,3.9779],[102.0086,3.9742],[102.0052,3.9667],[101.9991,3.962],[101.9988,3.9542],[101.9916,3.947],[101.9903,3.9375],[101.9818,3.9301],[101.9662,3.924],[101.9618,3.9257],[101.9567,3.9233],[101.9536,3.9345],[101.9472,3.9338],[101.9451,3.944],[101.9383,3.9504],[101.9258,3.9494],[101.913,3.9572],[101.9055,3.9575],[101.9065,3.9519],[101.8984,3.9516],[101.8984,3.9544],[101.8931,3.9584],[101.8873,3.9541],[101.8842,3.9544],[101.8842,3.9572],[101.8795,3.9556],[101.8773,3.9587],[101.8724,3.9566],[101.8699,3.947],[101.8532,3.9414],[101.8507,3.9197],[101.8532,3.915],[101.8525,3.906],[101.8488,3.906],[101.8473,3.9017],[101.8439,3.9054],[101.8293,3.9026],[101.8243,3.9057],[101.8222,3.8974],[101.8222,3.8878],[101.8253,3.8816],[101.8231,3.8797],[101.8246,3.8695],[101.8228,3.8679],[101.825,3.8642],[101.829,3.8639],[101.8243,3.8589],[101.8305,3.8379],[101.8497,3.8335],[101.8587,3.8035],[101.8615,3.8041],[101.8618,3.814],[101.8705,3.8112],[101.8752,3.8165],[101.8795,3.8165],[101.8804,3.8199],[101.8919,3.8217],[101.8993,3.8273],[101.9052,3.8273],[101.9232,3.8413],[101.9334,3.853],[101.9409,3.8524],[101.9412,3.8552],[101.9514,3.8534],[101.9626,3.8549],[101.9657,3.8577],[101.9688,3.8388],[101.9731,3.836],[101.9815,3.8369],[101.9759,3.8251],[101.9778,3.8124],[101.9759,3.8047],[101.979,3.7994],[101.9731,3.7852],[101.9712,3.7737],[101.9663,3.765],[101.9697,3.7539],[101.9672,3.7539],[101.953,3.7749],[101.9536,3.7824],[101.9496,3.788],[101.9328,3.7855],[101.9251,3.7873],[101.9229,3.7855],[101.8978,3.7836],[101.8857,3.7756],[101.8829,3.7762],[101.8764,3.7712],[101.8615,3.7666],[101.8594,3.7628],[101.8603,3.7557],[101.8643,3.7523],[101.8553,3.7483],[101.855,3.7446],[101.8606,3.7408],[101.864,3.7308],[101.8636,3.7189],[101.8671,3.7148],[101.8643,3.7123],[101.8683,3.7057],[101.8681,3.7011],[101.874,3.6974],[101.8728,3.6902],[101.8792,3.6902],[101.8777,3.6843],[101.8851,3.682],[101.8931,3.6645],[101.8964,3.6627],[101.9021,3.6681],[101.908,3.666],[101.908,3.6611],[101.9119,3.664],[101.9147,3.6606],[101.9245,3.6668],[101.9307,3.6586],[101.9366,3.6593],[101.9384,3.655],[101.935,3.6501],[101.9389,3.6472],[101.9376,3.6413],[101.9425,3.6387],[101.9443,3.6313],[101.9415,3.622],[101.9446,3.622],[101.9484,3.6053],[101.953,3.6007],[101.9512,3.5958],[101.9605,3.5904],[101.9577,3.5837],[101.962,3.5834],[101.9597,3.5785],[101.961,3.5752],[101.9659,3.5754],[101.968,3.5744],[101.9675,3.5708],[101.9736,3.5698],[101.9736,3.5664],[101.968,3.5639],[101.9752,3.5546],[101.9813,3.5525],[101.9826,3.559],[101.9852,3.5605],[101.9824,3.5667],[101.9878,3.567],[101.9886,3.5626],[101.9996,3.567],[102.0053,3.559],[102.0151,3.5585],[102.0169,3.5628],[102.0143,3.5677],[102.0189,3.5677],[102.0153,3.5793],[102.0223,3.5803],[102.0246,3.5901],[102.0292,3.594],[102.0292,3.5971],[102.0205,3.6068],[102.021,3.612],[102.0161,3.6125],[102.0163,3.6153],[102.0284,3.6326],[102.0341,3.6336],[102.0336,3.6421],[102.0413,3.6426],[102.0488,3.64],[102.0526,3.6444],[102.0521,3.6503],[102.0403,3.6619],[102.0416,3.6694],[102.0387,3.674],[102.0439,3.6822],[102.041,3.6869],[102.0356,3.6889],[102.0338,3.6977],[102.0385,3.7015],[102.0374,3.7051],[102.042,3.7115],[102.0563,3.7133],[102.0563,3.7189],[102.0617,3.7256],[102.0594,3.7289],[102.0697,3.743],[102.0812,3.7471],[102.0839,3.7516],[102.0824,3.7581],[102.0862,3.7663],[102.0915,3.7686],[102.0961,3.775],[102.0934,3.7841],[102.0959,3.7874],[102.0932,3.8044],[102.0933,3.8092],[102.0963,3.8131],[102.0913,3.8221],[102.0997,3.8312],[102.1048,3.8314],[102.1079,3.8343],[102.1013,3.8405],[102.0882,3.84],[102.0745,3.8519],[102.082,3.862],[102.0816,3.8704],[102.0882,3.8748],[102.089,3.8972],[102.0961,3.9113],[102.0798,3.9245],[102.0798,3.9289],[102.0758,3.9289],[102.0758,3.9377],[102.0622,3.9461],[102.0635,3.9514],[102.0587,3.9628],[102.0612,3.9732]]]}},{"type":"Feature","properties":{"c":"N.09","n":"Tahan","w":"PN","p":"PAS","cand":"Mohd Zakhwan bin Ahmad Badarddin","pct":54.0,"maj":2014,"nc":3,"tv":16264,"unc":false,"rw":"BN","rp":"UMNO","rcand":"Faezah binti Ishak","rpct":41.6},"geometry":{"type":"Polygon","coordinates":[[[102.4273,3.9003],[102.4328,3.9082],[102.4319,3.918],[102.4344,3.9191],[102.4346,3.9245],[102.4412,3.9278],[102.4395,3.9324],[102.4675,3.9438],[102.4668,3.9536],[102.4721,3.9665],[102.4754,3.9847],[102.4827,3.992],[102.4953,3.9983],[102.4986,3.9976],[102.5059,3.989],[102.5158,3.9905],[102.5206,3.9872],[102.5226,3.9806],[102.5261,3.9776],[102.5309,3.9784],[102.5332,3.9819],[102.5317,3.9956],[102.5373,4.0074],[102.5436,4.0097],[102.5474,4.0142],[102.5481,4.0256],[102.5428,4.0357],[102.5433,4.0557],[102.5461,4.0595],[102.5592,4.0615],[102.5661,4.0584],[102.5708,4.0592],[102.576,4.0651],[102.5884,4.0684],[102.5876,4.0743],[102.5919,4.0762],[102.5821,4.0983],[102.584,4.1181],[102.5814,4.1253],[102.5861,4.1477],[102.5894,4.1477],[102.5998,4.1348],[102.6041,4.1254],[102.6191,4.1174],[102.6342,4.0972],[102.6428,4.0781],[102.6616,4.0609],[102.6659,4.0537],[102.6792,4.0464],[102.6869,4.0455],[102.7032,4.0322],[102.7165,4.0369],[102.7216,4.0309],[102.7191,4.0142],[102.7392,4.0099],[102.7482,4.0151],[102.7559,4.0091],[102.7632,4.0125],[102.801,3.9722],[102.8017,3.9657],[102.8183,3.9532],[102.8318,3.9315],[102.8444,3.9343],[102.8576,3.9475],[102.862,3.9566],[102.8639,3.9754],[102.8617,3.9871],[102.8661,3.9911],[102.8664,3.9968],[102.8814,4.0081],[102.8987,4.0065],[102.9062,4.0137],[102.9128,4.0125],[102.9204,4.0382],[102.9146,4.0535],[102.9169,4.0745],[102.9337,4.0989],[102.9162,4.1024],[102.8885,4.1372],[102.9196,4.1576],[102.9186,4.1967],[102.9108,4.2142],[102.9202,4.2256],[102.9178,4.2328],[102.9273,4.2349],[102.9308,4.2453],[102.9279,4.2631],[102.9305,4.2726],[102.9281,4.2782],[102.9372,4.2896],[102.9484,4.2851],[102.9545,4.296],[102.9572,4.313],[102.9633,4.3255],[102.9769,4.3374],[103.0051,4.3292],[103.0152,4.3356],[103.0051,4.3425],[103.0024,4.3802],[103.0259,4.3983],[103.0265,4.4094],[103.0175,4.4058],[103.0079,4.4163],[103.011,4.4338],[103.0003,4.4504],[102.9899,4.4511],[102.9867,4.4626],[102.9762,4.4718],[102.9767,4.476],[102.9696,4.4807],[102.9682,4.4739],[102.9617,4.4703],[102.9554,4.4722],[102.9534,4.4642],[102.9554,4.4569],[102.9513,4.4522],[102.9425,4.45],[102.9412,4.4544],[102.9296,4.4676],[102.9192,4.4673],[102.914,4.464],[102.913,4.4681],[102.9016,4.4685],[102.8995,4.4656],[102.891,4.4694],[102.8782,4.4634],[102.8725,4.4699],[102.8761,4.4822],[102.8554,4.4956],[102.8536,4.4926],[102.8461,4.4982],[102.8447,4.5015],[102.8466,4.5201],[102.8367,4.5355],[102.8401,4.573],[102.853,4.5771],[102.8549,4.5623],[102.8664,4.5618],[102.8737,4.5805],[102.8712,4.5876],[102.859,4.5975],[102.8604,4.6041],[102.8734,4.6036],[102.8841,4.6087],[102.8789,4.6178],[102.8664,4.6276],[102.8721,4.6383],[102.8556,4.6645],[102.8439,4.6714],[102.8436,4.6798],[102.8255,4.6815],[102.7907,4.6758],[102.779,4.6704],[102.7747,4.6775],[102.7694,4.6728],[102.7621,4.6835],[102.7549,4.6802],[102.7478,4.683],[102.7452,4.6895],[102.7344,4.6834],[102.7201,4.6944],[102.7144,4.6939],[102.7006,4.7154],[102.6926,4.7136],[102.6822,4.7154],[102.6754,4.7308],[102.6653,4.7378],[102.6597,4.7513],[102.6625,4.7557],[102.6581,4.7595],[102.6368,4.765],[102.6304,4.7718],[102.612,4.7805],[102.5989,4.7708],[102.6032,4.7668],[102.605,4.76],[102.5956,4.739],[102.6008,4.7338],[102.6062,4.7021],[102.6041,4.6877],[102.5972,4.6877],[102.5812,4.6965],[102.5722,4.6904],[102.5577,4.7062],[102.5488,4.7118],[102.5456,4.7069],[102.5452,4.7012],[102.5352,4.6868],[102.5307,4.6865],[102.5298,4.6775],[102.524,4.6788],[102.5123,4.6686],[102.506,4.6716],[102.5003,4.6691],[102.481,4.6861],[102.4567,4.7019],[102.4587,4.7059],[102.4463,4.7139],[102.4299,4.7102],[102.4081,4.7164],[102.4018,4.7116],[102.3792,4.7145],[102.3761,4.7111],[102.3702,4.7118],[102.3624,4.7053],[102.3628,4.6969],[102.3714,4.6929],[102.372,4.6843],[102.3657,4.6782],[102.3644,4.6703],[102.355,4.6657],[102.3464,4.6573],[102.343,4.6486],[102.3444,4.6416],[102.3385,4.6411],[102.3358,4.6438],[102.3327,4.6386],[102.3189,4.6352],[102.2726,4.6621],[102.2588,4.6555],[102.25,4.6567],[102.2381,4.6494],[102.2338,4.6513],[102.2296,4.6454],[102.2348,4.6335],[102.2253,4.6304],[102.2147,4.6066],[102.2195,4.5688],[102.2381,4.5498],[102.2455,4.5364],[102.2558,4.5324],[102.2629,4.5222],[102.255,4.5166],[102.2475,4.4957],[102.2483,4.4883],[102.244,4.4831],[102.2451,4.4725],[102.2392,4.4662],[102.244,4.4618],[102.24,4.4551],[102.2593,4.4413],[102.2574,4.4307],[102.2475,4.4331],[102.2353,4.4311],[102.2329,4.4271],[102.2337,4.4201],[102.2199,4.422],[102.2152,4.4181],[102.2203,4.3988],[102.2195,4.3952],[102.2136,4.394],[102.2101,4.3787],[102.2215,4.3637],[102.2167,4.333],[102.2336,4.3324],[102.2307,4.322],[102.2353,4.319],[102.2365,4.315],[102.2295,4.3109],[102.2295,4.3039],[102.2336,4.2952],[102.24,4.2952],[102.2388,4.2917],[102.2435,4.2806],[102.2423,4.2765],[102.2609,4.2154],[102.2702,4.2044],[102.2679,4.1991],[102.2708,4.1939],[102.2702,4.184],[102.2644,4.1811],[102.2545,4.1671],[102.2499,4.1339],[102.2528,4.1188],[102.2668,4.1165],[102.2848,4.1281],[102.2953,4.124],[102.2947,4.1128],[102.2975,4.1128],[102.2975,4.1057],[102.3093,4.1001],[102.313,4.0916],[102.3093,4.0822],[102.306,4.0808],[102.3093,4.0733],[102.2984,4.0709],[102.2918,4.0587],[102.282,4.0521],[102.2796,4.0587],[102.2664,4.0643],[102.2542,4.0582],[102.2547,4.0483],[102.2509,4.046],[102.2471,4.053],[102.2387,4.0591],[102.2307,4.0394],[102.2192,4.0405],[102.2179,4.0254],[102.2244,4.0134],[102.2252,4.0056],[102.2217,4.0019],[102.2219,3.9962],[102.2277,3.9796],[102.2235,3.9731],[102.224,3.9655],[102.2364,3.959],[102.2364,3.9537],[102.2485,3.9549],[102.2519,3.9515],[102.25,3.9454],[102.2559,3.9471],[102.2662,3.9427],[102.2761,3.9272],[102.2782,3.9282],[102.2802,3.939],[102.2882,3.9425],[102.2829,3.9287],[102.2843,3.9255],[102.2918,3.9227],[102.2911,3.9367],[102.294,3.9406],[102.2974,3.9405],[102.2993,3.9299],[102.3006,3.9363],[102.3054,3.9384],[102.3084,3.9366],[102.3102,3.9425],[102.3069,3.9476],[102.3142,3.9509],[102.3201,3.9472],[102.3248,3.9505],[102.3252,3.9589],[102.3299,3.9608],[102.3394,3.948],[102.3489,3.9498],[102.3493,3.9472],[102.3548,3.9491],[102.3573,3.9472],[102.3723,3.9494],[102.3731,3.9461],[102.3774,3.9465],[102.3756,3.9399],[102.3782,3.9355],[102.3833,3.9355],[102.384,3.9323],[102.38,3.9286],[102.3833,3.9206],[102.391,3.9209],[102.4107,3.9304],[102.4184,3.9242],[102.4239,3.9151],[102.4249,3.903],[102.4273,3.9003]]]}},{"type":"Feature","properties":{"c":"N.10","n":"Damak","w":"PN","p":"PAS","cand":"Zuridan bin Mohd Daud","pct":41.5,"maj":2296,"nc":4,"tv":26207,"unc":false,"rw":"PH","rp":"PKR","rcand":"Mohamad Rafly bin Mohd Satar","rpct":32.8},"geometry":{"type":"Polygon","coordinates":[[[102.2192,4.0405],[102.2109,4.0413],[102.2057,4.0347],[102.1939,4.0375],[102.1935,4.029],[102.1869,4.0323],[102.1841,4.0323],[102.1826,4.0271],[102.1699,4.0304],[102.1699,4.0191],[102.1643,4.0191],[102.1521,4.0102],[102.1323,4.0031],[102.1191,4.0012],[102.1092,3.9824],[102.0744,3.9711],[102.0653,3.9755],[102.0612,3.9732],[102.0587,3.9628],[102.0635,3.9514],[102.0622,3.9461],[102.0758,3.9377],[102.0758,3.9289],[102.0798,3.9289],[102.0798,3.9245],[102.0961,3.9113],[102.089,3.8972],[102.0882,3.8748],[102.0816,3.8704],[102.082,3.862],[102.0745,3.8519],[102.0882,3.84],[102.1013,3.8405],[102.1079,3.8343],[102.1167,3.8374],[102.1229,3.8466],[102.1431,3.8488],[102.1445,3.8528],[102.181,3.8629],[102.1924,3.8576],[102.1986,3.844],[102.1981,3.8361],[102.2052,3.8352],[102.2047,3.8396],[102.2096,3.8409],[102.2131,3.8506],[102.2135,3.8638],[102.2355,3.8708],[102.2408,3.8612],[102.2355,3.8444],[102.2368,3.8299],[102.2448,3.8282],[102.2536,3.8317],[102.258,3.8308],[102.2681,3.8365],[102.2734,3.8365],[102.2808,3.844],[102.2874,3.8444],[102.2936,3.8387],[102.2989,3.8427],[102.309,3.8418],[102.3125,3.8497],[102.3182,3.8497],[102.3218,3.8524],[102.3499,3.8532],[102.3569,3.8493],[102.3596,3.8528],[102.3715,3.848],[102.3737,3.8356],[102.3759,3.8361],[102.3737,3.8216],[102.36,3.8216],[102.3591,3.8185],[102.3937,3.8109],[102.3886,3.8074],[102.3899,3.8039],[102.4073,3.8009],[102.4233,3.8036],[102.42,3.8182],[102.4132,3.8193],[102.4035,3.8155],[102.401,3.8182],[102.4016,3.8228],[102.413,3.8269],[102.4254,3.8499],[102.4401,3.8518],[102.4474,3.8695],[102.4428,3.8743],[102.4222,3.8752],[102.4162,3.8803],[102.4176,3.8844],[102.4127,3.8852],[102.4113,3.8922],[102.4162,3.896],[102.4165,3.8993],[102.4238,3.8952],[102.4273,3.9003],[102.4249,3.903],[102.4239,3.9151],[102.4184,3.9242],[102.4107,3.9304],[102.391,3.9209],[102.3833,3.9206],[102.38,3.9286],[102.384,3.9323],[102.3833,3.9355],[102.3782,3.9355],[102.3756,3.9399],[102.3774,3.9465],[102.3731,3.9461],[102.3723,3.9494],[102.3573,3.9472],[102.3548,3.9491],[102.3493,3.9472],[102.3489,3.9498],[102.3394,3.948],[102.3299,3.9608],[102.3252,3.9589],[102.3248,3.9505],[102.3201,3.9472],[102.3142,3.9509],[102.3069,3.9476],[102.3102,3.9425],[102.3084,3.9366],[102.3054,3.9384],[102.3006,3.9363],[102.2993,3.9299],[102.2974,3.9405],[102.294,3.9406],[102.2911,3.9367],[102.2918,3.9227],[102.2843,3.9255],[102.2829,3.9287],[102.2882,3.9425],[102.2802,3.939],[102.2782,3.9282],[102.2761,3.9272],[102.2662,3.9427],[102.2559,3.9471],[102.25,3.9454],[102.2519,3.9515],[102.2485,3.9549],[102.2364,3.9537],[102.2364,3.959],[102.224,3.9655],[102.2235,3.9731],[102.2277,3.9796],[102.2219,3.9962],[102.2217,4.0019],[102.2252,4.0056],[102.2244,4.0134],[102.2179,4.0254],[102.2192,4.0405]]]}},{"type":"Feature","properties":{"c":"N.11","n":"Pulau Tawar","w":"PN","p":"PAS","cand":"Yohanis bin Ahmad","pct":53.4,"maj":3403,"nc":5,"tv":24239,"unc":false,"rw":"BN","rp":"UMNO","rcand":"Nazri bin Ngah","rpct":39.4},"geometry":{"type":"Polygon","coordinates":[[[102.4273,3.9003],[102.4238,3.8952],[102.4165,3.8993],[102.4162,3.896],[102.4113,3.8922],[102.4127,3.8852],[102.4176,3.8844],[102.4162,3.8803],[102.4222,3.8752],[102.4428,3.8743],[102.4474,3.8695],[102.4471,3.8657],[102.4401,3.8518],[102.4254,3.8499],[102.413,3.8269],[102.4016,3.8228],[102.401,3.8182],[102.4035,3.8155],[102.4132,3.8193],[102.42,3.8182],[102.4233,3.8036],[102.4073,3.8009],[102.3899,3.8039],[102.3886,3.8074],[102.3937,3.8109],[102.3649,3.8159],[102.3921,3.7573],[102.3904,3.75],[102.4134,3.7475],[102.4162,3.7426],[102.4289,3.7438],[102.4392,3.7393],[102.4379,3.7315],[102.4412,3.7275],[102.4396,3.725],[102.4531,3.7193],[102.4527,3.7234],[102.4555,3.7258],[102.4543,3.7344],[102.4609,3.7508],[102.4707,3.7524],[102.4826,3.7737],[102.4883,3.777],[102.4875,3.7868],[102.4936,3.8077],[102.5125,3.8155],[102.5321,3.8003],[102.5669,3.8139],[102.563,3.8349],[102.5836,3.8445],[102.5911,3.8374],[102.5957,3.8374],[102.6022,3.8269],[102.6087,3.8249],[102.6153,3.8254],[102.6178,3.8344],[102.6424,3.8394],[102.6404,3.849],[102.653,3.8525],[102.6575,3.843],[102.6716,3.8465],[102.6837,3.8399],[102.7123,3.8334],[102.7143,3.8374],[102.7108,3.8445],[102.7138,3.85],[102.7264,3.8545],[102.7294,3.8691],[102.739,3.8782],[102.7455,3.8782],[102.7475,3.8852],[102.7415,3.9073],[102.7556,3.9144],[102.7535,3.9204],[102.7596,3.9204],[102.7631,3.9279],[102.7706,3.931],[102.7737,3.9415],[102.7817,3.9445],[102.7857,3.943],[102.7872,3.9455],[102.7928,3.9435],[102.7943,3.9521],[102.8003,3.9591],[102.801,3.9722],[102.7632,4.0125],[102.7559,4.0091],[102.7482,4.0151],[102.7392,4.0099],[102.7191,4.0142],[102.7216,4.0309],[102.7165,4.0369],[102.7032,4.0322],[102.6869,4.0455],[102.6792,4.0464],[102.6659,4.0537],[102.6616,4.0609],[102.6428,4.0781],[102.6342,4.0972],[102.6191,4.1174],[102.6041,4.1254],[102.5998,4.1348],[102.5894,4.1477],[102.5861,4.1477],[102.5814,4.1253],[102.584,4.1181],[102.5821,4.0983],[102.5919,4.0762],[102.5876,4.0743],[102.5884,4.0684],[102.576,4.0651],[102.5708,4.0592],[102.5661,4.0584],[102.5592,4.0615],[102.5461,4.0595],[102.5433,4.0557],[102.5428,4.0357],[102.5481,4.0256],[102.5474,4.0142],[102.5436,4.0097],[102.5373,4.0074],[102.5317,3.9956],[102.5332,3.9819],[102.5309,3.9784],[102.5261,3.9776],[102.5226,3.9806],[102.5206,3.9872],[102.5158,3.9905],[102.5059,3.989],[102.4986,3.9976],[102.4953,3.9983],[102.4827,3.992],[102.4754,3.9847],[102.4721,3.9665],[102.4668,3.9536],[102.4675,3.9438],[102.4395,3.9324],[102.4412,3.9278],[102.4346,3.9245],[102.4344,3.9191],[102.4319,3.918],[102.4328,3.9082],[102.4273,3.9003]]]}},{"type":"Feature","properties":{"c":"N.12","n":"Beserah","w":"PN","p":"PAS","cand":"Andansura bin Rabu","pct":51.8,"maj":11521,"nc":5,"tv":46079,"unc":false,"rw":"PH","rp":"AMANAH","rcand":"Zulkifli bin Mohamed","rpct":26.8},"geometry":{"type":"Polygon","coordinates":[[[103.3266,4.1874],[103.3196,4.194],[103.3172,4.1855],[103.3222,4.1792],[103.3208,4.1695],[103.3284,4.1606],[103.3244,4.1571],[103.3287,4.1428],[103.3242,4.1422],[103.3236,4.1252],[103.3066,4.1181],[103.3053,4.0859],[103.2986,4.0859],[103.3058,4.0644],[103.3162,4.0639],[103.3231,4.0548],[103.3279,4.0394],[103.3228,4.0123],[103.3255,3.9935],[103.3335,3.9812],[103.3314,3.9767],[103.3348,3.9488],[103.3266,3.9294],[103.3042,3.9207],[103.3178,3.8949],[103.313,3.8885],[103.314,3.8853],[103.3111,3.8795],[103.3194,3.8705],[103.3215,3.8702],[103.3285,3.8784],[103.3378,3.8724],[103.3369,3.8669],[103.3421,3.857],[103.3487,3.8521],[103.3487,3.8491],[103.3427,3.8452],[103.3504,3.8374],[103.3469,3.8384],[103.3452,3.8345],[103.3438,3.8371],[103.3414,3.8368],[103.3415,3.8415],[103.3357,3.8405],[103.3355,3.8381],[103.331,3.8365],[103.3342,3.8216],[103.3439,3.828],[103.3467,3.826],[103.3603,3.8272],[103.3623,3.8208],[103.3707,3.8208],[103.3731,3.8168],[103.3772,3.818],[103.3775,3.8206],[103.3751,3.8298],[103.3767,3.8338],[103.3662,3.8806],[103.3679,3.916],[103.3761,3.9333],[103.3989,3.9663],[103.4106,3.9687],[103.4192,3.9655],[103.4301,3.9564],[103.4343,3.9567],[103.4347,3.9616],[103.4401,3.963],[103.4375,3.9672],[103.4329,3.9675],[103.4332,3.9704],[103.4284,3.9717],[103.4215,3.9695],[103.4109,3.9831],[103.4165,3.9856],[103.4226,3.9754],[103.4311,3.9764],[103.4285,3.9806],[103.4297,3.9854],[103.4227,3.9946],[103.4175,3.9952],[103.3988,4.0393],[103.3868,4.0866],[103.3843,4.1026],[103.3854,4.1113],[103.3884,4.1213],[103.3948,4.1261],[103.3993,4.1228],[103.4026,4.1284],[103.4077,4.1301],[103.4108,4.1638],[103.4149,4.1734],[103.4194,4.1764],[103.4308,4.1767],[103.4355,4.1765],[103.4392,4.173],[103.4443,4.1803],[103.4402,4.1867],[103.4011,4.1781],[103.3452,4.1776],[103.3322,4.1898],[103.3266,4.1874]]]}},{"type":"Feature","properties":{"c":"N.13","n":"Semambu","w":"PH","p":"PKR","cand":"Chan Chun Kuang","pct":40.0,"maj":1804,"nc":4,"tv":47242,"unc":false,"rw":"PN","rp":"PAS","rcand":"Zulfadhli bin Zakariah","rpct":36.2},"geometry":{"type":"Polygon","coordinates":[[[103.2977,3.9038],[103.2822,3.8973],[103.2618,3.8812],[103.2558,3.8852],[103.2562,3.88],[103.2506,3.8704],[103.2342,3.8672],[103.2282,3.8584],[103.2378,3.856],[103.2398,3.8592],[103.2446,3.8592],[103.253,3.8424],[103.2614,3.8392],[103.2562,3.8344],[103.2614,3.828],[103.267,3.8296],[103.2678,3.8256],[103.2634,3.8192],[103.269,3.8156],[103.2662,3.81],[103.2734,3.804],[103.2814,3.8024],[103.2818,3.7956],[103.2862,3.802],[103.2946,3.7948],[103.2946,3.7884],[103.2978,3.7864],[103.3006,3.7936],[103.3066,3.7916],[103.311,3.8012],[103.3214,3.8088],[103.327,3.8164],[103.3274,3.8216],[103.3342,3.8216],[103.331,3.8365],[103.3355,3.8381],[103.3357,3.8405],[103.3415,3.8415],[103.3414,3.8368],[103.3438,3.8371],[103.3452,3.8345],[103.3469,3.8384],[103.3504,3.8374],[103.3427,3.8452],[103.3487,3.8491],[103.3487,3.8521],[103.3421,3.857],[103.3369,3.8669],[103.3378,3.8724],[103.3285,3.8784],[103.3215,3.8702],[103.3194,3.8705],[103.3007,3.8917],[103.301,3.8981],[103.2977,3.9038]]]}},{"type":"Feature","properties":{"c":"N.14","n":"Teruntum","w":"PH","p":"PKR","cand":"Sim Chon Siang","pct":58.6,"maj":8679,"nc":4,"tv":22143,"unc":false,"rw":"BN","rp":"MCA","rcand":"Tee Choon Ser","rpct":19.4},"geometry":{"type":"Polygon","coordinates":[[[103.3342,3.8216],[103.3274,3.8216],[103.327,3.8164],[103.3214,3.8088],[103.311,3.8012],[103.3165,3.8011],[103.3175,3.7989],[103.3225,3.8055],[103.3283,3.8007],[103.3389,3.8079],[103.3433,3.806],[103.3592,3.8081],[103.3728,3.801],[103.3743,3.817],[103.3707,3.8208],[103.3623,3.8208],[103.3603,3.8272],[103.3467,3.826],[103.3439,3.828],[103.3342,3.8216]]]}},{"type":"Feature","properties":{"c":"N.15","n":"Tanjung Lumpur","w":"PN","p":"PAS","cand":"Rosli bin Abdul Jabar","pct":55.0,"maj":8989,"nc":4,"tv":30372,"unc":false,"rw":"BN","rp":"UMNO","rcand":"Nara bin Nordin","rpct":25.4},"geometry":{"type":"Polygon","coordinates":[[[103.2734,3.804],[103.2735,3.7879],[103.2785,3.7788],[103.2943,3.784],[103.3017,3.7721],[103.2975,3.7711],[103.2943,3.7748],[103.2924,3.7726],[103.2971,3.7676],[103.2901,3.7575],[103.2919,3.7553],[103.2892,3.7518],[103.2926,3.7484],[103.2896,3.7384],[103.2936,3.736],[103.2931,3.7325],[103.2975,3.7323],[103.2948,3.7219],[103.2973,3.7217],[103.2959,3.7187],[103.3,3.7125],[103.3033,3.7135],[103.3127,3.7202],[103.3231,3.7229],[103.3231,3.7259],[103.3286,3.7269],[103.3249,3.7591],[103.3433,3.806],[103.3362,3.8069],[103.3283,3.8007],[103.3225,3.8055],[103.3175,3.7989],[103.3165,3.8011],[103.311,3.8012],[103.3066,3.7916],[103.3006,3.7936],[103.2978,3.7864],[103.2946,3.7884],[103.2946,3.7948],[103.2862,3.802],[103.2818,3.7956],[103.2814,3.8024],[103.2734,3.804]]]}},{"type":"Feature","properties":{"c":"N.16","n":"Inderapura","w":"BN","p":"UMNO","cand":"Shaik Fauzan bin Sharif","pct":46.2,"maj":922,"nc":4,"tv":15230,"unc":false,"rw":"PN","rp":"PAS","rcand":"Mohamed Hafizal bin Mohamed Shah","rpct":40.1},"geometry":{"type":"Polygon","coordinates":[[[103.26,3.7717],[103.2665,3.7622],[103.2624,3.7482],[103.2783,3.711],[103.2767,3.7029],[103.3051,3.65],[103.3045,3.6437],[103.3083,3.6336],[103.3229,3.6176],[103.3235,3.6069],[103.358,3.6042],[103.366,3.6063],[103.3726,3.6042],[103.3809,3.6072],[103.383,3.5977],[103.3993,3.5991],[103.399,3.6045],[103.4017,3.6],[103.4038,3.6005],[103.3514,3.6711],[103.3379,3.6995],[103.3286,3.7269],[103.3231,3.7259],[103.3231,3.7229],[103.3127,3.7202],[103.3,3.7125],[103.2959,3.7187],[103.2973,3.7217],[103.2948,3.7234],[103.2975,3.7323],[103.2931,3.7325],[103.2936,3.736],[103.2896,3.7384],[103.2926,3.7484],[103.2892,3.7518],[103.2916,3.7533],[103.2901,3.7575],[103.2924,3.7624],[103.2954,3.7629],[103.2971,3.7676],[103.2924,3.7726],[103.2943,3.7748],[103.2975,3.7711],[103.3017,3.7721],[103.2978,3.78],[103.2943,3.784],[103.26,3.7717]]]}},{"type":"Feature","properties":{"c":"N.17","n":"Sungai Lembing","w":"PN","p":"PAS","cand":"Mohamad Ayub bin Mat Ashri","pct":47.4,"maj":1054,"nc":4,"tv":14694,"unc":false,"rw":"BN","rp":"UMNO","rcand":"Umor Arbain bin Dollah","rpct":40.2},"geometry":{"type":"Polygon","coordinates":[[[102.862,3.9566],[102.8697,3.9453],[102.8756,3.9444],[102.8795,3.9404],[102.8912,3.9478],[102.8942,3.9413],[102.8912,3.9334],[102.8924,3.9245],[102.8878,3.923],[102.8847,3.9184],[102.8872,3.9083],[102.8909,3.907],[102.9025,3.8948],[102.9114,3.8957],[102.919,3.8917],[102.9236,3.8783],[102.9365,3.8734],[102.9484,3.8559],[102.9472,3.8449],[102.9521,3.8424],[102.9555,3.8308],[102.9668,3.8201],[102.9668,3.8176],[102.9714,3.8173],[102.9784,3.8115],[102.9784,3.8048],[102.9843,3.7996],[102.9892,3.8032],[102.9962,3.8017],[103.0085,3.8038],[103.0186,3.8179],[103.0247,3.821],[103.0403,3.8029],[103.0464,3.8014],[103.0492,3.7956],[103.0574,3.7907],[103.0697,3.7928],[103.0694,3.7977],[103.0767,3.798],[103.0801,3.8048],[103.0884,3.8084],[103.0917,3.8066],[103.1006,3.8106],[103.1049,3.8155],[103.1154,3.8587],[103.1131,3.8656],[103.1287,3.8929],[103.1389,3.8964],[103.1392,3.9],[103.1335,3.9013],[103.1335,3.9041],[103.129,3.9036],[103.1361,3.9117],[103.1284,3.9255],[103.1427,3.9334],[103.1448,3.939],[103.1794,3.9383],[103.1675,3.9171],[103.1731,3.9],[103.171,3.8936],[103.1723,3.8916],[103.1784,3.8929],[103.1812,3.8868],[103.1873,3.885],[103.1922,3.8766],[103.1932,3.8697],[103.1848,3.8539],[103.1902,3.8462],[103.1945,3.846],[103.1998,3.8536],[103.2037,3.8536],[103.2062,3.8564],[103.2088,3.8567],[103.2136,3.8505],[103.2207,3.8521],[103.2342,3.8672],[103.2506,3.8704],[103.2562,3.88],[103.2558,3.8852],[103.2618,3.8812],[103.2822,3.8973],[103.2977,3.9038],[103.2768,3.9401],[103.272,3.9409],[103.264,3.9494],[103.2672,3.96],[103.2722,3.96],[103.2744,3.9666],[103.2648,3.9807],[103.2464,3.9913],[103.2397,4.0041],[103.2408,4.0152],[103.2248,4.019],[103.2158,4.0097],[103.2054,4.0129],[103.2019,4.0354],[103.195,4.0389],[103.1897,4.0251],[103.1838,4.0288],[103.1633,4.0304],[103.1561,4.0423],[103.1391,4.0538],[103.1335,4.0516],[103.1274,4.07],[103.121,4.0713],[103.1212,4.0777],[103.1021,4.0899],[103.0959,4.0862],[103.0847,4.0952],[103.0722,4.0944],[103.0701,4.1114],[103.0517,4.1181],[103.044,4.1141],[103.0246,4.1204],[103.0176,4.1159],[103.0083,4.1263],[102.9937,4.1282],[102.9849,4.1183],[102.9787,4.1212],[102.9625,4.1167],[102.9606,4.113],[102.9337,4.0989],[102.9169,4.0745],[102.9146,4.0535],[102.9204,4.0382],[102.9128,4.0125],[102.9062,4.0137],[102.8987,4.0065],[102.8814,4.0081],[102.8664,3.9968],[102.8661,3.9911],[102.8617,3.9871],[102.8639,3.9754],[102.862,3.9566]]]}},{"type":"Feature","properties":{"c":"N.18","n":"Lepar","w":"PN","p":"BERSATU","cand":"Mohd Yazid bin Mohd Yunus","pct":42.8,"maj":419,"nc":4,"tv":19722,"unc":false,"rw":"BN","rp":"UMNO","rcand":"Abd Rahim bin Muda","rpct":40.7},"geometry":{"type":"Polygon","coordinates":[[[102.8017,3.9657],[102.8003,3.9591],[102.7943,3.9521],[102.7928,3.9435],[102.7872,3.9455],[102.7857,3.943],[102.7817,3.9445],[102.7737,3.9415],[102.7706,3.931],[102.7631,3.9279],[102.7596,3.9204],[102.7535,3.9204],[102.7556,3.9144],[102.7415,3.9073],[102.7475,3.8852],[102.7455,3.8782],[102.739,3.8782],[102.7294,3.8691],[102.7264,3.8545],[102.7138,3.85],[102.7108,3.8445],[102.7143,3.8374],[102.7123,3.8334],[102.7123,3.8104],[102.7258,3.8051],[102.7279,3.7973],[102.7328,3.7969],[102.7332,3.7932],[102.7394,3.7878],[102.7344,3.7817],[102.7394,3.7743],[102.7476,3.771],[102.7537,3.7612],[102.7512,3.7571],[102.7627,3.7497],[102.7697,3.7563],[102.7844,3.7571],[102.7955,3.7628],[102.7996,3.7587],[102.7992,3.7555],[102.8029,3.7538],[102.8041,3.7489],[102.8013,3.7345],[102.8136,3.7223],[102.8283,3.7182],[102.8242,3.7083],[102.8246,3.6985],[102.8316,3.6977],[102.8336,3.7038],[102.839,3.7083],[102.8443,3.7079],[102.8443,3.7149],[102.8472,3.7202],[102.8668,3.7186],[102.8693,3.7132],[102.875,3.7095],[102.8673,3.6972],[102.9107,3.6698],[102.9219,3.6565],[103.0433,3.6324],[103.0496,3.633],[103.0508,3.629],[103.1178,3.6193],[103.115,3.6256],[103.1167,3.6279],[103.1161,3.6387],[103.1098,3.6433],[103.1092,3.6496],[103.1052,3.6502],[103.1018,3.664],[103.1046,3.6703],[103.1092,3.6714],[103.1087,3.6771],[103.1121,3.6857],[103.1201,3.6846],[103.1224,3.6932],[103.1358,3.6928],[103.139,3.6852],[103.1596,3.6874],[103.1671,3.6909],[103.1665,3.7035],[103.1682,3.7092],[103.174,3.7138],[103.1751,3.7361],[103.1929,3.7447],[103.1946,3.7419],[103.2009,3.7424],[103.2015,3.7476],[103.1803,3.7722],[103.17,3.7745],[103.17,3.778],[103.1634,3.7804],[103.1636,3.785],[103.1524,3.8003],[103.1486,3.7998],[103.1422,3.8179],[103.1379,3.8205],[103.1165,3.8505],[103.1126,3.8511],[103.1123,3.8406],[103.1049,3.8155],[103.1006,3.8106],[103.0917,3.8066],[103.0884,3.8084],[103.0801,3.8048],[103.0767,3.798],[103.0694,3.7977],[103.0697,3.7928],[103.0574,3.7907],[103.0492,3.7956],[103.0464,3.8014],[103.0403,3.8029],[103.0247,3.821],[103.0186,3.8179],[103.0085,3.8038],[102.9962,3.8017],[102.9892,3.8032],[102.9843,3.7996],[102.9784,3.8048],[102.9784,3.8115],[102.9714,3.8173],[102.9668,3.8176],[102.9668,3.8201],[102.9555,3.8308],[102.9521,3.8424],[102.9472,3.8449],[102.9484,3.8559],[102.9365,3.8734],[102.9236,3.8783],[102.919,3.8917],[102.9114,3.8957],[102.9025,3.8948],[102.8909,3.907],[102.8872,3.9083],[102.8847,3.9184],[102.8878,3.923],[102.8924,3.9245],[102.8912,3.9334],[102.8942,3.9413],[102.8912,3.9478],[102.8795,3.9404],[102.8756,3.9444],[102.8697,3.9453],[102.862,3.9566],[102.8576,3.9475],[102.8444,3.9343],[102.8318,3.9315],[102.8183,3.9532],[102.8017,3.9657]]]}},{"type":"Feature","properties":{"c":"N.19","n":"Panching","w":"PN","p":"PAS","cand":"Mohd Tarmizi bin Yahaya","pct":55.0,"maj":7136,"nc":4,"tv":27571,"unc":false,"rw":"BN","rp":"UMNO","rcand":"Fauziah binti Abd Wahab","rpct":29.1},"geometry":{"type":"Polygon","coordinates":[[[103.2282,3.8584],[103.2207,3.8521],[103.2136,3.8505],[103.2088,3.8567],[103.2062,3.8564],[103.2037,3.8536],[103.1998,3.8536],[103.1945,3.846],[103.1902,3.8462],[103.1891,3.85],[103.1848,3.8516],[103.1932,3.8697],[103.1922,3.8766],[103.1873,3.885],[103.1812,3.8868],[103.1784,3.8929],[103.1723,3.8916],[103.171,3.8936],[103.1731,3.9],[103.1675,3.9171],[103.1794,3.9383],[103.1448,3.939],[103.1427,3.9334],[103.1284,3.9255],[103.1361,3.9117],[103.129,3.9036],[103.1335,3.9041],[103.1335,3.9013],[103.1392,3.9],[103.1389,3.8964],[103.1287,3.8929],[103.1241,3.8865],[103.1239,3.8827],[103.1131,3.8656],[103.1154,3.8587],[103.1126,3.8511],[103.1165,3.8505],[103.1379,3.8205],[103.1422,3.8179],[103.1486,3.7998],[103.1524,3.8003],[103.1636,3.785],[103.1634,3.7804],[103.17,3.778],[103.1826,3.7837],[103.1912,3.782],[103.1917,3.79],[103.1992,3.7917],[103.2101,3.7866],[103.2141,3.7814],[103.2198,3.7642],[103.2307,3.7694],[103.2467,3.7682],[103.2785,3.7788],[103.2735,3.7879],[103.2734,3.804],[103.2662,3.81],[103.269,3.8156],[103.2634,3.818],[103.2678,3.8256],[103.267,3.8296],[103.2614,3.828],[103.2562,3.8344],[103.2614,3.8392],[103.253,3.8424],[103.2446,3.8592],[103.2398,3.8592],[103.2378,3.856],[103.2282,3.8584]]]}},{"type":"Feature","properties":{"c":"N.20","n":"Pulau Manis","w":"PN","p":"PAS","cand":"Mohammad Rafiq Khan bin Ahmad Khan","pct":54.2,"maj":3931,"nc":3,"tv":24098,"unc":false,"rw":"BN","rp":"UMNO","rcand":"Khairuddin bin Mahmud","rpct":37.9},"geometry":{"type":"Polygon","coordinates":[[[103.26,3.7717],[103.2467,3.7682],[103.2307,3.7694],[103.2198,3.7642],[103.2141,3.7814],[103.2101,3.7866],[103.1992,3.7917],[103.1917,3.79],[103.1912,3.782],[103.1826,3.7837],[103.17,3.778],[103.17,3.7745],[103.1803,3.7722],[103.2015,3.7476],[103.2009,3.7424],[103.1946,3.7419],[103.1929,3.7447],[103.1751,3.7361],[103.174,3.7138],[103.1682,3.7092],[103.1665,3.7035],[103.1671,3.6909],[103.1596,3.6874],[103.139,3.6852],[103.1358,3.6928],[103.1224,3.6932],[103.1201,3.6846],[103.1121,3.6857],[103.1087,3.6771],[103.1092,3.6714],[103.1046,3.6703],[103.1018,3.664],[103.1052,3.6502],[103.1092,3.6496],[103.1098,3.6433],[103.1161,3.6387],[103.1167,3.6279],[103.115,3.6256],[103.1178,3.6193],[103.0508,3.629],[103.0496,3.633],[103.0433,3.6324],[102.9219,3.6565],[102.9188,3.6463],[102.9234,3.6348],[102.9195,3.6185],[102.9254,3.6053],[102.9234,3.5931],[102.9063,3.5761],[102.9063,3.5726],[102.9015,3.5723],[102.9049,3.5386],[102.8893,3.5306],[102.8858,3.5236],[102.8747,3.525],[102.8702,3.5201],[102.8712,3.5097],[102.8692,3.5003],[102.8557,3.4767],[102.8517,3.4752],[102.8559,3.4658],[102.8652,3.4544],[102.8785,3.4475],[102.8892,3.4503],[102.8925,3.4567],[102.8908,3.4708],[102.8944,3.4772],[102.893,3.4834],[102.8946,3.4886],[102.9141,3.4929],[102.9134,3.4993],[102.9246,3.5033],[102.9293,3.5005],[102.9403,3.4998],[102.9403,3.4945],[102.9467,3.4931],[102.9476,3.4891],[102.9835,3.4822],[103.0004,3.4755],[103.0074,3.4763],[103.0106,3.4718],[103.0166,3.4724],[103.035,3.4677],[103.0406,3.4596],[103.0486,3.4543],[103.062,3.4537],[103.0691,3.4682],[103.0694,3.4789],[103.0774,3.4861],[103.0961,3.4929],[103.1157,3.4893],[103.1356,3.4956],[103.1416,3.5049],[103.1635,3.5138],[103.1635,3.5161],[103.1928,3.5244],[103.2027,3.5416],[103.2107,3.5495],[103.2219,3.5493],[103.2336,3.5458],[103.2418,3.5387],[103.2511,3.5394],[103.2652,3.5493],[103.2716,3.5495],[103.28,3.5473],[103.2886,3.5328],[103.3018,3.5283],[103.3237,3.5288],[103.3294,3.5354],[103.3312,3.5539],[103.3356,3.5614],[103.3413,3.5652],[103.3444,3.5784],[103.3418,3.5954],[103.35,3.6048],[103.3235,3.6069],[103.3229,3.6176],[103.3083,3.6336],[103.3045,3.6437],[103.3051,3.65],[103.2767,3.7029],[103.2783,3.711],[103.2624,3.7482],[103.2665,3.7622],[103.26,3.7717]]]}},{"type":"Feature","properties":{"c":"N.21","n":"Peramu Jaya","w":"BN","p":"UMNO","cand":"Mohamad Nizar bin Mohamad Najib","pct":57.6,"maj":7823,"nc":4,"tv":33555,"unc":false,"rw":"PN","rp":"BERSATU","rcand":"Abu Talib bin Muhammad","rpct":34.3},"geometry":{"type":"MultiPolygon","coordinates":[[[[103.35,3.6048],[103.3418,3.5954],[103.3444,3.5784],[103.3413,3.5652],[103.3476,3.5612],[103.3449,3.541],[103.3499,3.5325],[103.3694,3.5283],[103.3768,3.5302],[103.3876,3.5198],[103.3941,3.5076],[103.3869,3.5071],[103.3859,3.5042],[103.3787,3.5031],[103.369,3.4945],[103.3701,3.4913],[103.3742,3.4951],[103.3783,3.4946],[103.3818,3.4893],[103.385,3.4922],[103.3898,3.4877],[103.3874,3.4776],[103.3834,3.4725],[103.3842,3.4692],[103.3883,3.4684],[103.3864,3.4652],[103.3877,3.4626],[103.3787,3.4613],[103.3611,3.4024],[103.3555,3.3743],[103.3566,3.3726],[103.4239,3.3735],[103.4277,3.4004],[103.4435,3.4548],[103.4547,3.4545],[103.4685,3.4623],[103.4711,3.4659],[103.4741,3.5102],[103.4618,3.5302],[103.4671,3.5331],[103.4648,3.5327],[103.4418,3.5524],[103.4038,3.6005],[103.4017,3.6],[103.4005,3.6045],[103.3993,3.5991],[103.383,3.5977],[103.3809,3.6072],[103.3726,3.6042],[103.366,3.6063],[103.35,3.6048]]],[[[103.4665,3.5211],[103.4742,3.5141],[103.4719,3.5267],[103.4655,3.5244],[103.4665,3.5211]]]]}},{"type":"Feature","properties":{"c":"N.22","n":"Bebar","w":"BN","p":"UMNO","cand":"Mohammad Fakhruddin bin Mohd Ariff","pct":67.4,"maj":6273,"nc":3,"tv":15563,"unc":false,"rw":"PN","rp":"BERSATU","rcand":"Narzatul Haidar bin Sakim","rpct":27.1},"geometry":{"type":"Polygon","coordinates":[[[103.1273,3.4917],[103.1303,3.4864],[103.1336,3.4864],[103.1333,3.4822],[103.1371,3.4822],[103.1324,3.4739],[103.1229,3.4709],[103.1229,3.4682],[103.1175,3.4659],[103.114,3.4688],[103.1092,3.4665],[103.1077,3.4617],[103.1045,3.4635],[103.1042,3.4608],[103.0899,3.4567],[103.0732,3.435],[103.0682,3.4365],[103.069,3.4327],[103.0655,3.4239],[103.0824,3.3497],[103.0678,3.3293],[103.0716,3.3159],[103.0759,3.3159],[103.0747,3.308],[103.0796,3.2956],[103.0749,3.2763],[103.079,3.268],[103.0846,3.2706],[103.0902,3.2512],[103.1003,3.253],[103.1064,3.2486],[103.1039,3.2443],[103.1057,3.2407],[103.1093,3.2407],[103.1136,3.2364],[103.11,3.2271],[103.115,3.2278],[103.1157,3.2214],[103.1193,3.2214],[103.1225,3.2181],[103.1265,3.2206],[103.1283,3.2167],[103.1376,3.2124],[103.1179,3.1912],[103.1182,3.1862],[103.1247,3.1858],[103.1251,3.1743],[103.1157,3.1657],[103.1206,3.1616],[103.1119,3.154],[103.1119,3.1513],[103.1016,3.1467],[103.1041,3.1385],[103.1083,3.1361],[103.1104,3.1231],[103.1062,3.1186],[103.1256,3.0824],[103.1376,3.0826],[103.1363,3.0681],[103.1224,3.0688],[103.1206,3.0663],[103.1225,3.0636],[103.1718,3.0643],[103.1823,3.0556],[103.1786,3.0504],[103.1848,3.0504],[103.1855,3.0478],[103.1902,3.0481],[103.1912,3.0443],[103.1999,3.0435],[103.2054,3.0365],[103.2088,3.0414],[103.2123,3.0414],[103.2161,3.0351],[103.2242,3.0354],[103.2339,3.0182],[103.2316,3.0143],[103.218,3.0146],[103.2152,3.0043],[103.2173,3.0005],[103.215,2.9999],[103.2184,2.9911],[103.2225,2.9911],[103.224,2.988],[103.2194,2.9849],[103.2194,2.9788],[103.2235,2.9758],[103.2194,2.9727],[103.2266,2.9676],[103.2266,2.964],[103.2557,2.964],[103.2582,2.9676],[103.3337,2.9666],[103.3378,2.964],[103.3658,2.9656],[103.372,2.9605],[103.3771,2.963],[103.4334,2.9526],[103.4333,3.0547],[103.436,3.0682],[103.4427,3.0696],[103.4395,3.0653],[103.4425,3.0673],[103.4473,3.0873],[103.4489,3.1083],[103.4435,3.1663],[103.4466,3.213],[103.4411,3.2524],[103.4316,3.2876],[103.4259,3.3216],[103.4235,3.3497],[103.425,3.3739],[103.3566,3.3726],[103.3555,3.3743],[103.3611,3.4024],[103.3787,3.4613],[103.3877,3.4626],[103.3864,3.4652],[103.3883,3.4684],[103.3842,3.4692],[103.3834,3.4725],[103.3874,3.4776],[103.3898,3.4877],[103.385,3.4922],[103.3818,3.4893],[103.3783,3.4946],[103.3742,3.4951],[103.3701,3.4913],[103.369,3.4945],[103.3787,3.5031],[103.3859,3.5042],[103.3869,3.5071],[103.3935,3.5065],[103.3876,3.5198],[103.3768,3.5302],[103.3694,3.5283],[103.3499,3.5325],[103.3449,3.541],[103.3476,3.5612],[103.3413,3.5652],[103.3356,3.5614],[103.3312,3.5539],[103.3294,3.5354],[103.3237,3.5288],[103.3018,3.5283],[103.2886,3.5328],[103.28,3.5473],[103.2716,3.5495],[103.2652,3.5493],[103.2511,3.5394],[103.2418,3.5387],[103.2336,3.5458],[103.2219,3.5493],[103.2107,3.5495],[103.2027,3.5416],[103.1928,3.5244],[103.1635,3.5161],[103.1635,3.5138],[103.1416,3.5049],[103.1356,3.4956],[103.1273,3.4917]]]}},{"type":"Feature","properties":{"c":"N.23","n":"Chini","w":"BN","p":"UMNO","cand":"Mohd Sharim bin Md Zain","pct":53.2,"maj":2125,"nc":3,"tv":19884,"unc":false,"rw":"PN","rp":"PAS","rcand":"Fahrur Rozi bin Jalaluddin","rpct":42.6},"geometry":{"type":"Polygon","coordinates":[[[102.8517,3.4752],[102.8436,3.4784],[102.834,3.4784],[102.8244,3.4716],[102.8244,3.4667],[102.831,3.4569],[102.828,3.4554],[102.8231,3.4552],[102.8136,3.4637],[102.804,3.464],[102.7969,3.4616],[102.7991,3.4552],[102.7795,3.4537],[102.7778,3.4274],[102.7861,3.4252],[102.7903,3.4182],[102.8084,3.4071],[102.8174,3.3863],[102.831,3.3802],[102.8299,3.3738],[102.8216,3.3609],[102.8289,3.3483],[102.8442,3.3308],[102.8442,3.3248],[102.8476,3.319],[102.8544,3.3172],[102.8571,3.3126],[102.8628,3.3129],[102.8681,3.3029],[102.8765,3.2978],[102.8767,3.2949],[102.886,3.2866],[102.8863,3.2813],[102.8949,3.2712],[102.9057,3.2734],[102.9124,3.2647],[102.9177,3.2647],[102.9258,3.2676],[102.928,3.2774],[102.9323,3.2803],[102.9376,3.2988],[102.9357,3.3024],[102.9443,3.3055],[102.9496,3.3122],[102.9537,3.3098],[102.9529,3.3029],[102.9594,3.2981],[102.9575,3.2904],[102.9656,3.289],[102.9656,3.2846],[102.975,3.2765],[102.9808,3.2753],[102.9834,3.2818],[102.9865,3.282],[102.987,3.2791],[102.9932,3.2796],[102.9937,3.2837],[103.0064,3.2885],[103.0107,3.282],[103.0215,3.2844],[103.0222,3.2873],[103.0194,3.2887],[103.0208,3.2918],[103.0234,3.2918],[103.0237,3.2957],[103.0321,3.2911],[103.0323,3.2988],[103.039,3.3021],[103.0426,3.3084],[103.0475,3.3074],[103.0475,3.3126],[103.0576,3.3151],[103.0589,3.3214],[103.0778,3.3409],[103.0824,3.3497],[103.0655,3.4239],[103.069,3.4327],[103.0682,3.4365],[103.0732,3.435],[103.0899,3.4567],[103.1042,3.4608],[103.1045,3.4635],[103.1077,3.4617],[103.1092,3.4665],[103.114,3.4688],[103.1175,3.4659],[103.1229,3.4682],[103.1229,3.4709],[103.1324,3.4739],[103.1371,3.4822],[103.1333,3.4822],[103.1336,3.4864],[103.1303,3.4864],[103.1273,3.4917],[103.1157,3.4893],[103.0961,3.4929],[103.0774,3.4861],[103.0694,3.4789],[103.0691,3.4682],[103.062,3.4537],[103.0486,3.4543],[103.0406,3.4596],[103.035,3.4677],[103.0166,3.4724],[103.0106,3.4718],[103.0074,3.4763],[103.0004,3.4755],[102.9835,3.4822],[102.9476,3.4891],[102.9467,3.4931],[102.9403,3.4945],[102.9403,3.4998],[102.9293,3.5005],[102.9246,3.5033],[102.9134,3.4993],[102.9141,3.4929],[102.8946,3.4886],[102.893,3.4834],[102.8944,3.4772],[102.8908,3.4708],[102.8925,3.4567],[102.8892,3.4503],[102.8785,3.4475],[102.8652,3.4544],[102.8559,3.4658],[102.8517,3.4752]]]}},{"type":"Feature","properties":{"c":"N.24","n":"Luit","w":"PN","p":"PAS","cand":"Mohd Sofian bin Abd Jalil","pct":48.3,"maj":1166,"nc":3,"tv":12422,"unc":false,"rw":"BN","rp":"UMNO","rcand":"Jamaluddin bin Md. Marzuki","rpct":38.9},"geometry":{"type":"Polygon","coordinates":[[[102.7992,3.7555],[102.7844,3.7484],[102.7775,3.7357],[102.7547,3.7197],[102.7561,3.7061],[102.7507,3.6952],[102.7446,3.6994],[102.739,3.6975],[102.7396,3.6923],[102.7331,3.6734],[102.7383,3.6617],[102.7253,3.6596],[102.7253,3.6563],[102.7302,3.6502],[102.7283,3.6424],[102.7459,3.6234],[102.7258,3.6047],[102.7155,3.6024],[102.7025,3.6024],[102.6962,3.6047],[102.688,3.6003],[102.6801,3.5936],[102.675,3.5851],[102.675,3.5775],[102.682,3.5651],[102.6811,3.5474],[102.6852,3.5315],[102.696,3.5287],[102.6988,3.5227],[102.6982,3.5154],[102.7026,3.5055],[102.708,3.5065],[102.7124,3.5113],[102.7286,3.5109],[102.7435,3.4951],[102.7096,3.4079],[102.7242,3.3984],[102.7216,3.3927],[102.7334,3.388],[102.7365,3.3801],[102.7517,3.3813],[102.7729,3.3651],[102.7891,3.3648],[102.7923,3.3697],[102.7921,3.3746],[102.796,3.3756],[102.8026,3.3712],[102.8082,3.3716],[102.8082,3.3746],[102.8128,3.3772],[102.821,3.3732],[102.8299,3.3738],[102.831,3.3802],[102.8174,3.3863],[102.8084,3.4071],[102.7903,3.4182],[102.7861,3.4252],[102.7778,3.4274],[102.7795,3.4537],[102.7991,3.4552],[102.7969,3.4616],[102.804,3.464],[102.8136,3.4637],[102.8231,3.4552],[102.828,3.4554],[102.831,3.4569],[102.8244,3.4667],[102.8244,3.4716],[102.834,3.4784],[102.8436,3.4784],[102.8517,3.4752],[102.8557,3.4767],[102.8692,3.5003],[102.8712,3.5097],[102.8702,3.5201],[102.8747,3.525],[102.8858,3.5236],[102.8893,3.5306],[102.9049,3.5386],[102.9015,3.5723],[102.9063,3.5726],[102.9063,3.5761],[102.9234,3.5931],[102.9254,3.6053],[102.9195,3.6185],[102.9234,3.6348],[102.9188,3.6463],[102.9219,3.6565],[102.9107,3.6698],[102.8673,3.6972],[102.875,3.7095],[102.8693,3.7132],[102.8668,3.7186],[102.8472,3.7202],[102.8443,3.7149],[102.8443,3.7079],[102.839,3.7083],[102.8336,3.7038],[102.8316,3.6977],[102.8246,3.6985],[102.8242,3.7083],[102.8283,3.7182],[102.8136,3.7223],[102.8013,3.7345],[102.8041,3.7489],[102.8029,3.7538],[102.7992,3.7555]]]}},{"type":"Feature","properties":{"c":"N.25","n":"Kuala Sentul","w":"PN","p":"BERSATU","cand":"Jasri bin Jamaludin","pct":46.2,"maj":241,"nc":3,"tv":13014,"unc":false,"rw":"BN","rp":"UMNO","rcand":"Mohd Khairuddin bin Mohd Ali Hanafiah","rpct":44.4},"geometry":{"type":"Polygon","coordinates":[[[102.5446,3.8052],[102.5468,3.7972],[102.5594,3.7885],[102.5579,3.7764],[102.5604,3.7589],[102.5647,3.7579],[102.5686,3.7259],[102.5754,3.7022],[102.588,3.6973],[102.5943,3.6813],[102.5943,3.6527],[102.6005,3.649],[102.6078,3.6488],[102.6254,3.6572],[102.6467,3.6449],[102.6498,3.6464],[102.6518,3.6439],[102.6617,3.6419],[102.6613,3.6127],[102.6705,3.6014],[102.6703,3.5868],[102.675,3.5851],[102.6801,3.5936],[102.688,3.6003],[102.6962,3.6047],[102.7025,3.6024],[102.7258,3.6047],[102.7459,3.6234],[102.7283,3.6424],[102.7302,3.6502],[102.7253,3.6563],[102.7253,3.6596],[102.7383,3.6617],[102.7331,3.6734],[102.7396,3.6923],[102.739,3.6975],[102.7446,3.6994],[102.7507,3.6952],[102.7536,3.6984],[102.7561,3.7061],[102.7547,3.7197],[102.7775,3.7357],[102.7844,3.7484],[102.7992,3.7555],[102.7996,3.7587],[102.7955,3.7628],[102.7844,3.7571],[102.7697,3.7563],[102.7627,3.7497],[102.7512,3.7571],[102.7537,3.7612],[102.7476,3.771],[102.7394,3.7743],[102.7344,3.7817],[102.7394,3.7878],[102.7332,3.7932],[102.7328,3.7969],[102.7279,3.7973],[102.7258,3.8051],[102.7123,3.8104],[102.7123,3.8334],[102.6837,3.8399],[102.6716,3.8465],[102.6575,3.843],[102.653,3.8525],[102.6404,3.849],[102.6424,3.8394],[102.6178,3.8344],[102.6153,3.8254],[102.6022,3.8269],[102.5957,3.8374],[102.5911,3.8374],[102.5836,3.8445],[102.563,3.8349],[102.5669,3.8139],[102.5446,3.8052]]]}},{"type":"Feature","properties":{"c":"N.26","n":"Chenor","w":"PN","p":"PAS","cand":"Mujibur Rahman bin Ishak","pct":56.6,"maj":2706,"nc":3,"tv":15641,"unc":false,"rw":"BN","rp":"UMNO","rcand":"Saiful Anuar bin Mokhtar","rpct":39.3},"geometry":{"type":"Polygon","coordinates":[[[102.675,3.5851],[102.6703,3.5868],[102.6705,3.6014],[102.6613,3.6127],[102.6617,3.6419],[102.6518,3.6439],[102.6498,3.6464],[102.6467,3.6449],[102.6254,3.6572],[102.6078,3.6488],[102.6005,3.649],[102.5943,3.6527],[102.5972,3.6119],[102.5953,3.6051],[102.573,3.5828],[102.5686,3.5886],[102.5618,3.5906],[102.5497,3.5828],[102.5526,3.5731],[102.5371,3.5639],[102.523,3.5653],[102.5216,3.5629],[102.5104,3.562],[102.507,3.5658],[102.4905,3.5576],[102.4896,3.5463],[102.4864,3.5444],[102.4864,3.5399],[102.4816,3.5339],[102.4842,3.5176],[102.4867,3.5107],[102.4888,3.5107],[102.4872,3.503],[102.4921,3.5021],[102.5068,3.4738],[102.5036,3.4714],[102.5036,3.464],[102.5134,3.4623],[102.5142,3.4582],[102.5171,3.4582],[102.5196,3.4636],[102.5237,3.4603],[102.5298,3.4603],[102.5335,3.4566],[102.5397,3.4595],[102.5401,3.4554],[102.5446,3.4578],[102.5499,3.4566],[102.5516,3.4533],[102.5745,3.4541],[102.5815,3.4406],[102.5922,3.4343],[102.5948,3.4256],[102.5937,3.4224],[102.5905,3.4217],[102.5905,3.4181],[102.5842,3.4083],[102.5852,3.4047],[102.5927,3.4047],[102.5935,3.3953],[102.6197,3.3956],[102.6203,3.3939],[102.632,3.3962],[102.6372,3.3924],[102.6418,3.3924],[102.6469,3.3811],[102.6521,3.3813],[102.6535,3.3732],[102.6621,3.3709],[102.6691,3.3724],[102.6742,3.3683],[102.6721,3.3607],[102.677,3.3562],[102.6889,3.3568],[102.6923,3.3549],[102.6925,3.3406],[102.6887,3.3302],[102.6941,3.3149],[102.6993,3.3139],[102.7042,3.32],[102.713,3.3198],[102.7189,3.3232],[102.7221,3.3315],[102.7301,3.333],[102.7273,3.3458],[102.7323,3.3557],[102.7303,3.3683],[102.7365,3.3801],[102.7334,3.388],[102.7216,3.3927],[102.7242,3.3984],[102.7096,3.4079],[102.7435,3.4951],[102.7286,3.5109],[102.7124,3.5113],[102.708,3.5065],[102.7026,3.5055],[102.6982,3.5154],[102.6988,3.5227],[102.696,3.5287],[102.6852,3.5315],[102.6811,3.5474],[102.682,3.5651],[102.675,3.5775],[102.675,3.5851]]]}},{"type":"Feature","properties":{"c":"N.27","n":"Jenderak","w":"BN","p":"UMNO","cand":"Rodzuan bin Zaaba","pct":50.0,"maj":1454,"nc":3,"tv":10811,"unc":false,"rw":"PN","rp":"PAS","rcand":"Md Anuar bin Daud","rpct":36.6},"geometry":{"type":"Polygon","coordinates":[[[102.1079,3.8343],[102.1048,3.8314],[102.0997,3.8312],[102.0913,3.8221],[102.0963,3.8131],[102.0933,3.8092],[102.0932,3.8044],[102.0959,3.7874],[102.0934,3.7841],[102.0961,3.775],[102.0915,3.7686],[102.0862,3.7663],[102.0824,3.7581],[102.0839,3.7516],[102.0812,3.7471],[102.0946,3.7475],[102.0953,3.7341],[102.1039,3.7256],[102.105,3.7208],[102.1004,3.7112],[102.1033,3.7007],[102.0992,3.6977],[102.1065,3.6879],[102.1087,3.6799],[102.1132,3.6837],[102.1333,3.6806],[102.1429,3.6726],[102.1497,3.6576],[102.1535,3.6581],[102.1582,3.6544],[102.1579,3.6506],[102.1799,3.6312],[102.1828,3.6333],[102.1836,3.6391],[102.1919,3.6401],[102.2018,3.6367],[102.2081,3.6372],[102.2164,3.643],[102.225,3.6341],[102.2279,3.6341],[102.2305,3.6393],[102.243,3.6375],[102.2521,3.6414],[102.2576,3.6203],[102.2566,3.6177],[102.2467,3.6169],[102.2451,3.614],[102.2425,3.5976],[102.2456,3.5908],[102.2545,3.5914],[102.2717,3.5713],[102.2704,3.564],[102.2748,3.5627],[102.2777,3.5549],[102.2761,3.5457],[102.2795,3.5371],[102.2832,3.5384],[102.2845,3.534],[102.2892,3.5363],[102.2946,3.5335],[102.2983,3.5277],[102.3012,3.5311],[102.3146,3.5285],[102.3197,3.5189],[102.3261,3.5199],[102.3257,3.5313],[102.3302,3.5372],[102.3284,3.5456],[102.3361,3.5569],[102.3338,3.5606],[102.3353,3.567],[102.3402,3.567],[102.3424,3.5865],[102.3573,3.6041],[102.361,3.6233],[102.3676,3.6257],[102.3638,3.6165],[102.364,3.6088],[102.3668,3.6062],[102.3721,3.6066],[102.3732,3.6023],[102.3824,3.6011],[102.3837,3.5981],[102.386,3.5983],[102.3882,3.6023],[102.3846,3.6047],[102.3852,3.6158],[102.3824,3.6188],[102.3846,3.6231],[102.3822,3.6265],[102.3881,3.6419],[102.4146,3.6438],[102.416,3.642],[102.4231,3.6472],[102.4317,3.646],[102.4321,3.6486],[102.4228,3.6494],[102.419,3.6584],[102.4232,3.655],[102.428,3.6542],[102.4292,3.6563],[102.4347,3.6507],[102.4371,3.6531],[102.4325,3.6606],[102.4279,3.6582],[102.424,3.6651],[102.4147,3.6643],[102.4147,3.6669],[102.4213,3.6698],[102.4203,3.6804],[102.4052,3.6783],[102.3968,3.673],[102.3932,3.6732],[102.3813,3.6879],[102.3806,3.7022],[102.3693,3.7113],[102.3672,3.7234],[102.3729,3.7322],[102.3653,3.7543],[102.3889,3.7529],[102.3904,3.75],[102.3921,3.7573],[102.3649,3.8159],[102.3591,3.8185],[102.36,3.8216],[102.3737,3.8216],[102.3759,3.8361],[102.3737,3.8356],[102.3715,3.848],[102.3596,3.8528],[102.3569,3.8493],[102.3499,3.8532],[102.3218,3.8524],[102.3182,3.8497],[102.3125,3.8497],[102.309,3.8418],[102.2989,3.8427],[102.2936,3.8387],[102.2874,3.8444],[102.2808,3.844],[102.2734,3.8365],[102.2448,3.8282],[102.2368,3.8299],[102.2355,3.8444],[102.2408,3.8612],[102.2355,3.8708],[102.2135,3.8638],[102.2131,3.8506],[102.2096,3.8409],[102.2047,3.8396],[102.2052,3.8352],[102.1981,3.8361],[102.1986,3.844],[102.1924,3.8576],[102.181,3.8629],[102.1445,3.8528],[102.1431,3.8488],[102.1229,3.8466],[102.1167,3.8374],[102.1079,3.8343]]]}},{"type":"Feature","properties":{"c":"N.28","n":"Kerdau","w":"BN","p":"UMNO","cand":"Syed Ibrahim bin Syed Ahmad","pct":53.9,"maj":1929,"nc":3,"tv":12121,"unc":false,"rw":"PN","rp":"BERSATU","rcand":"Mohd Arhan bin Mohd Saludin","rpct":38.0},"geometry":{"type":"Polygon","coordinates":[[[102.3904,3.75],[102.3889,3.7529],[102.3653,3.7543],[102.3729,3.7322],[102.3672,3.7234],[102.3693,3.7113],[102.3806,3.7022],[102.3813,3.6879],[102.3932,3.6732],[102.3968,3.673],[102.4052,3.6783],[102.4203,3.6804],[102.4213,3.6698],[102.4147,3.6669],[102.4147,3.6643],[102.424,3.6651],[102.4279,3.6582],[102.4325,3.6606],[102.4371,3.6531],[102.4347,3.6507],[102.4292,3.6563],[102.428,3.6542],[102.4232,3.655],[102.419,3.6584],[102.4228,3.6494],[102.4321,3.6486],[102.4317,3.646],[102.4231,3.6472],[102.416,3.642],[102.4146,3.6438],[102.3881,3.6419],[102.3822,3.6265],[102.3846,3.6231],[102.3824,3.6188],[102.3852,3.6158],[102.3846,3.6047],[102.3882,3.6023],[102.386,3.5983],[102.3837,3.5981],[102.3824,3.6011],[102.3732,3.6023],[102.3721,3.6066],[102.3668,3.6062],[102.364,3.6088],[102.3638,3.6165],[102.3676,3.6257],[102.361,3.6233],[102.3573,3.6041],[102.3424,3.5865],[102.3402,3.567],[102.3353,3.567],[102.3338,3.5606],[102.3361,3.5569],[102.3314,3.5522],[102.3282,3.5402],[102.3302,3.5372],[102.3331,3.5409],[102.3553,3.5418],[102.3948,3.5307],[102.3989,3.5316],[102.3999,3.5367],[102.4059,3.5444],[102.4202,3.546],[102.4202,3.5498],[102.4256,3.5558],[102.4326,3.551],[102.4349,3.538],[102.4314,3.5316],[102.4333,3.5285],[102.4575,3.5167],[102.4648,3.518],[102.4702,3.5126],[102.4794,3.5138],[102.4842,3.5176],[102.4816,3.5339],[102.4864,3.5399],[102.4864,3.5444],[102.4896,3.5463],[102.4905,3.5576],[102.4864,3.5748],[102.4895,3.5835],[102.4873,3.5888],[102.4827,3.5885],[102.4781,3.5915],[102.4757,3.5987],[102.4824,3.6044],[102.4824,3.6082],[102.4792,3.6118],[102.4834,3.614],[102.4832,3.6192],[102.4878,3.6246],[102.4819,3.6333],[102.4832,3.636],[102.4745,3.6446],[102.4743,3.6502],[102.481,3.6587],[102.4795,3.6688],[102.476,3.6706],[102.4782,3.6786],[102.4743,3.6842],[102.4743,3.6913],[102.4603,3.7009],[102.4621,3.7053],[102.4595,3.7088],[102.4669,3.7135],[102.4697,3.7185],[102.4655,3.7247],[102.4644,3.722],[102.4607,3.7216],[102.4544,3.7248],[102.4531,3.7193],[102.4396,3.725],[102.4412,3.7275],[102.4379,3.7315],[102.4392,3.7393],[102.4289,3.7438],[102.4162,3.7426],[102.4134,3.7475],[102.3904,3.75]]]}},{"type":"Feature","properties":{"c":"N.29","n":"Jengka","w":"PN","p":"PAS","cand":"Shahril Azman bin Abd Halim","pct":61.7,"maj":6904,"nc":3,"tv":24825,"unc":false,"rw":"BN","rp":"UMNO","rcand":"Norhasmimi binti Abdul Ghani","rpct":33.9},"geometry":{"type":"Polygon","coordinates":[[[102.4544,3.7248],[102.4607,3.7216],[102.4644,3.722],[102.4655,3.7247],[102.4697,3.7185],[102.4669,3.7135],[102.4595,3.7088],[102.4621,3.7053],[102.4603,3.7009],[102.4743,3.6913],[102.4743,3.6842],[102.4782,3.6786],[102.476,3.6706],[102.4795,3.6688],[102.481,3.6587],[102.4743,3.6502],[102.4745,3.6446],[102.4832,3.636],[102.4819,3.6333],[102.4878,3.6246],[102.4832,3.6192],[102.4834,3.614],[102.4792,3.6118],[102.4824,3.6082],[102.4824,3.6044],[102.4757,3.5987],[102.4781,3.5915],[102.4827,3.5885],[102.4873,3.5888],[102.4895,3.5835],[102.4864,3.5748],[102.4905,3.5576],[102.507,3.5658],[102.5104,3.562],[102.5216,3.5629],[102.523,3.5653],[102.5371,3.5639],[102.5526,3.5731],[102.5497,3.5828],[102.5618,3.5906],[102.5686,3.5886],[102.573,3.5828],[102.5953,3.6051],[102.5972,3.6119],[102.5943,3.6813],[102.588,3.6973],[102.5754,3.7022],[102.5686,3.7259],[102.5647,3.7579],[102.5604,3.7589],[102.5579,3.7764],[102.5594,3.7885],[102.5468,3.7972],[102.5446,3.8052],[102.5321,3.8003],[102.5125,3.8155],[102.4936,3.8077],[102.4875,3.7868],[102.4883,3.777],[102.4826,3.7737],[102.4707,3.7524],[102.4609,3.7508],[102.4543,3.7344],[102.4544,3.7248]]]}},{"type":"Feature","properties":{"c":"N.30","n":"Mentakab","w":"PH","p":"DAP","cand":"Woo Chee Wan","pct":45.4,"maj":3657,"nc":4,"tv":28436,"unc":false,"rw":"PN","rp":"BERSATU","rcand":"Mohd Yusoff bin Abdullah","rpct":32.5},"geometry":{"type":"Polygon","coordinates":[[[102.3553,3.5418],[102.3557,3.538],[102.3447,3.5227],[102.346,3.5062],[102.3423,3.5012],[102.3397,3.4806],[102.331,3.4849],[102.331,3.487],[102.3265,3.487],[102.326,3.4688],[102.3449,3.4717],[102.3397,3.4654],[102.3415,3.4538],[102.3331,3.4514],[102.3328,3.4472],[102.3649,3.4441],[102.3749,3.4392],[102.3754,3.4415],[102.3791,3.4421],[102.3787,3.4454],[102.3822,3.4462],[102.3832,3.4427],[102.3885,3.4423],[102.3902,3.4454],[102.3927,3.4421],[102.3978,3.4451],[102.3978,3.4533],[102.4021,3.454],[102.4035,3.4624],[102.4013,3.4652],[102.407,3.4664],[102.407,3.4681],[102.4,3.4685],[102.3992,3.4744],[102.3945,3.4791],[102.3865,3.4777],[102.3842,3.4722],[102.3855,3.4683],[102.3791,3.471],[102.3808,3.4767],[102.3771,3.4767],[102.3761,3.4726],[102.3716,3.4769],[102.3685,3.4759],[102.3715,3.4878],[102.3695,3.4908],[102.365,3.4908],[102.3632,3.4984],[102.3601,3.4996],[102.3646,3.5002],[102.3662,3.5033],[102.3632,3.5158],[102.3661,3.5386],[102.3553,3.5418]]]}},{"type":"Feature","properties":{"c":"N.31","n":"Lanchang","w":"PN","p":"PAS","cand":"Hassan bin Omar","pct":40.1,"maj":451,"nc":5,"tv":24968,"unc":false,"rw":"BN","rp":"UMNO","rcand":"Razmi bin Sudin","rpct":38.3},"geometry":{"type":"Polygon","coordinates":[[[102.0151,3.5585],[102.0167,3.5531],[102.021,3.5549],[102.0232,3.5646],[102.0278,3.5646],[102.0386,3.5406],[102.0368,3.5352],[102.0425,3.5359],[102.0486,3.5263],[102.0486,3.522],[102.0594,3.5119],[102.054,3.5026],[102.0565,3.498],[102.0615,3.4972],[102.0637,3.5015],[102.0805,3.5062],[102.078,3.5101],[102.0827,3.5126],[102.0844,3.5177],[102.0827,3.5212],[102.0887,3.5212],[102.0895,3.5309],[102.0941,3.523],[102.1192,3.5266],[102.1253,3.5252],[102.1303,3.5298],[102.1382,3.5155],[102.155,3.5159],[102.1568,3.5105],[102.1593,3.5105],[102.1565,3.5012],[102.1443,3.4965],[102.1443,3.4944],[102.1371,3.4933],[102.1378,3.4879],[102.1328,3.4933],[102.1328,3.4886],[102.1307,3.4876],[102.1346,3.4843],[102.1188,3.4775],[102.1138,3.4818],[102.102,3.4818],[102.1024,3.4539],[102.1059,3.4517],[102.0981,3.4442],[102.1027,3.4363],[102.0991,3.4238],[102.0934,3.4213],[102.0981,3.4037],[102.0938,3.3926],[102.097,3.3858],[102.1052,3.3826],[102.1034,3.3779],[102.1085,3.3751],[102.1088,3.3639],[102.1174,3.3453],[102.1231,3.3514],[102.1292,3.3539],[102.1325,3.3525],[102.1321,3.3496],[102.1274,3.3467],[102.1285,3.3428],[102.1325,3.3428],[102.1421,3.3539],[102.1439,3.3622],[102.1547,3.3607],[102.1568,3.3654],[102.1751,3.3636],[102.1751,3.3693],[102.183,3.3682],[102.1844,3.3715],[102.2102,3.3776],[102.2134,3.3822],[102.2192,3.3822],[102.2195,3.3847],[102.2256,3.3844],[102.2274,3.3923],[102.2296,3.389],[102.2346,3.3894],[102.2389,3.3808],[102.241,3.3804],[102.241,3.3761],[102.25,3.3718],[102.2528,3.3761],[102.2557,3.3761],[102.2564,3.3725],[102.2632,3.3704],[102.2643,3.3632],[102.2747,3.3665],[102.2837,3.3639],[102.2933,3.3539],[102.2941,3.3446],[102.2994,3.3396],[102.3059,3.3381],[102.3087,3.341],[102.3048,3.3518],[102.3098,3.3532],[102.3148,3.3503],[102.3211,3.3538],[102.3157,3.3617],[102.3151,3.3675],[102.323,3.376],[102.3322,3.3735],[102.3379,3.3782],[102.343,3.3713],[102.3484,3.3719],[102.3506,3.3697],[102.3554,3.3713],[102.3605,3.3824],[102.3703,3.377],[102.3706,3.3706],[102.3804,3.3751],[102.3928,3.3703],[102.4169,3.3716],[102.4265,3.3687],[102.4362,3.3823],[102.4344,3.3891],[102.4149,3.4025],[102.4136,3.408],[102.416,3.4157],[102.4212,3.4196],[102.4389,3.4228],[102.4399,3.4301],[102.4315,3.437],[102.4186,3.4365],[102.4104,3.4278],[102.3949,3.4293],[102.3649,3.4441],[102.3328,3.4472],[102.3331,3.4514],[102.3415,3.4538],[102.3397,3.4654],[102.3449,3.4717],[102.326,3.4688],[102.3265,3.487],[102.331,3.487],[102.331,3.4849],[102.3397,3.4806],[102.3423,3.5012],[102.346,3.5062],[102.3447,3.5227],[102.3557,3.538],[102.3553,3.5418],[102.3331,3.5409],[102.3257,3.5313],[102.3261,3.5199],[102.3197,3.5189],[102.3146,3.5285],[102.3012,3.5311],[102.2983,3.5277],[102.2946,3.5335],[102.2892,3.5363],[102.2845,3.534],[102.2832,3.5384],[102.2795,3.5371],[102.2761,3.5457],[102.2777,3.5549],[102.2748,3.5627],[102.2704,3.564],[102.2717,3.5713],[102.2545,3.5914],[102.2456,3.5908],[102.2425,3.5976],[102.2467,3.6169],[102.2566,3.6177],[102.2576,3.6203],[102.2521,3.6414],[102.243,3.6375],[102.2305,3.6393],[102.2279,3.6341],[102.225,3.6341],[102.2164,3.643],[102.2081,3.6372],[102.2018,3.6367],[102.1919,3.6401],[102.1836,3.6391],[102.1828,3.6333],[102.1799,3.6312],[102.1579,3.6506],[102.1582,3.6544],[102.1535,3.6581],[102.1497,3.6576],[102.1429,3.6726],[102.1333,3.6806],[102.1132,3.6837],[102.1087,3.6799],[102.1065,3.6879],[102.0992,3.6977],[102.1033,3.7007],[102.1004,3.7112],[102.105,3.7208],[102.1039,3.7256],[102.0953,3.7341],[102.0946,3.7475],[102.0812,3.7471],[102.0697,3.743],[102.0594,3.7289],[102.0617,3.7256],[102.0563,3.7189],[102.0563,3.7133],[102.042,3.7115],[102.0374,3.7051],[102.0385,3.7015],[102.0338,3.6977],[102.0356,3.6889],[102.041,3.6869],[102.0439,3.6822],[102.0387,3.674],[102.0416,3.6694],[102.0403,3.6619],[102.0521,3.6503],[102.0526,3.6444],[102.0488,3.64],[102.0413,3.6426],[102.0336,3.6421],[102.0341,3.6336],[102.0284,3.6326],[102.0163,3.6153],[102.0161,3.6125],[102.021,3.612],[102.0205,3.6068],[102.0292,3.5971],[102.0292,3.594],[102.0246,3.5901],[102.0223,3.5803],[102.0153,3.5793],[102.0189,3.5677],[102.0143,3.5677],[102.0169,3.5628],[102.0151,3.5585]]]}},{"type":"Feature","properties":{"c":"N.32","n":"Kuala Semantan","w":"PN","p":"PAS","cand":"Hassanuddin bin Salim","pct":42.5,"maj":1738,"nc":4,"tv":29177,"unc":false,"rw":"BN","rp":"UMNO","rcand":"Nor Azmi bin Mat Ludin","rpct":36.5},"geometry":{"type":"Polygon","coordinates":[[[102.4842,3.5176],[102.4794,3.5138],[102.4702,3.5126],[102.4648,3.518],[102.4575,3.5167],[102.4333,3.5285],[102.4314,3.5316],[102.4349,3.538],[102.4326,3.551],[102.4256,3.5558],[102.4202,3.5498],[102.4202,3.546],[102.4059,3.5444],[102.3999,3.5367],[102.3989,3.5316],[102.3948,3.5307],[102.3661,3.5386],[102.3632,3.5158],[102.3662,3.5033],[102.3646,3.5002],[102.3601,3.4996],[102.3632,3.4984],[102.365,3.4908],[102.3695,3.4908],[102.3715,3.4878],[102.3685,3.4759],[102.3716,3.4769],[102.3761,3.4726],[102.3771,3.4767],[102.3808,3.4767],[102.3791,3.471],[102.3855,3.4683],[102.3842,3.4722],[102.3865,3.4777],[102.3945,3.4791],[102.3992,3.4744],[102.4,3.4685],[102.407,3.4681],[102.407,3.4664],[102.4013,3.4652],[102.4035,3.4624],[102.4021,3.454],[102.3978,3.4533],[102.3978,3.4451],[102.3927,3.4421],[102.3902,3.4454],[102.3885,3.4423],[102.3832,3.4427],[102.3822,3.4462],[102.3787,3.4454],[102.3791,3.4421],[102.3754,3.4415],[102.3749,3.4392],[102.3949,3.4293],[102.4104,3.4278],[102.4186,3.4365],[102.4315,3.437],[102.4399,3.4301],[102.4389,3.4228],[102.4212,3.4196],[102.416,3.4157],[102.4136,3.408],[102.4149,3.4025],[102.4344,3.3891],[102.4362,3.3823],[102.4265,3.3687],[102.4373,3.3675],[102.4376,3.3656],[102.4614,3.3675],[102.4626,3.3636],[102.4655,3.3659],[102.4734,3.3646],[102.4658,3.3719],[102.4722,3.377],[102.4826,3.4211],[102.4874,3.4211],[102.4861,3.4081],[102.4884,3.4062],[102.5033,3.4068],[102.5033,3.4122],[102.5099,3.4154],[102.5109,3.4189],[102.5042,3.4243],[102.5036,3.4714],[102.5068,3.4738],[102.4921,3.5021],[102.4872,3.503],[102.4888,3.5107],[102.4867,3.5107],[102.4842,3.5176]]]}},{"type":"Feature","properties":{"c":"N.33","n":"Bilut","w":"PH","p":"DAP","cand":"Lee Chin Chen","pct":48.1,"maj":3111,"nc":4,"tv":18475,"unc":false,"rw":"BN","rp":"MCA","rcand":"Wong Siew Mun","rpct":31.3},"geometry":{"type":"Polygon","coordinates":[[[101.8053,3.6111],[101.8076,3.6099],[101.8064,3.6036],[101.815,3.6036],[101.8154,3.5947],[101.8098,3.5879],[101.8057,3.5522],[101.7866,3.5469],[101.762,3.5082],[101.7616,3.4959],[101.7691,3.4756],[101.7821,3.4834],[101.7977,3.4998],[101.8196,3.514],[101.8191,3.5193],[101.8211,3.5205],[101.8293,3.5113],[101.8293,3.5063],[101.8423,3.515],[101.8497,3.5152],[101.8505,3.5118],[101.8611,3.5111],[101.8668,3.5154],[101.8668,3.5125],[101.8755,3.5123],[101.8748,3.5193],[101.8907,3.5284],[101.8907,3.5258],[101.8986,3.5275],[101.8991,3.5251],[101.8941,3.52],[101.8996,3.5154],[101.9025,3.5229],[101.9218,3.5154],[101.9403,3.5157],[101.943,3.5193],[101.9391,3.5241],[101.9425,3.5289],[101.9408,3.5328],[101.9386,3.5328],[101.9386,3.539],[101.9348,3.5472],[101.9393,3.5467],[101.9437,3.5552],[101.9596,3.5499],[101.9637,3.5429],[101.969,3.5431],[101.968,3.5477],[101.9752,3.5546],[101.968,3.5639],[101.9736,3.5664],[101.9736,3.5698],[101.9675,3.5708],[101.968,3.5744],[101.9659,3.5754],[101.961,3.5752],[101.9597,3.5785],[101.962,3.5834],[101.9577,3.5837],[101.9605,3.5904],[101.9512,3.5958],[101.953,3.6007],[101.9484,3.6053],[101.9446,3.622],[101.9415,3.622],[101.9443,3.6313],[101.9425,3.6387],[101.9376,3.6413],[101.9389,3.6472],[101.935,3.6501],[101.9384,3.655],[101.9366,3.6593],[101.9307,3.6586],[101.9245,3.6668],[101.9147,3.6606],[101.9119,3.664],[101.908,3.6611],[101.908,3.666],[101.9021,3.6681],[101.8964,3.6627],[101.8931,3.6645],[101.8851,3.682],[101.8777,3.6843],[101.8792,3.6902],[101.8728,3.6902],[101.874,3.6974],[101.8609,3.6935],[101.8643,3.6784],[101.88,3.6539],[101.8488,3.6364],[101.8475,3.6393],[101.8416,3.6403],[101.8383,3.6382],[101.8347,3.6411],[101.8177,3.6279],[101.8172,3.6228],[101.8228,3.6207],[101.8156,3.6189],[101.8115,3.621],[101.8115,3.613],[101.8061,3.613],[101.8053,3.6111]]]}},{"type":"Feature","properties":{"c":"N.34","n":"Ketari","w":"PH","p":"DAP","cand":"Thomas Su Keong Siong","pct":41.2,"maj":120,"nc":3,"tv":23614,"unc":false,"rw":"BN","rp":"UMNO","rcand":"Amizar bin Abu Adam","rpct":40.7},"geometry":{"type":"Polygon","coordinates":[[[101.9752,3.5546],[101.968,3.5477],[101.969,3.5431],[101.9637,3.5429],[101.9596,3.5499],[101.9437,3.5552],[101.9393,3.5467],[101.9348,3.5472],[101.9386,3.539],[101.9386,3.5328],[101.9408,3.5328],[101.9425,3.5289],[101.9391,3.5241],[101.943,3.5193],[101.9403,3.5157],[101.9218,3.5154],[101.9025,3.5229],[101.8996,3.5154],[101.8941,3.52],[101.8991,3.5251],[101.8986,3.5275],[101.8907,3.5258],[101.8907,3.5284],[101.8748,3.5193],[101.8755,3.5123],[101.8668,3.5125],[101.8668,3.5154],[101.8611,3.5111],[101.8505,3.5118],[101.8497,3.5152],[101.8423,3.515],[101.8293,3.5063],[101.8293,3.5113],[101.8211,3.5205],[101.8191,3.5193],[101.8196,3.514],[101.7977,3.4998],[101.7821,3.4834],[101.7691,3.4756],[101.7889,3.4235],[101.7661,3.3989],[101.7597,3.3743],[101.7803,3.3575],[101.7807,3.3389],[101.7971,3.3333],[101.8007,3.3241],[101.8229,3.2969],[101.8399,3.2874],[101.8499,3.2861],[101.8548,3.2768],[101.8593,3.2733],[101.8741,3.2717],[101.8882,3.2602],[101.9,3.2667],[101.9095,3.2594],[101.9293,3.2725],[101.9323,3.2878],[101.936,3.2884],[101.936,3.2923],[101.9297,3.3008],[101.9157,3.3027],[101.9061,3.3126],[101.905,3.3193],[101.8999,3.3218],[101.8973,3.33],[101.8906,3.3314],[101.8914,3.3477],[101.8991,3.3606],[101.9058,3.3609],[101.9157,3.3783],[101.9157,3.3838],[101.9249,3.3886],[101.9249,3.403],[101.9585,3.4019],[101.967,3.4126],[101.9843,3.4262],[101.991,3.4284],[101.9998,3.4399],[102.0075,3.4436],[102.0304,3.4668],[102.0404,3.4701],[102.0404,3.4661],[102.0507,3.4638],[102.0566,3.4694],[102.054,3.4712],[102.0537,3.4779],[102.0415,3.4908],[102.0382,3.4915],[102.0356,3.4956],[102.0241,3.4978],[102.0275,3.4904],[102.0205,3.4886],[102.0282,3.4827],[102.0194,3.4815],[102.0123,3.4727],[102.0039,3.4723],[101.9983,3.4653],[101.9912,3.4943],[101.9931,3.4973],[101.9921,3.5101],[101.9983,3.5161],[102.0109,3.5082],[102.0126,3.5106],[102.0184,3.511],[102.0178,3.5153],[102.0225,3.5179],[102.0221,3.5241],[102.0341,3.5337],[102.0339,3.538],[102.0292,3.532],[102.0111,3.5318],[102.0079,3.529],[101.9968,3.5385],[101.9935,3.5381],[101.9813,3.5525],[101.9752,3.5546]]]}},{"type":"Feature","properties":{"c":"N.35","n":"Sabai","w":"BN","p":"MIC","cand":"Arumugam a/l Veerappa Pillai","pct":37.5,"maj":96,"nc":3,"tv":11845,"unc":false,"rw":"PH","rp":"DAP","rcand":"Kamache a/p A Doray Rajoo","rpct":36.7},"geometry":{"type":"Polygon","coordinates":[[[101.9813,3.5525],[101.9935,3.5381],[101.9968,3.5385],[102.0079,3.529],[102.0111,3.5318],[102.0292,3.532],[102.0339,3.538],[102.0341,3.5337],[102.0221,3.5241],[102.0225,3.5179],[102.0178,3.5153],[102.0184,3.511],[102.0126,3.5106],[102.0109,3.5082],[101.9983,3.5161],[101.9921,3.5101],[101.9931,3.4973],[101.9912,3.4943],[101.9983,3.4653],[102.0039,3.4723],[102.0123,3.4727],[102.0194,3.4815],[102.0282,3.4827],[102.0205,3.4886],[102.0275,3.4904],[102.0241,3.4978],[102.0356,3.4956],[102.0382,3.4915],[102.0415,3.4908],[102.0537,3.4779],[102.054,3.4712],[102.0566,3.4694],[102.0507,3.4638],[102.0404,3.4661],[102.0404,3.4701],[102.0304,3.4668],[102.0075,3.4436],[101.9998,3.4399],[101.991,3.4284],[101.9843,3.4262],[101.967,3.4126],[101.9585,3.4019],[101.9467,3.4008],[101.9412,3.4034],[101.9283,3.4015],[101.9253,3.4034],[101.9249,3.3886],[101.9157,3.3838],[101.9157,3.3783],[101.9058,3.3609],[101.8991,3.3606],[101.8914,3.3477],[101.8906,3.3314],[101.8973,3.33],[101.8999,3.3218],[101.905,3.3193],[101.9061,3.3126],[101.9157,3.3027],[101.9297,3.3008],[101.936,3.2923],[101.936,3.2884],[101.9435,3.2844],[101.9488,3.2721],[101.9613,3.2752],[101.97,3.2735],[101.9862,3.2906],[101.9907,3.306],[102.0003,3.3015],[102.0119,3.3],[102.0211,3.3042],[102.0245,3.3141],[102.0258,3.3364],[102.0283,3.3396],[102.0558,3.3447],[102.0592,3.3429],[102.0616,3.3385],[102.0576,3.3378],[102.0612,3.3351],[102.0932,3.3349],[102.0934,3.3273],[102.0963,3.3273],[102.097,3.304],[102.1205,3.3065],[102.1328,3.3053],[102.1209,3.3165],[102.1155,3.3427],[102.1174,3.3453],[102.1088,3.3639],[102.1085,3.3751],[102.1034,3.3779],[102.1052,3.3826],[102.097,3.3858],[102.0938,3.3926],[102.0981,3.4037],[102.0934,3.4213],[102.0991,3.4238],[102.1027,3.4363],[102.0981,3.4442],[102.1059,3.4517],[102.1024,3.4539],[102.102,3.4818],[102.1138,3.4818],[102.1188,3.4775],[102.1346,3.4843],[102.1307,3.4876],[102.1328,3.4886],[102.1328,3.4933],[102.1378,3.4879],[102.1371,3.4933],[102.1443,3.4944],[102.1443,3.4965],[102.1565,3.5012],[102.1593,3.5105],[102.1568,3.5105],[102.155,3.5159],[102.1382,3.5155],[102.1303,3.5298],[102.1253,3.5252],[102.1192,3.5266],[102.0941,3.523],[102.0895,3.5309],[102.0887,3.5212],[102.0827,3.5212],[102.0844,3.5177],[102.0827,3.5126],[102.078,3.5101],[102.0805,3.5062],[102.0637,3.5015],[102.0615,3.4972],[102.0565,3.498],[102.054,3.5026],[102.0594,3.5119],[102.0486,3.522],[102.0486,3.5263],[102.0425,3.5359],[102.0368,3.5352],[102.0386,3.5406],[102.0278,3.5646],[102.0232,3.5646],[102.021,3.5549],[102.0167,3.5531],[102.0151,3.5585],[102.0053,3.559],[101.9996,3.567],[101.9886,3.5626],[101.9878,3.567],[101.9824,3.5667],[101.9852,3.5605],[101.9826,3.559],[101.9813,3.5525]]]}},{"type":"Feature","properties":{"c":"N.36","n":"Pelangai","w":"BN","p":"UMNO","cand":"Johari bin Harun","pct":57.7,"maj":4048,"nc":4,"tv":12664,"unc":false,"rw":"PN","rp":"PAS","rcand":"Kasim bin Samat","rpct":25.7},"geometry":{"type":"Polygon","coordinates":[[[102.1174,3.3453],[102.1155,3.3427],[102.1209,3.3165],[102.1328,3.3053],[102.1205,3.3065],[102.097,3.304],[102.0963,3.3273],[102.0934,3.3273],[102.0932,3.3349],[102.0612,3.3351],[102.0576,3.3378],[102.0616,3.3385],[102.0592,3.3429],[102.0558,3.3447],[102.0283,3.3396],[102.0258,3.3364],[102.0245,3.3141],[102.0211,3.3042],[102.0119,3.3],[102.0003,3.3015],[101.9907,3.306],[101.9862,3.2906],[101.97,3.2735],[101.9771,3.2524],[101.973,3.243],[102.0089,3.2262],[102.0429,3.2248],[102.0522,3.1983],[102.0552,3.1669],[102.0758,3.1647],[102.0754,3.1766],[102.0963,3.1919],[102.1139,3.1882],[102.1154,3.1979],[102.1217,3.1983],[102.1269,3.1927],[102.1408,3.1964],[102.1546,3.1781],[102.2837,3.1388],[102.3012,3.1558],[102.3068,3.1547],[102.3051,3.1595],[102.3074,3.1595],[102.3074,3.1629],[102.3043,3.1671],[102.2814,3.1705],[102.2825,3.1764],[102.2789,3.1835],[102.2746,3.1854],[102.2684,3.1843],[102.2676,3.1891],[102.2732,3.1925],[102.2772,3.2007],[102.2862,3.2049],[102.2899,3.2103],[102.2916,3.2171],[102.2868,3.2275],[102.2876,3.234],[102.2936,3.2408],[102.2921,3.2478],[102.2896,3.2478],[102.2873,3.2541],[102.2882,3.2588],[102.2944,3.2634],[102.2981,3.2634],[102.3,3.2682],[102.3051,3.2687],[102.3046,3.2809],[102.2992,3.2854],[102.3015,3.2916],[102.3189,3.2964],[102.3208,3.3043],[102.329,3.3087],[102.3306,3.3135],[102.3354,3.3173],[102.3436,3.316],[102.3414,3.3221],[102.3313,3.323],[102.3287,3.3303],[102.3217,3.3313],[102.3224,3.3373],[102.3189,3.3392],[102.3148,3.3503],[102.3098,3.3532],[102.3048,3.3518],[102.3087,3.341],[102.3059,3.3381],[102.2994,3.3396],[102.2941,3.3446],[102.2933,3.3539],[102.2898,3.3596],[102.2747,3.3665],[102.2643,3.3632],[102.2632,3.3704],[102.2564,3.3725],[102.2557,3.3761],[102.2528,3.3761],[102.25,3.3718],[102.241,3.3761],[102.241,3.3804],[102.2389,3.3808],[102.2346,3.3894],[102.2296,3.389],[102.2274,3.3923],[102.2256,3.3844],[102.2195,3.3847],[102.2192,3.3822],[102.2134,3.3822],[102.2102,3.3776],[102.1844,3.3715],[102.183,3.3682],[102.1751,3.3693],[102.1751,3.3636],[102.1568,3.3654],[102.1547,3.3607],[102.1439,3.3622],[102.1421,3.3539],[102.1325,3.3428],[102.1285,3.3428],[102.1274,3.3467],[102.1321,3.3496],[102.1325,3.3525],[102.1292,3.3539],[102.1231,3.3514],[102.1174,3.3453]]]}},{"type":"Feature","properties":{"c":"N.37","n":"Guai","w":"BN","p":"UMNO","cand":"Sabariah binti Saidan","pct":49.5,"maj":2678,"nc":4,"tv":19055,"unc":false,"rw":"PN","rp":"BERSATU","rcand":"Nor Hashimah binti Mat Noh","rpct":35.4},"geometry":{"type":"Polygon","coordinates":[[[102.5036,3.464],[102.5042,3.4243],[102.5109,3.4189],[102.5099,3.4154],[102.5033,3.4122],[102.5033,3.4068],[102.4884,3.4062],[102.4861,3.4081],[102.4874,3.4211],[102.4826,3.4211],[102.4722,3.377],[102.4658,3.3719],[102.4734,3.3646],[102.4655,3.3659],[102.4626,3.3636],[102.4614,3.3675],[102.4376,3.3656],[102.4373,3.3675],[102.4169,3.3716],[102.3928,3.3703],[102.3804,3.3751],[102.3706,3.3706],[102.3703,3.377],[102.3605,3.3824],[102.3554,3.3713],[102.3506,3.3697],[102.3484,3.3719],[102.343,3.3713],[102.3379,3.3782],[102.3322,3.3735],[102.323,3.376],[102.3151,3.3675],[102.3157,3.3617],[102.3211,3.3538],[102.3148,3.3503],[102.3189,3.3392],[102.3224,3.3373],[102.3217,3.3313],[102.3287,3.3303],[102.3313,3.323],[102.3414,3.3221],[102.3436,3.316],[102.3354,3.3173],[102.3306,3.3135],[102.329,3.3087],[102.3208,3.3043],[102.3197,3.2996],[102.3355,3.2997],[102.3383,3.302],[102.3799,3.3068],[102.3924,3.3061],[102.4,3.3101],[102.4226,3.3104],[102.4226,3.3127],[102.4264,3.3129],[102.4307,3.3111],[102.4307,3.3066],[102.4284,3.2982],[102.42,3.284],[102.4426,3.2863],[102.4424,3.2736],[102.4452,3.2715],[102.4477,3.2748],[102.4558,3.2736],[102.4572,3.2778],[102.4641,3.2815],[102.4676,3.2854],[102.4682,3.295],[102.492,3.2962],[102.4873,3.3101],[102.4891,3.3171],[102.4864,3.3181],[102.4864,3.3206],[102.4985,3.327],[102.5022,3.3169],[102.51,3.3142],[102.5148,3.3051],[102.519,3.3028],[102.5318,3.3057],[102.5306,3.3175],[102.5337,3.3233],[102.5448,3.3219],[102.5546,3.3246],[102.5589,3.319],[102.5676,3.3167],[102.5711,3.3024],[102.5761,3.3043],[102.5852,3.3007],[102.6078,3.3128],[102.6078,3.3037],[102.6113,3.2993],[102.6192,3.2968],[102.6206,3.2817],[102.6324,3.2751],[102.6502,3.2745],[102.6569,3.2765],[102.6674,3.2867],[102.6678,3.2919],[102.6631,3.2935],[102.662,3.2985],[102.6672,3.3096],[102.68,3.3188],[102.6815,3.3241],[102.6794,3.3337],[102.6852,3.3331],[102.6887,3.3302],[102.691,3.3349],[102.6936,3.35],[102.6923,3.3549],[102.6889,3.3568],[102.677,3.3562],[102.6721,3.3607],[102.6742,3.3683],[102.6691,3.3724],[102.6621,3.3709],[102.6535,3.3732],[102.6521,3.3813],[102.6469,3.3811],[102.6418,3.3924],[102.6372,3.3924],[102.632,3.3962],[102.6203,3.3939],[102.6197,3.3956],[102.5935,3.3953],[102.5927,3.4047],[102.5852,3.4047],[102.5842,3.4083],[102.5905,3.4181],[102.5905,3.4217],[102.5937,3.4224],[102.5948,3.4256],[102.5922,3.4343],[102.5815,3.4406],[102.5745,3.4541],[102.5516,3.4533],[102.5499,3.4566],[102.5446,3.4578],[102.5401,3.4554],[102.5397,3.4595],[102.5335,3.4566],[102.5298,3.4603],[102.5237,3.4603],[102.5196,3.4636],[102.5171,3.4582],[102.5142,3.4582],[102.5134,3.4623],[102.5036,3.464]]]}},{"type":"Feature","properties":{"c":"N.38","n":"Triang","w":"PH","p":"DAP","cand":"Leong Yu Man","pct":57.0,"maj":6219,"nc":3,"tv":18970,"unc":false,"rw":"BN","rp":"MCA","rcand":"Yee Cheng Hwa","rpct":24.2},"geometry":{"type":"Polygon","coordinates":[[[102.2837,3.1388],[102.323,3.1314],[102.3224,3.1446],[102.3266,3.1487],[102.3263,3.1526],[102.3305,3.1547],[102.3295,3.1618],[102.3398,3.1817],[102.3472,3.1799],[102.3502,3.1758],[102.3551,3.1746],[102.3736,3.1753],[102.387,3.1662],[102.3901,3.169],[102.3974,3.1664],[102.4002,3.1685],[102.4665,3.1692],[102.4774,3.1832],[102.4703,3.1979],[102.4708,3.204],[102.4652,3.2139],[102.4675,3.2274],[102.4657,3.2329],[102.4546,3.2428],[102.4596,3.2664],[102.4558,3.2736],[102.4477,3.2748],[102.4452,3.2715],[102.4424,3.2736],[102.4426,3.2863],[102.42,3.284],[102.4284,3.2982],[102.4307,3.3111],[102.4226,3.3127],[102.4226,3.3104],[102.4,3.3101],[102.3924,3.3061],[102.3799,3.3068],[102.3383,3.302],[102.3355,3.2997],[102.3197,3.2996],[102.3189,3.2964],[102.3015,3.2916],[102.2992,3.2854],[102.3046,3.2809],[102.3051,3.2687],[102.3,3.2682],[102.2981,3.2634],[102.2944,3.2634],[102.2882,3.2588],[102.2873,3.2541],[102.2896,3.2478],[102.2921,3.2478],[102.2936,3.2408],[102.2876,3.234],[102.2868,3.2275],[102.2916,3.2171],[102.2899,3.2103],[102.2862,3.2049],[102.2772,3.2007],[102.2732,3.1925],[102.2676,3.1891],[102.2684,3.1843],[102.2746,3.1854],[102.2789,3.1835],[102.2825,3.1764],[102.2814,3.1705],[102.3043,3.1671],[102.3074,3.1629],[102.3074,3.1595],[102.3051,3.1595],[102.3068,3.1547],[102.3012,3.1558],[102.2837,3.1388]]]}},{"type":"Feature","properties":{"c":"N.39","n":"Kemayan","w":"BN","p":"UMNO","cand":"Khaizulnizam bin Mohamad Zuldin","pct":66.7,"maj":6913,"nc":2,"tv":20643,"unc":false,"rw":"PN","rp":"PAS","rcand":"Shapuan bin Hussin","rpct":33.3},"geometry":{"type":"Polygon","coordinates":[[[102.6887,3.3302],[102.6852,3.3331],[102.6794,3.3337],[102.6815,3.3241],[102.68,3.3188],[102.6672,3.3096],[102.662,3.2985],[102.6631,3.2935],[102.6678,3.2919],[102.6674,3.2867],[102.6569,3.2765],[102.6502,3.2745],[102.6324,3.2751],[102.6206,3.2817],[102.6192,3.2968],[102.6113,3.2993],[102.6078,3.3037],[102.6078,3.3128],[102.5902,3.3024],[102.5819,3.3007],[102.5761,3.3043],[102.5711,3.3024],[102.5676,3.3167],[102.5589,3.319],[102.5546,3.3246],[102.5448,3.3219],[102.5337,3.3233],[102.5306,3.3175],[102.5318,3.3057],[102.519,3.3028],[102.5148,3.3051],[102.51,3.3142],[102.5022,3.3169],[102.4985,3.327],[102.4864,3.3206],[102.4864,3.3181],[102.4891,3.3171],[102.4873,3.3101],[102.492,3.2962],[102.4682,3.295],[102.4676,3.2854],[102.4572,3.2778],[102.4558,3.2736],[102.4596,3.2664],[102.4599,3.2606],[102.4546,3.2428],[102.4657,3.2329],[102.4675,3.2274],[102.4652,3.2139],[102.4708,3.204],[102.4703,3.1979],[102.4774,3.1832],[102.4665,3.1692],[102.4002,3.1685],[102.3974,3.1664],[102.3901,3.169],[102.387,3.1662],[102.3736,3.1753],[102.3551,3.1746],[102.3502,3.1758],[102.3472,3.1799],[102.3398,3.1817],[102.3295,3.1618],[102.3305,3.1547],[102.3263,3.1526],[102.3266,3.1487],[102.3224,3.1446],[102.323,3.1314],[102.388,3.1181],[102.4665,3.0195],[102.6675,2.8857],[102.679,2.8965],[102.6917,2.8801],[102.6981,2.8335],[102.7851,2.8047],[102.7794,2.8149],[102.7804,2.8192],[102.772,2.8192],[102.7674,2.8226],[102.7646,2.8331],[102.7612,2.8325],[102.7553,2.8359],[102.7532,2.8417],[102.7566,2.8529],[102.7445,2.8532],[102.7408,2.8637],[102.7436,2.8671],[102.7411,2.8739],[102.75,2.8884],[102.751,2.8952],[102.7448,2.8992],[102.7445,2.9026],[102.7532,2.9143],[102.7569,2.9122],[102.758,2.9139],[102.7586,2.928],[102.756,2.9421],[102.7584,2.9801],[102.7662,2.9965],[102.7767,3.0082],[102.785,3.0366],[102.7899,3.0453],[102.7797,3.0483],[102.7705,3.0559],[102.7646,3.0538],[102.7621,3.058],[102.7632,3.0615],[102.7607,3.0618],[102.7593,3.0671],[102.7642,3.0709],[102.7614,3.0761],[102.7541,3.0772],[102.7516,3.0803],[102.7499,3.0754],[102.746,3.0828],[102.7478,3.0898],[102.7457,3.0915],[102.7446,3.101],[102.7544,3.1052],[102.7537,3.1111],[102.7488,3.1111],[102.7485,3.1188],[102.7534,3.1223],[102.7495,3.1258],[102.7387,3.1195],[102.7359,3.1136],[102.7317,3.1174],[102.7282,3.1174],[102.7261,3.1213],[102.7306,3.1293],[102.7362,3.1325],[102.7334,3.1454],[102.7429,3.1524],[102.7485,3.1524],[102.7551,3.144],[102.7632,3.1461],[102.7737,3.1573],[102.8041,3.1689],[102.8094,3.1678],[102.8094,3.1703],[102.7996,3.1825],[102.7901,3.1867],[102.7877,3.1927],[102.7803,3.1951],[102.774,3.2035],[102.7681,3.207],[102.7576,3.207],[102.7485,3.2196],[102.7418,3.2182],[102.7348,3.2357],[102.7348,3.2437],[102.7303,3.2521],[102.7261,3.2549],[102.7243,3.2612],[102.711,3.2623],[102.7027,3.2703],[102.703,3.2759],[102.6988,3.2794],[102.6946,3.2973],[102.7016,3.3011],[102.7048,3.3064],[102.7027,3.3092],[102.7062,3.3116],[102.7042,3.32],[102.6993,3.3139],[102.6941,3.3149],[102.6887,3.3302]]]}},{"type":"Feature","properties":{"c":"N.40","n":"Bukit Ibam","w":"PN","p":"PAS","cand":"Nazri bin Ahmad","pct":52.9,"maj":2456,"nc":3,"tv":23616,"unc":false,"rw":"BN","rp":"UMNO","rcand":"Samsiah binti Arshad","rpct":42.5},"geometry":{"type":"Polygon","coordinates":[[[103.0678,3.3293],[103.0589,3.3214],[103.0576,3.3151],[103.0475,3.3126],[103.0475,3.3074],[103.0426,3.3084],[103.039,3.3021],[103.0323,3.2988],[103.0321,3.2911],[103.0237,3.2957],[103.0234,3.2918],[103.0208,3.2918],[103.0194,3.2887],[103.0222,3.2873],[103.0215,3.2844],[103.0107,3.282],[103.0064,3.2885],[102.9937,3.2837],[102.9932,3.2796],[102.987,3.2791],[102.9865,3.282],[102.9834,3.2818],[102.9808,3.2753],[102.975,3.2765],[102.9656,3.2846],[102.9656,3.289],[102.9575,3.2904],[102.9594,3.2981],[102.9529,3.3029],[102.9537,3.3098],[102.9496,3.3122],[102.9443,3.3055],[102.9357,3.3024],[102.9376,3.2988],[102.9354,3.288],[102.9326,3.2863],[102.9323,3.2803],[102.928,3.2774],[102.9258,3.2676],[102.9124,3.2647],[102.9057,3.2734],[102.8949,3.2712],[102.8863,3.2813],[102.886,3.2866],[102.8767,3.2949],[102.8765,3.2978],[102.8681,3.3029],[102.8628,3.3129],[102.8571,3.3126],[102.8544,3.3172],[102.8476,3.319],[102.8442,3.3248],[102.8442,3.3308],[102.8289,3.3483],[102.8216,3.3609],[102.8299,3.3738],[102.821,3.3732],[102.8128,3.3772],[102.8082,3.3746],[102.8082,3.3716],[102.8026,3.3712],[102.796,3.3756],[102.7921,3.3746],[102.7923,3.3697],[102.7891,3.3648],[102.7729,3.3651],[102.7517,3.3813],[102.7365,3.3801],[102.7303,3.3683],[102.7323,3.3557],[102.7273,3.3458],[102.7301,3.333],[102.7221,3.3315],[102.7189,3.3232],[102.713,3.3198],[102.7042,3.32],[102.7062,3.3116],[102.7027,3.3092],[102.7048,3.3064],[102.7016,3.3011],[102.6946,3.2973],[102.6988,3.2794],[102.703,3.2759],[102.7027,3.2703],[102.711,3.2623],[102.7243,3.2612],[102.7261,3.2549],[102.7303,3.2521],[102.7348,3.2437],[102.7348,3.2357],[102.7418,3.2182],[102.7485,3.2196],[102.7576,3.207],[102.7681,3.207],[102.774,3.2035],[102.7803,3.1951],[102.7877,3.1927],[102.7901,3.1867],[102.7996,3.1825],[102.8094,3.1703],[102.8094,3.1678],[102.8041,3.1689],[102.7737,3.1573],[102.7632,3.1461],[102.7551,3.144],[102.7485,3.1524],[102.7429,3.1524],[102.7334,3.1454],[102.7362,3.1325],[102.7306,3.1293],[102.7261,3.1213],[102.7282,3.1174],[102.7317,3.1174],[102.7359,3.1136],[102.7387,3.1195],[102.7495,3.1258],[102.7534,3.1223],[102.7485,3.1188],[102.7488,3.1111],[102.7537,3.1111],[102.7544,3.1052],[102.7446,3.101],[102.7457,3.0915],[102.7478,3.0898],[102.746,3.0828],[102.7499,3.0754],[102.7516,3.0803],[102.7541,3.0772],[102.7614,3.0761],[102.7642,3.0709],[102.7593,3.0671],[102.7607,3.0618],[102.7632,3.0615],[102.7621,3.058],[102.7646,3.0538],[102.7705,3.0559],[102.7797,3.0483],[102.7899,3.0453],[102.785,3.0366],[102.7767,3.0082],[102.7662,2.9965],[102.7584,2.9801],[102.756,2.9421],[102.7586,2.928],[102.758,2.9139],[102.7569,2.9122],[102.7532,2.9143],[102.7445,2.9026],[102.7448,2.8992],[102.751,2.8952],[102.75,2.8884],[102.7411,2.8739],[102.7436,2.8671],[102.7408,2.8637],[102.7414,2.8578],[102.7445,2.8532],[102.7566,2.8529],[102.7532,2.8417],[102.7553,2.8359],[102.7612,2.8325],[102.7646,2.8331],[102.7674,2.8226],[102.772,2.8192],[102.7804,2.8192],[102.7794,2.8149],[102.7851,2.8047],[102.7933,2.8055],[102.9654,2.5978],[102.9794,2.6094],[102.9861,2.6028],[102.9891,2.606],[102.9902,2.6172],[102.9864,2.6214],[102.9844,2.6335],[102.9865,2.6305],[102.9889,2.632],[102.992,2.6299],[102.9979,2.638],[102.999,2.6724],[102.9945,2.6964],[103.005,2.7009],[103.0043,2.7294],[102.923,2.7279],[102.9181,2.7312],[102.9058,2.7252],[102.9032,2.735],[102.9076,2.7533],[102.9178,2.778],[102.9241,2.7852],[102.9297,2.7986],[102.9316,2.817],[102.9342,2.8181],[102.9384,2.814],[102.9451,2.8133],[102.9459,2.87],[102.966,2.8643],[102.9832,2.8635],[102.9775,2.8517],[102.9881,2.8456],[102.9999,2.8536],[103.0064,2.8612],[102.9965,2.873],[102.998,2.8871],[103.0182,2.8879],[103.0236,2.9207],[103.0127,2.9211],[103.0046,2.9254],[102.9648,2.926],[102.9578,2.9408],[102.9535,2.9415],[102.9459,2.9536],[102.9397,2.9571],[102.9422,2.963],[102.9518,2.9655],[102.9487,2.97],[102.9555,2.9725],[102.9559,2.992],[102.9833,3.0027],[102.9826,3.0214],[102.9876,3.0313],[102.9968,3.0159],[103.0016,3.0161],[103.0032,3.0245],[103.0073,3.0253],[103.0143,3.0054],[103.0129,2.9957],[103.031,3.0066],[103.0332,3.0138],[103.0482,3.0343],[103.0417,3.0488],[103.0469,3.0489],[103.0469,3.0733],[103.0417,3.0828],[103.0425,3.0855],[103.0465,3.0859],[103.0519,3.0968],[103.0555,3.0986],[103.0682,3.0982],[103.0701,3.1036],[103.0731,3.1046],[103.0752,3.1103],[103.081,3.116],[103.0869,3.1166],[103.0915,3.1204],[103.1025,3.1166],[103.1104,3.1231],[103.1083,3.1361],[103.1041,3.1385],[103.1016,3.1467],[103.1119,3.1513],[103.1119,3.154],[103.1206,3.1616],[103.1157,3.1657],[103.1251,3.1743],[103.1247,3.1858],[103.1182,3.1862],[103.1179,3.1912],[103.1376,3.2124],[103.1283,3.2167],[103.1265,3.2206],[103.1225,3.2181],[103.1193,3.2214],[103.1157,3.2214],[103.115,3.2278],[103.11,3.2271],[103.1136,3.2364],[103.1093,3.2407],[103.1057,3.2407],[103.1039,3.2443],[103.1064,3.2486],[103.1003,3.253],[103.0902,3.2512],[103.0846,3.2706],[103.079,3.268],[103.0749,3.281],[103.0796,3.2956],[103.0747,3.308],[103.0759,3.3159],[103.0716,3.3159],[103.0678,3.3293]]]}},{"type":"Feature","properties":{"c":"N.41","n":"Muadzam Shah","w":"BN","p":"UMNO","cand":"Razali bin Kassim","pct":49.4,"maj":1234,"nc":3,"tv":22269,"unc":false,"rw":"PN","rp":"BERSATU","rcand":"Jaafar bin Mustaffa","rpct":43.8},"geometry":{"type":"Polygon","coordinates":[[[103.1062,3.1186],[103.0985,3.1169],[103.0915,3.1204],[103.0869,3.1166],[103.081,3.116],[103.0752,3.1103],[103.0731,3.1046],[103.0701,3.1036],[103.0682,3.0982],[103.0555,3.0986],[103.0519,3.0968],[103.0465,3.0859],[103.0425,3.0855],[103.0417,3.0828],[103.0469,3.0733],[103.0469,3.0489],[103.0417,3.0488],[103.0482,3.0343],[103.0332,3.0138],[103.031,3.0066],[103.0129,2.9957],[103.0143,3.0054],[103.0073,3.0253],[103.0032,3.0245],[103.0016,3.0161],[102.9968,3.0159],[102.9876,3.0313],[102.9826,3.0214],[102.9833,3.0027],[102.9559,2.992],[102.9555,2.9725],[102.9487,2.97],[102.9518,2.9655],[102.9422,2.963],[102.9397,2.9571],[102.9459,2.9536],[102.9535,2.9415],[102.9578,2.9408],[102.9648,2.926],[103.0046,2.9254],[103.0127,2.9211],[103.0236,2.9207],[103.0182,2.8879],[102.998,2.8871],[102.9965,2.873],[103.0064,2.8612],[102.9999,2.8536],[102.9881,2.8456],[102.9775,2.8517],[102.9832,2.8635],[102.966,2.8643],[102.9459,2.87],[102.9451,2.8133],[102.9384,2.814],[102.9342,2.8181],[102.9316,2.817],[102.9297,2.7986],[102.9241,2.7852],[102.9178,2.778],[102.9076,2.7533],[102.9032,2.735],[102.9058,2.7252],[102.9181,2.7312],[102.923,2.7279],[103.0043,2.7294],[103.005,2.7009],[102.9945,2.6964],[102.999,2.6724],[102.9979,2.638],[102.992,2.6299],[102.9889,2.632],[102.9865,2.6305],[102.9844,2.6335],[102.9864,2.6214],[102.9902,2.6172],[102.9891,2.606],[102.9861,2.6028],[102.9794,2.6094],[102.9654,2.5978],[103.146,2.5182],[103.1447,2.5263],[103.148,2.5319],[103.1555,2.5347],[103.1578,2.5423],[103.1536,2.5569],[103.1724,2.5564],[103.1729,2.5607],[103.1692,2.5635],[103.1673,2.5762],[103.179,2.5828],[103.1814,2.5964],[103.1682,2.5988],[103.1659,2.6035],[103.1597,2.604],[103.163,2.6134],[103.1616,2.6191],[103.1734,2.6341],[103.1757,2.6431],[103.1743,2.6539],[103.1828,2.6586],[103.1899,2.6586],[103.1927,2.6662],[103.2021,2.6629],[103.2148,2.668],[103.2158,2.6614],[103.2211,2.6603],[103.2256,2.6543],[103.2307,2.6566],[103.2371,2.655],[103.2453,2.6626],[103.2469,2.669],[103.2433,2.6805],[103.2339,2.6926],[103.2325,2.6972],[103.2353,2.7013],[103.2348,2.7107],[103.2309,2.7148],[103.2275,2.7121],[103.2211,2.7144],[103.1984,2.7311],[103.1952,2.744],[103.1788,2.7583],[103.1595,2.7614],[103.1574,2.7805],[103.1542,2.786],[103.1547,2.8024],[103.1589,2.8136],[103.1705,2.8222],[103.1713,2.8333],[103.1756,2.8366],[103.259,2.8382],[103.2603,2.8401],[103.2756,2.8407],[103.2821,2.832],[103.3172,2.832],[103.3379,2.8129],[103.3591,2.8298],[103.3787,2.832],[103.3787,2.8287],[103.3858,2.8214],[103.4223,2.8216],[103.4229,2.8372],[103.4313,2.838],[103.4256,2.8472],[103.4362,2.8521],[103.4457,2.863],[103.4493,2.8592],[103.4471,2.854],[103.4479,2.8434],[103.4422,2.8429],[103.4389,2.8396],[103.4476,2.8244],[103.4613,2.8336],[103.4682,2.8313],[103.4707,2.8249],[103.4709,2.8208],[103.4679,2.8173],[103.4704,2.8035],[103.4886,2.8123],[103.4893,2.8173],[103.4799,2.824],[103.4566,2.8589],[103.4474,2.8785],[103.4319,2.9279],[103.43,2.9411],[103.433,2.943],[103.4334,2.9526],[103.3771,2.963],[103.372,2.9605],[103.3658,2.9656],[103.3378,2.964],[103.3337,2.9666],[103.2582,2.9676],[103.2557,2.964],[103.2266,2.964],[103.2266,2.9676],[103.2194,2.9727],[103.2235,2.9758],[103.2194,2.9788],[103.2194,2.9849],[103.224,2.988],[103.2225,2.9911],[103.2184,2.9911],[103.215,2.9999],[103.2173,3.0005],[103.2152,3.0043],[103.218,3.0146],[103.2316,3.0143],[103.2339,3.0182],[103.2242,3.0354],[103.2161,3.0351],[103.2123,3.0414],[103.2088,3.0414],[103.2054,3.0365],[103.1999,3.0435],[103.1912,3.0443],[103.1902,3.0481],[103.1855,3.0478],[103.1848,3.0504],[103.1786,3.0504],[103.1823,3.0556],[103.1718,3.0643],[103.1225,3.0636],[103.1206,3.0663],[103.1224,3.0688],[103.1363,3.0681],[103.1378,3.0699],[103.1376,3.0826],[103.1256,3.0824],[103.1062,3.1186]]]}},{"type":"Feature","properties":{"c":"N.42","n":"Tioman","w":"BN","p":"UMNO","cand":"Johari bin Hussain","pct":48.9,"maj":573,"nc":5,"tv":16508,"unc":false,"rw":"PN","rp":"PAS","rcand":"Nor Idayu binti Hashim","rpct":45.5},"geometry":{"type":"MultiPolygon","coordinates":[[[[103.146,2.5182],[103.2905,2.5769],[103.3529,2.5913],[103.4142,2.5577],[103.4478,2.5544],[103.4698,2.5275],[103.6077,2.4566],[103.6136,2.4622],[103.6237,2.4611],[103.6417,2.4864],[103.6323,2.4909],[103.6323,2.5062],[103.6185,2.5178],[103.6275,2.5316],[103.6234,2.5346],[103.6159,2.5312],[103.6077,2.5335],[103.5935,2.5279],[103.5909,2.5357],[103.598,2.5424],[103.5942,2.5514],[103.6099,2.5655],[103.6122,2.557],[103.6204,2.5562],[103.6189,2.5756],[103.6118,2.579],[103.6036,2.5689],[103.6006,2.5801],[103.6103,2.5883],[103.6234,2.5835],[103.6282,2.5894],[103.6129,2.5984],[103.6308,2.6066],[103.6151,2.6215],[103.626,2.6301],[103.6163,2.6361],[103.6181,2.651],[103.6062,2.6506],[103.6051,2.6346],[103.5965,2.6372],[103.592,2.6521],[103.5946,2.6626],[103.6047,2.6656],[103.6204,2.6566],[103.6369,2.6644],[103.6301,2.6678],[103.6219,2.6802],[103.5746,2.7209],[103.5521,2.7451],[103.5273,2.7665],[103.4903,2.817],[103.4886,2.8123],[103.4704,2.8035],[103.4679,2.8173],[103.4709,2.8208],[103.4707,2.8249],[103.4682,2.8313],[103.4613,2.8336],[103.4476,2.8244],[103.4389,2.8396],[103.4422,2.8429],[103.4479,2.8434],[103.4471,2.854],[103.4493,2.8592],[103.4457,2.863],[103.4362,2.8521],[103.4256,2.8472],[103.4313,2.838],[103.4229,2.8372],[103.4223,2.8216],[103.3858,2.8214],[103.3787,2.8287],[103.3787,2.832],[103.3591,2.8298],[103.3379,2.8129],[103.3172,2.832],[103.2821,2.832],[103.2756,2.8407],[103.2603,2.8401],[103.259,2.8382],[103.1756,2.8366],[103.1713,2.8333],[103.1705,2.8222],[103.1589,2.8136],[103.1547,2.8024],[103.1542,2.786],[103.1574,2.7805],[103.1595,2.7614],[103.1788,2.7583],[103.1952,2.744],[103.1984,2.7311],[103.2211,2.7144],[103.2275,2.7121],[103.2309,2.7148],[103.2348,2.7107],[103.2353,2.7013],[103.2325,2.6972],[103.2339,2.6926],[103.2433,2.6805],[103.2469,2.669],[103.2453,2.6626],[103.2371,2.655],[103.2307,2.6566],[103.2256,2.6543],[103.2211,2.6603],[103.2158,2.6614],[103.2148,2.668],[103.2021,2.6629],[103.1927,2.6662],[103.1899,2.6586],[103.1828,2.6586],[103.1743,2.6539],[103.1757,2.6431],[103.1734,2.6341],[103.1616,2.6191],[103.163,2.6134],[103.1597,2.604],[103.1659,2.6035],[103.1682,2.5988],[103.1814,2.5964],[103.179,2.5828],[103.1673,2.5762],[103.1692,2.5635],[103.1729,2.5607],[103.1724,2.5564],[103.1536,2.5569],[103.1578,2.5423],[103.1555,2.5347],[103.148,2.5319],[103.1447,2.5263],[103.146,2.5182]]],[[[103.7682,2.6782],[103.7634,2.6791],[103.7749,2.6593],[103.7776,2.661],[103.7768,2.6652],[103.77,2.6698],[103.7711,2.6719],[103.7687,2.6726],[103.7682,2.6782]]],[[[104.1225,2.7903],[104.1177,2.7832],[104.1228,2.7621],[104.12,2.7548],[104.1212,2.7479],[104.1231,2.7441],[104.132,2.7403],[104.1503,2.7207],[104.1625,2.716],[104.1844,2.7221],[104.2063,2.7187],[104.2147,2.7214],[104.218,2.7371],[104.2203,2.7375],[104.2144,2.7446],[104.2211,2.7562],[104.2193,2.7611],[104.2231,2.7693],[104.2189,2.7744],[104.22,2.7768],[104.2126,2.7773],[104.2052,2.7816],[104.2018,2.7911],[104.2045,2.7968],[104.2069,2.7995],[104.2121,2.7969],[104.2145,2.8008],[104.2051,2.8055],[104.2087,2.8112],[104.2036,2.8145],[104.2048,2.8167],[104.2019,2.8215],[104.1977,2.8229],[104.1997,2.8276],[104.1928,2.8321],[104.1976,2.8351],[104.1899,2.8436],[104.1922,2.8526],[104.1845,2.8639],[104.1896,2.8684],[104.1835,2.8703],[104.1825,2.8749],[104.1883,2.8766],[104.1814,2.8799],[104.1773,2.8865],[104.1791,2.8922],[104.1714,2.8962],[104.1684,2.8972],[104.1559,2.8928],[104.1535,2.8858],[104.1546,2.8765],[104.149,2.8742],[104.1463,2.87],[104.1485,2.8663],[104.1541,2.8649],[104.154,2.8622],[104.149,2.8614],[104.1513,2.8584],[104.1479,2.8549],[104.1586,2.848],[104.16,2.8343],[104.1639,2.8298],[104.1627,2.8252],[104.1546,2.8167],[104.128,2.8007],[104.1282,2.7956],[104.1225,2.7903]]],[[[104.1044,2.9146],[104.1071,2.9104],[104.0979,2.9112],[104.1017,2.9061],[104.1133,2.9117],[104.1018,2.9196],[104.1007,2.9182],[104.1044,2.9146]]],[[[103.9039,2.6988],[103.9022,2.7003],[103.901,2.6988],[103.9032,2.6903],[103.9054,2.6905],[103.9068,2.6803],[103.9049,2.6758],[103.9113,2.6725],[103.9077,2.6816],[103.9107,2.6849],[103.9134,2.6768],[103.9182,2.6728],[103.9207,2.6737],[103.9237,2.6782],[103.9207,2.6916],[103.9221,2.6946],[103.9159,2.6966],[103.9128,2.694],[103.9102,2.6989],[103.9062,2.7004],[103.9042,2.6972],[103.9039,2.6988]]],[[[103.884,2.6993],[103.8806,2.6978],[103.8811,2.6879],[103.8832,2.6827],[103.8867,2.6846],[103.8895,2.6825],[103.8929,2.6882],[103.8956,2.6885],[103.8934,2.6933],[103.8953,2.6974],[103.8919,2.6968],[103.8872,2.7004],[103.884,2.6993]]]]}}]}