{"type":"FeatureCollection","features":[{"type":"Feature","properties":{"c":"N.01","n":"Opar","w":"GPS","p":"SUPP","cand":"Billy anak Sujang","pct":46.8,"maj":1689,"nc":6,"tv":7823,"unc":false,"rw":"ALONE","rp":"PSB","rcand":"Ranum anak Mina","rpct":25.2},"geometry":{"type":"Polygon","coordinates":[[[110.1475,1.5702],[110.1443,1.58],[110.1263,1.5824],[110.1118,1.5723],[110.1054,1.5788],[110.0664,1.5724],[110.0432,1.5856],[110.0318,1.5688],[110.0237,1.578],[110.0153,1.5658],[109.9829,1.5585],[109.9635,1.5728],[109.9533,1.5663],[109.9417,1.5839],[109.9217,1.5612],[109.9094,1.5873],[109.8932,1.5881],[109.8891,1.6317],[109.8751,1.6473],[109.848,1.6461],[109.8302,1.6618],[109.8344,1.6688],[109.7833,1.7549],[109.7874,1.7755],[109.7793,1.7913],[109.7699,1.7852],[109.7206,1.813],[109.6653,1.7999],[109.6855,1.7822],[109.6677,1.7332],[109.6699,1.6993],[109.6609,1.6933],[109.662,1.6175],[109.6886,1.6098],[109.7218,1.5628],[109.7669,1.5328],[109.7807,1.5088],[109.7986,1.5047],[109.8035,1.4651],[109.8388,1.4833],[109.8305,1.4565],[109.8377,1.4218],[109.8936,1.4148],[109.9996,1.4454],[110.0008,1.4273],[110.0202,1.4055],[110.0418,1.3974],[110.0731,1.4008],[110.0895,1.3757],[110.0944,1.3897],[110.0826,1.3971],[110.094,1.4044],[110.0971,1.4258],[110.1275,1.449],[110.1069,1.4902],[110.1131,1.5173],[110.146,1.5529],[110.1475,1.5702]]]}},{"type":"Feature","properties":{"c":"N.02","n":"Tasik Biru","w":"GPS","p":"PDP","cand":"Henry @ Harry anak Jinep","pct":53.7,"maj":4212,"nc":4,"tv":11777,"unc":false,"rw":"ALONE","rp":"PBK","rcand":"Paul Shanon Kenbell anak Dominic Barin","rpct":17.9},"geometry":{"type":"Polygon","coordinates":[[[109.9302,1.4252],[109.9631,1.4021],[109.9795,1.2985],[110.0083,1.2953],[110.0475,1.2702],[110.0567,1.2823],[110.0403,1.323],[110.0752,1.3292],[110.0937,1.3662],[110.1192,1.3664],[110.1412,1.3894],[110.1803,1.3679],[110.1974,1.377],[110.1896,1.3886],[110.1985,1.3914],[110.1984,1.4111],[110.1896,1.4223],[110.2148,1.4474],[110.1992,1.4822],[110.212,1.4838],[110.2135,1.5098],[110.2203,1.5098],[110.2168,1.5279],[110.2051,1.5251],[110.1909,1.5464],[110.2196,1.56],[110.2196,1.579],[110.1921,1.5828],[110.1636,1.5633],[110.1478,1.5706],[110.146,1.5529],[110.1209,1.5307],[110.1069,1.4902],[110.1275,1.449],[110.0971,1.4258],[110.094,1.4044],[110.0826,1.3971],[110.0944,1.3897],[110.0895,1.3757],[110.0731,1.4008],[110.0418,1.3974],[110.0202,1.4055],[110.0008,1.4273],[110.0009,1.4451],[109.9302,1.4252]]]}},{"type":"Feature","properties":{"c":"N.03","n":"Tanjong Datu","w":"GPS","p":"PBB","cand":"Azizul Annuar bin Adenan","pct":79.4,"maj":4502,"nc":4,"tv":6831,"unc":false,"rw":"ALONE","rp":"PSB","rcand":"Jery'In bin Fauzi","rpct":13.5},"geometry":{"type":"MultiPolygon","coordinates":[[[[110.1475,1.5702],[110.1792,1.5669],[110.1934,1.5869],[110.1583,1.6112],[110.1425,1.6412],[110.1489,1.6634],[110.1647,1.6681],[110.1637,1.6943],[110.1383,1.6874],[110.1381,1.7042],[110.0081,1.7016],[109.8937,1.7202],[109.8773,1.7336],[109.8821,1.7535],[109.8509,1.7737],[109.8528,1.7869],[109.6847,1.859],[109.6854,1.8772],[109.6585,1.9016],[109.6485,1.9268],[109.6556,1.9433],[109.6512,1.977],[109.667,1.9873],[109.649,2.0072],[109.6576,2.0384],[109.6478,2.0476],[109.6446,2.0806],[109.6303,2.046],[109.6382,2.0277],[109.6273,1.9908],[109.599,1.9733],[109.5935,1.9791],[109.5603,1.9712],[109.5518,1.9562],[109.5649,1.9512],[109.5645,1.9366],[109.5381,1.9272],[109.5444,1.8915],[109.5581,1.8718],[109.5534,1.8536],[109.5824,1.8355],[109.5864,1.7919],[109.6354,1.8054],[109.665,1.7953],[109.7206,1.813],[109.7699,1.7852],[109.7776,1.7927],[109.7874,1.7755],[109.7833,1.7549],[109.8344,1.6688],[109.8302,1.6618],[109.848,1.6461],[109.8751,1.6473],[109.8891,1.6317],[109.8932,1.5881],[109.9094,1.5873],[109.9217,1.5612],[109.9417,1.5839],[109.9533,1.5663],[109.9635,1.5728],[109.9829,1.5585],[110.0153,1.5658],[110.0237,1.578],[110.0318,1.5688],[110.0432,1.5856],[110.0664,1.5724],[110.1054,1.5788],[110.1118,1.5723],[110.1263,1.5824],[110.1443,1.58],[110.1475,1.5702]]]]}},{"type":"Feature","properties":{"c":"N.04","n":"Pantai Damai","w":"GPS","p":"PBB","cand":"Abdul Rahman bin Junaidi","pct":82.2,"maj":8381,"nc":2,"tv":13017,"unc":false,"rw":"ALONE","rp":"PSB","rcand":"Mahmud bin Sabli","rpct":17.8},"geometry":{"type":"Polygon","coordinates":[[[110.1934,1.5869],[110.198,1.6004],[110.219,1.6053],[110.2676,1.587],[110.2952,1.5889],[110.3114,1.5945],[110.3172,1.6211],[110.3426,1.6206],[110.3551,1.6312],[110.3654,1.6036],[110.3851,1.5997],[110.3884,1.5822],[110.3708,1.581],[110.3508,1.5589],[110.377,1.5557],[110.3815,1.5641],[110.373,1.5747],[110.4064,1.5743],[110.3965,1.5975],[110.4087,1.6038],[110.4036,1.6176],[110.4192,1.6161],[110.4207,1.6238],[110.3765,1.6646],[110.3783,1.6964],[110.3533,1.7171],[110.3545,1.7585],[110.3371,1.7837],[110.3465,1.7972],[110.3399,1.8044],[110.3285,1.8001],[110.3031,1.7256],[110.2085,1.7012],[110.1963,1.7108],[110.138,1.6986],[110.1364,1.6877],[110.1659,1.6916],[110.1647,1.6681],[110.1489,1.6634],[110.1429,1.6489],[110.1468,1.6276],[110.1934,1.5869]]]}},{"type":"Feature","properties":{"c":"N.05","n":"Demak Laut","w":"GPS","p":"PBB","cand":"Hazland bin Abang Hipni","pct":78.2,"maj":6399,"nc":4,"tv":9759,"unc":false,"rw":"ALONE","rp":"PSB","rcand":"Yatika binti Jelani","rpct":12.7},"geometry":{"type":"Polygon","coordinates":[[[110.4064,1.5743],[110.3945,1.5626],[110.4018,1.5539],[110.3952,1.5461],[110.3751,1.5406],[110.3899,1.529],[110.3844,1.5226],[110.3974,1.5138],[110.3895,1.5107],[110.3961,1.4992],[110.4304,1.5278],[110.426,1.5636],[110.4385,1.5566],[110.441,1.542],[110.4671,1.5421],[110.4983,1.5714],[110.4981,1.5899],[110.5171,1.6166],[110.5117,1.6286],[110.4892,1.6341],[110.495,1.6509],[110.4794,1.6529],[110.4784,1.6635],[110.4892,1.6712],[110.5003,1.7108],[110.5257,1.7238],[110.5062,1.75],[110.4968,1.7456],[110.5029,1.7298],[110.4952,1.7229],[110.4721,1.7251],[110.4599,1.7388],[110.4587,1.7296],[110.4451,1.7316],[110.4327,1.6935],[110.3742,1.6906],[110.3789,1.6604],[110.3883,1.6602],[110.4207,1.6238],[110.4192,1.6161],[110.4036,1.6176],[110.4087,1.6038],[110.3965,1.5975],[110.4064,1.5743]]]}},{"type":"Feature","properties":{"c":"N.06","n":"Tupong","w":"GPS","p":"PBB","cand":"Fazzrudin bin Abdul Rahman","pct":85.2,"maj":11209,"nc":3,"tv":14715,"unc":false,"rw":"PH","rp":"PKR","rcand":"Ahmad Nazib bin Johari","rpct":9.1},"geometry":{"type":"Polygon","coordinates":[[[110.2181,1.5255],[110.2554,1.5542],[110.283,1.5362],[110.2969,1.5423],[110.2938,1.5515],[110.3062,1.5442],[110.3247,1.5543],[110.329,1.5696],[110.3415,1.5611],[110.3234,1.5698],[110.3326,1.5781],[110.3142,1.5858],[110.3161,1.6136],[110.3114,1.5945],[110.2917,1.5882],[110.2676,1.587],[110.219,1.6053],[110.198,1.6004],[110.1921,1.5828],[110.2196,1.579],[110.2196,1.56],[110.1909,1.5464],[110.2051,1.5251],[110.2181,1.5255]]]}},{"type":"Feature","properties":{"c":"N.07","n":"Samariang","w":"GPS","p":"PBB","cand":"Sharifah Hasidah binti Sayeed Aman Ghazali","pct":87.6,"maj":10283,"nc":3,"tv":12960,"unc":false,"rw":"PH","rp":"AMANAH","rcand":"Abang Abdul Halil bin Abang Naili","rpct":8.3},"geometry":{"type":"Polygon","coordinates":[[[110.3161,1.6136],[110.3142,1.5858],[110.3326,1.5781],[110.3234,1.5698],[110.3415,1.5611],[110.3508,1.5589],[110.3708,1.581],[110.3883,1.5812],[110.3851,1.5997],[110.3654,1.6036],[110.3551,1.6312],[110.3426,1.6206],[110.3172,1.6211],[110.3161,1.6136]]]}},{"type":"Feature","properties":{"c":"N.08","n":"Satok","w":"GPS","p":"PBB","cand":"Ibrahim bin Baki","pct":83.6,"maj":6033,"nc":3,"tv":8364,"unc":false,"rw":"PH","rp":"PKR","rcand":"Nor Irwan bin Ahmat Nor","rpct":11.5},"geometry":{"type":"Polygon","coordinates":[[[110.2857,1.537],[110.2856,1.5181],[110.2953,1.5311],[110.304,1.5246],[110.3188,1.5497],[110.3376,1.5461],[110.3485,1.5538],[110.3299,1.5699],[110.3247,1.5543],[110.3062,1.5442],[110.2938,1.5515],[110.2969,1.5423],[110.2857,1.537]]]}},{"type":"Feature","properties":{"c":"N.09","n":"Padungan","w":"PH","p":"DAP","cand":"Chong Chieng Jen","pct":50.4,"maj":1198,"nc":4,"tv":9297,"unc":false,"rw":"GPS","rp":"SUPP","rcand":"Wee Hong Seng","rpct":37.5},"geometry":{"type":"Polygon","coordinates":[[[110.3508,1.5589],[110.3394,1.5601],[110.3489,1.5521],[110.3377,1.5489],[110.3372,1.5382],[110.3472,1.5341],[110.3699,1.5562],[110.3508,1.5589]]]}},{"type":"Feature","properties":{"c":"N.10","n":"Pending","w":"PH","p":"DAP","cand":"Violet Yong Wui Wui","pct":40.3,"maj":540,"nc":5,"tv":12876,"unc":false,"rw":"GPS","rp":"SUPP","rcand":"Milton Foo Tiang Wee","rpct":36.1},"geometry":{"type":"Polygon","coordinates":[[[110.3699,1.5562],[110.3491,1.5367],[110.3717,1.5274],[110.3758,1.5414],[110.4018,1.5539],[110.3945,1.5626],[110.4064,1.5743],[110.373,1.5747],[110.3815,1.5621],[110.3699,1.5562]]]}},{"type":"Feature","properties":{"c":"N.11","n":"Batu Lintang","w":"PSB","p":"PSB","cand":"See Chee How","pct":35.9,"maj":93,"nc":5,"tv":12327,"unc":false,"rw":"GPS","rp":"SUPP","rcand":"Sih Hua Tong","rpct":35.1},"geometry":{"type":"Polygon","coordinates":[[[110.3769,1.5348],[110.3606,1.5292],[110.321,1.5505],[110.3121,1.539],[110.3326,1.5347],[110.3363,1.5216],[110.3549,1.5216],[110.3603,1.5125],[110.3974,1.5138],[110.3769,1.5348]]]}},{"type":"Feature","properties":{"c":"N.12","n":"Kota Sentosa","w":"GPS","p":"SUPP","cand":"Yap Yau Sin","pct":43.0,"maj":1683,"nc":5,"tv":13487,"unc":false,"rw":"PH","rp":"DAP","rcand":"Michael Kong Feng Nian","rpct":30.6},"geometry":{"type":"Polygon","coordinates":[[[110.3895,1.5107],[110.3603,1.5125],[110.3493,1.5222],[110.3353,1.5052],[110.3312,1.5197],[110.3257,1.4934],[110.3331,1.4501],[110.3512,1.4483],[110.3846,1.4792],[110.3961,1.4992],[110.3895,1.5107]]]}},{"type":"Feature","properties":{"c":"N.13","n":"Batu Kitang","w":"GPS","p":"SUPP","cand":"Lo Khere Chiang","pct":57.7,"maj":4163,"nc":4,"tv":10938,"unc":false,"rw":"PH","rp":"DAP","rcand":"Abdul Aziz Isa bin Marindo","rpct":19.6},"geometry":{"type":"Polygon","coordinates":[[[110.3365,1.5239],[110.3278,1.5123],[110.3045,1.5107],[110.3248,1.5061],[110.3244,1.4968],[110.2946,1.4938],[110.2933,1.475],[110.2826,1.4818],[110.2779,1.4543],[110.2671,1.4513],[110.2813,1.4395],[110.2667,1.3959],[110.2967,1.3808],[110.3245,1.382],[110.3178,1.4082],[110.3251,1.4176],[110.3389,1.4001],[110.3501,1.4051],[110.335,1.4236],[110.3344,1.4461],[110.3137,1.4488],[110.3209,1.4609],[110.3302,1.4557],[110.3257,1.4934],[110.3312,1.5197],[110.3353,1.5052],[110.3415,1.5082],[110.3365,1.5239]]]}},{"type":"Feature","properties":{"c":"N.14","n":"Batu Kawah","w":"GPS","p":"SUPP","cand":"Sim Kui Hian","pct":70.2,"maj":5393,"nc":4,"tv":11150,"unc":false,"rw":"PH","rp":"DAP","rcand":"Kelvin Yii Lee Wuen","rpct":21.8},"geometry":{"type":"Polygon","coordinates":[[[110.2134,1.4951],[110.2225,1.4952],[110.2234,1.4863],[110.2357,1.4899],[110.2368,1.4781],[110.2632,1.4635],[110.2645,1.4519],[110.2765,1.4535],[110.2826,1.4818],[110.2901,1.4829],[110.2901,1.4741],[110.2971,1.4821],[110.2946,1.4938],[110.3244,1.4968],[110.3248,1.5061],[110.3045,1.5107],[110.3278,1.5123],[110.3352,1.5321],[110.3141,1.5362],[110.304,1.5246],[110.2976,1.5319],[110.2856,1.5181],[110.2857,1.537],[110.2554,1.5542],[110.2199,1.5329],[110.2134,1.4951]]]}},{"type":"Feature","properties":{"c":"N.15","n":"Asajaya","w":"GPS","p":"PBB","cand":"Abdul Karim bin Rahman Hamzah","pct":70.0,"maj":4531,"nc":4,"tv":9109,"unc":false,"rw":"ALONE","rp":"PSB","rcand":"Ishak bin Buji","rpct":20.3},"geometry":{"type":"Polygon","coordinates":[[[110.4748,1.5451],[110.482,1.5251],[110.4951,1.5457],[110.5055,1.544],[110.4987,1.5248],[110.5186,1.5145],[110.4967,1.5052],[110.5094,1.4929],[110.5063,1.4827],[110.5224,1.478],[110.5228,1.4632],[110.6384,1.4594],[110.6381,1.4989],[110.6498,1.4999],[110.6655,1.5652],[110.656,1.5768],[110.6436,1.5749],[110.6412,1.5884],[110.6074,1.5995],[110.5306,1.5846],[110.5188,1.6169],[110.5047,1.6056],[110.4983,1.5714],[110.4748,1.5451]]]}},{"type":"Feature","properties":{"c":"N.16","n":"Muara Tuang","w":"GPS","p":"PBB","cand":"Idris bin Buang","pct":63.6,"maj":6237,"nc":6,"tv":13257,"unc":false,"rw":"ALONE","rp":"BEBAS","rcand":"Ismawi bin Muhammad","rpct":16.6},"geometry":{"type":"Polygon","coordinates":[[[110.4304,1.5278],[110.4492,1.4953],[110.4185,1.4648],[110.3979,1.4008],[110.4168,1.3827],[110.4371,1.379],[110.4263,1.3659],[110.4501,1.3771],[110.4678,1.3642],[110.465,1.3399],[110.4736,1.336],[110.4488,1.2867],[110.511,1.2282],[110.5248,1.2496],[110.5658,1.2527],[110.591,1.265],[110.5843,1.2742],[110.5963,1.286],[110.5909,1.3161],[110.563,1.3167],[110.5617,1.3375],[110.5443,1.3552],[110.5546,1.3617],[110.546,1.3737],[110.5701,1.4102],[110.6146,1.3972],[110.6142,1.4062],[110.6236,1.4079],[110.625,1.4593],[110.5228,1.4632],[110.5224,1.478],[110.5063,1.4827],[110.5094,1.4929],[110.4967,1.5052],[110.5186,1.5145],[110.4987,1.5248],[110.5028,1.5467],[110.482,1.5251],[110.4748,1.5451],[110.441,1.542],[110.428,1.5648],[110.4304,1.5278]]]}},{"type":"Feature","properties":{"c":"N.17","n":"Stakan","w":"GPS","p":"PBB","cand":"Hamzah bin Brahim","pct":72.5,"maj":5807,"nc":4,"tv":10840,"unc":false,"rw":"ALONE","rp":"PSB","rcand":"George Young Si Ricord Junior","rpct":18.9},"geometry":{"type":"Polygon","coordinates":[[[110.3961,1.4992],[110.3512,1.4483],[110.3171,1.4566],[110.3195,1.4437],[110.3322,1.4479],[110.3386,1.4401],[110.335,1.4236],[110.3501,1.4051],[110.3389,1.4001],[110.3308,1.4196],[110.318,1.4137],[110.3272,1.3753],[110.3442,1.383],[110.3407,1.3894],[110.3679,1.3873],[110.3744,1.4064],[110.3908,1.3981],[110.4062,1.411],[110.4185,1.4648],[110.4492,1.4953],[110.4304,1.5278],[110.3961,1.4992]]]}},{"type":"Feature","properties":{"c":"N.18","n":"Serembu","w":"GPS","p":"PBB","cand":"Miro anak Simuh","pct":57.7,"maj":1650,"nc":5,"tv":7052,"unc":false,"rw":"ALONE","rp":"PSB","rcand":"Iana anak Akam","rpct":34.3},"geometry":{"type":"Polygon","coordinates":[[[110.0475,1.2702],[110.0657,1.2643],[110.0701,1.2284],[110.0582,1.2212],[110.0651,1.209],[110.0866,1.2179],[110.0986,1.1984],[110.1617,1.2014],[110.1894,1.2507],[110.1884,1.2649],[110.1999,1.2721],[110.1956,1.2947],[110.2239,1.3195],[110.2445,1.3854],[110.2706,1.4006],[110.2667,1.4145],[110.2763,1.4166],[110.2813,1.4395],[110.2632,1.4635],[110.2374,1.4776],[110.2357,1.4899],[110.2234,1.4863],[110.2225,1.4952],[110.2134,1.4951],[110.212,1.4838],[110.1992,1.4822],[110.2148,1.4474],[110.1896,1.4223],[110.1984,1.4111],[110.1985,1.3914],[110.1896,1.3886],[110.1974,1.377],[110.1803,1.3679],[110.1412,1.3894],[110.1192,1.3664],[110.0937,1.3662],[110.0752,1.3292],[110.0403,1.323],[110.0567,1.2823],[110.0475,1.2702]]]}},{"type":"Feature","properties":{"c":"N.19","n":"Mambong","w":"GPS","p":"PBB","cand":"Jerip anak Susil (Belek)","pct":52.0,"maj":3071,"nc":5,"tv":11278,"unc":false,"rw":"ALONE","rp":"PSB","rcand":"Sanjan anak Daik","rpct":24.8},"geometry":{"type":"Polygon","coordinates":[[[110.2667,1.3959],[110.2445,1.3854],[110.2239,1.3195],[110.1956,1.2947],[110.1999,1.2721],[110.1884,1.2649],[110.1894,1.2507],[110.1585,1.1988],[110.1909,1.1846],[110.2072,1.1646],[110.2105,1.1186],[110.2375,1.1194],[110.2496,1.1077],[110.2475,1.0865],[110.2636,1.0744],[110.2675,1.0505],[110.2812,1.0513],[110.2876,1.0715],[110.3163,1.0833],[110.2982,1.1099],[110.2762,1.1076],[110.269,1.1337],[110.2897,1.1366],[110.3152,1.1254],[110.33,1.1475],[110.294,1.1721],[110.259,1.163],[110.2581,1.1797],[110.2713,1.2085],[110.3087,1.1982],[110.3138,1.1842],[110.3378,1.1944],[110.325,1.2427],[110.3483,1.3236],[110.3758,1.3352],[110.3889,1.3297],[110.3869,1.348],[110.3938,1.351],[110.3968,1.3378],[110.4675,1.3287],[110.4736,1.336],[110.465,1.3399],[110.4678,1.3642],[110.4501,1.3771],[110.4263,1.3659],[110.4371,1.379],[110.4168,1.3827],[110.3862,1.4068],[110.3695,1.4021],[110.3679,1.3873],[110.3407,1.3894],[110.3442,1.383],[110.3282,1.3752],[110.2667,1.3959]]]}},{"type":"Feature","properties":{"c":"N.20","n":"Tarat","w":"GPS","p":"PBB","cand":"Roland Sagah Wee Inn","pct":60.3,"maj":5008,"nc":5,"tv":10788,"unc":false,"rw":"ALONE","rp":"PSB","rcand":"Dadi @ Tiap anak Juul","rpct":13.8},"geometry":{"type":"Polygon","coordinates":[[[110.4675,1.3287],[110.3968,1.3378],[110.3938,1.351],[110.3869,1.348],[110.3889,1.3297],[110.3758,1.3352],[110.3483,1.3236],[110.325,1.2427],[110.3378,1.1944],[110.3138,1.1842],[110.3087,1.1982],[110.2713,1.2085],[110.2581,1.1797],[110.259,1.163],[110.294,1.1721],[110.33,1.1475],[110.3152,1.1254],[110.2897,1.1366],[110.269,1.1337],[110.2762,1.1076],[110.2982,1.1099],[110.3184,1.0836],[110.3577,1.114],[110.4228,1.139],[110.4185,1.1621],[110.4296,1.1676],[110.4282,1.1856],[110.4513,1.1912],[110.4469,1.2068],[110.4372,1.2019],[110.4313,1.2106],[110.4514,1.2415],[110.4922,1.2133],[110.5003,1.1943],[110.5604,1.1596],[110.555,1.197],[110.5959,1.1639],[110.6413,1.2019],[110.6422,1.236],[110.6598,1.2543],[110.6302,1.2776],[110.6313,1.2937],[110.5943,1.2976],[110.5963,1.286],[110.5843,1.2742],[110.5902,1.2642],[110.5248,1.2496],[110.511,1.2282],[110.4488,1.2867],[110.4675,1.3287]]]}},{"type":"Feature","properties":{"c":"N.21","n":"Tebedu","w":"GPS","p":"PBB","cand":"Simon Sinang @ Sinang anak Bada","pct":61.8,"maj":3273,"nc":5,"tv":8221,"unc":false,"rw":"ALONE","rp":"PSB","rcand":"Cheyne Kambeng @ Raymond Achen","rpct":22.0},"geometry":{"type":"Polygon","coordinates":[[[110.2812,1.0513],[110.2867,1.0403],[110.2782,1.0326],[110.2763,0.9967],[110.308,1.0039],[110.3252,0.9921],[110.3394,1.0127],[110.3435,0.992],[110.3587,0.9835],[110.3965,0.9977],[110.4103,0.9651],[110.4055,0.9531],[110.439,0.9438],[110.4331,0.9254],[110.4673,0.8926],[110.4735,0.9155],[110.5469,0.9478],[110.5347,1.0332],[110.5645,1.0708],[110.5493,1.0818],[110.5316,1.0785],[110.5195,1.0987],[110.4997,1.0949],[110.4939,1.1025],[110.4923,1.1109],[110.5112,1.1095],[110.5203,1.1216],[110.4857,1.15],[110.5082,1.1571],[110.5038,1.1811],[110.5134,1.1859],[110.4565,1.2407],[110.4313,1.2106],[110.4372,1.2019],[110.4469,1.2068],[110.4517,1.1932],[110.4282,1.1856],[110.4296,1.1676],[110.4185,1.1621],[110.4228,1.139],[110.3577,1.114],[110.3315,1.0896],[110.2876,1.0715],[110.2812,1.0513]]]}},{"type":"Feature","properties":{"c":"N.22","n":"Kedup","w":"GPS","p":"PBB","cand":"Martin Ben (Maclaine Ben)","pct":63.3,"maj":3566,"nc":4,"tv":8175,"unc":false,"rw":"ALONE","rp":"PSB","rcand":"Dominic Dado anak Sagin","rpct":19.7},"geometry":{"type":"Polygon","coordinates":[[[110.4683,0.8929],[110.4905,0.8767],[110.5452,0.8686],[110.5755,0.8538],[110.5977,0.8588],[110.6019,0.8689],[110.6288,0.8691],[110.6368,0.8801],[110.6327,0.8948],[110.6493,0.903],[110.6536,0.8758],[110.6623,0.8706],[110.6749,0.8784],[110.6916,0.8633],[110.7163,0.9061],[110.7557,0.8993],[110.7687,0.9317],[110.8032,0.9006],[110.8179,0.9142],[110.7203,1.0405],[110.722,1.0488],[110.7323,1.0376],[110.7477,1.0466],[110.7431,1.0811],[110.7253,1.0745],[110.737,1.1043],[110.7151,1.1188],[110.7173,1.1285],[110.7007,1.1277],[110.6762,1.1025],[110.6727,1.0841],[110.6616,1.0917],[110.6198,1.0721],[110.6239,1.0535],[110.5952,1.0445],[110.5712,1.073],[110.5592,1.0672],[110.5347,1.0332],[110.5469,0.9478],[110.4735,0.9155],[110.4683,0.8929]]]}},{"type":"Feature","properties":{"c":"N.23","n":"Bukit Semuja","w":"GPS","p":"PBB","cand":"John anak Ilus","pct":70.1,"maj":4705,"nc":4,"tv":8725,"unc":false,"rw":"ALONE","rp":"PSB","rcand":"Elsiy A/k Tingang","rpct":16.1},"geometry":{"type":"Polygon","coordinates":[[[110.5134,1.1859],[110.5038,1.1811],[110.5082,1.1571],[110.4857,1.15],[110.5203,1.1216],[110.5112,1.1095],[110.4923,1.1109],[110.4939,1.1025],[110.4997,1.0949],[110.5237,1.0967],[110.5316,1.0785],[110.5712,1.073],[110.5952,1.0445],[110.6239,1.0535],[110.6172,1.0696],[110.6313,1.0809],[110.6616,1.0917],[110.6727,1.0841],[110.6762,1.1025],[110.7007,1.1277],[110.7173,1.1285],[110.7151,1.1188],[110.737,1.1043],[110.7778,1.1475],[110.7684,1.1631],[110.7504,1.1694],[110.7315,1.2005],[110.7019,1.2077],[110.6665,1.2468],[110.6422,1.236],[110.6413,1.2019],[110.5959,1.1639],[110.555,1.197],[110.5508,1.1909],[110.5606,1.1877],[110.5526,1.1745],[110.5609,1.1724],[110.5616,1.1597],[110.5134,1.1859]]]}},{"type":"Feature","properties":{"c":"N.24","n":"Sadong Jaya","w":"GPS","p":"PBB","cand":"Aidel bin Lariwoo","pct":83.0,"maj":3877,"nc":4,"tv":5223,"unc":false,"rw":"ALONE","rp":"PSB","rcand":"Nur Khairunisa binti Abdullah","rpct":8.7},"geometry":{"type":"Polygon","coordinates":[[[110.6498,1.4999],[110.7546,1.4955],[110.7591,1.5622],[110.7256,1.5495],[110.6655,1.5652],[110.6498,1.4999]]]}},{"type":"Feature","properties":{"c":"N.25","n":"Simunjan","w":"GPS","p":"PBB","cand":"Awla bin Dris","pct":73.0,"maj":3351,"nc":4,"tv":5856,"unc":false,"rw":"ALONE","rp":"PSB","rcand":"Raily @ Reli bin Ali","rpct":15.8},"geometry":{"type":"Polygon","coordinates":[[[110.625,1.4593],[110.6282,1.4161],[110.645,1.4141],[110.657,1.3975],[110.7073,1.4199],[110.7445,1.3985],[110.7368,1.3653],[110.7548,1.3433],[110.7231,1.3221],[110.7417,1.3052],[110.7984,1.2706],[110.8107,1.2917],[110.8237,1.2918],[110.8304,1.3028],[110.8837,1.2911],[110.8835,1.3314],[110.8668,1.3312],[110.8547,1.3859],[110.8312,1.4103],[110.7849,1.4279],[110.7838,1.4461],[110.7011,1.4528],[110.7339,1.4701],[110.7546,1.4955],[110.6789,1.5041],[110.6381,1.4989],[110.6384,1.4594],[110.625,1.4593]]]}},{"type":"Feature","properties":{"c":"N.26","n":"Gedong","w":"GPS","p":"PBB","cand":"Abang Abdul Rahman Zohari bin Abang Openg (Abang Johari)","pct":81.9,"maj":3607,"nc":4,"tv":5264,"unc":false,"rw":"ALONE","rp":"PSB","rcand":"Mohamad Sofian Fariz bin Sharbini","rpct":13.4},"geometry":{"type":"Polygon","coordinates":[[[110.5943,1.2976],[110.6313,1.2937],[110.6302,1.2776],[110.6807,1.2249],[110.7193,1.1986],[110.7315,1.2005],[110.7504,1.1694],[110.7641,1.1642],[110.85,1.2288],[110.8858,1.188],[110.9043,1.1947],[110.9217,1.1839],[110.9687,1.2041],[110.9724,1.2274],[110.9595,1.2351],[110.974,1.2513],[110.9717,1.2737],[110.9623,1.2857],[110.9386,1.2778],[110.9437,1.2931],[110.9333,1.3072],[110.9395,1.3243],[110.9317,1.3345],[110.8873,1.3359],[110.8829,1.2902],[110.8304,1.3028],[110.8237,1.2918],[110.8107,1.2917],[110.7984,1.2706],[110.7238,1.3205],[110.7545,1.3493],[110.7368,1.3653],[110.7445,1.3985],[110.7106,1.4195],[110.6649,1.3962],[110.6243,1.4257],[110.6146,1.3972],[110.5701,1.4102],[110.5615,1.4013],[110.546,1.3737],[110.5546,1.3617],[110.5443,1.3552],[110.5617,1.3375],[110.563,1.3167],[110.5909,1.3161],[110.5943,1.2976]]]}},{"type":"Feature","properties":{"c":"N.27","n":"Sebuyau","w":"GPS","p":"PBB","cand":"Julaihi bin Narawi","pct":79.3,"maj":4134,"nc":3,"tv":6226,"unc":false,"rw":"PH","rp":"AMANAH","rcand":"Wel @ Maxwel anak Rojis","rpct":12.9},"geometry":{"type":"Polygon","coordinates":[[[110.7546,1.4955],[110.7339,1.4701],[110.7011,1.4528],[110.7838,1.4461],[110.7849,1.4279],[110.8202,1.4178],[110.8538,1.3875],[110.8735,1.3254],[110.9066,1.34],[110.93,1.3355],[110.9303,1.3833],[110.9443,1.4096],[110.9536,1.3942],[110.978,1.4084],[111.0262,1.3845],[111.0351,1.3916],[111.0398,1.378],[111.0651,1.3808],[111.096,1.361],[111.0759,1.4238],[111.0493,1.4453],[111.0205,1.4914],[110.9874,1.5116],[110.9778,1.5149],[110.9694,1.5036],[110.7885,1.5781],[110.7591,1.5622],[110.7546,1.4955]]]}},{"type":"Feature","properties":{"c":"N.28","n":"Lingga","w":"GPS","p":"PBB","cand":"Dayang Noorazah Bte Awang Sohor","pct":58.1,"maj":2273,"nc":6,"tv":6368,"unc":false,"rw":"ALONE","rp":"PSB","rcand":"Wan Abdillah Edruce bin Wan Abdul Rahman","rpct":22.4},"geometry":{"type":"Polygon","coordinates":[[[111.096,1.361],[111.1603,1.3152],[111.1823,1.3381],[111.169,1.3449],[111.1742,1.3542],[111.2105,1.3477],[111.222,1.3903],[111.2595,1.3856],[111.2741,1.3412],[111.3015,1.3544],[111.3106,1.3381],[111.3234,1.3348],[111.3855,1.3558],[111.4028,1.336],[111.3593,1.31],[111.3791,1.3023],[111.3725,1.2738],[111.3603,1.2635],[111.3667,1.2535],[111.4156,1.2415],[111.4283,1.2242],[111.4523,1.2443],[111.4675,1.2332],[111.4791,1.2444],[111.4735,1.3152],[111.4986,1.3468],[111.4533,1.3818],[111.4596,1.3927],[111.3615,1.4167],[111.3618,1.4245],[111.2328,1.4711],[111.1533,1.5755],[111.0457,1.6803],[111.0138,1.6414],[110.9934,1.5725],[111.0021,1.5235],[110.9874,1.5116],[111.0205,1.4914],[111.0493,1.4453],[111.0759,1.4238],[111.096,1.361]]]}},{"type":"Feature","properties":{"c":"N.29","n":"Beting Maro","w":"GPS","p":"PBB","cand":"Razaili bin Gapor","pct":51.6,"maj":1711,"nc":5,"tv":7302,"unc":false,"rw":"PN","rp":"PAS","rcand":"Mohammad Arifiriazul bin Paijo","rpct":28.2},"geometry":{"type":"Polygon","coordinates":[[[111.1852,1.5354],[111.294,1.5549],[111.2983,1.5659],[111.3161,1.5631],[111.3405,1.576],[111.3374,1.5814],[111.4044,1.5985],[111.4274,1.6182],[111.4266,1.6391],[111.3922,1.6633],[111.2641,1.6797],[111.2642,1.6877],[111.2234,1.6937],[111.1794,1.7205],[111.1544,1.7252],[111.0972,1.7747],[111.0859,1.7563],[111.1083,1.7337],[111.1185,1.6917],[111.0766,1.6761],[111.0503,1.6789],[111.1852,1.5354]]]}},{"type":"Feature","properties":{"c":"N.30","n":"Balai Ringin","w":"GPS","p":"PRS","cand":"Snowdan Lawan","pct":56.4,"maj":1285,"nc":3,"tv":8542,"unc":false,"rw":"ALONE","rp":"PSB","rcand":"Masir anak Kujat","rpct":41.3},"geometry":{"type":"Polygon","coordinates":[[[110.8097,0.9299],[110.8093,0.95],[110.8612,0.9513],[110.8627,0.9654],[110.89,0.9834],[110.8917,1.0088],[110.9069,1.0293],[110.9946,1.0287],[111.0798,1.0512],[111.1544,1.0531],[111.2089,1.0711],[111.1982,1.0886],[111.1821,1.0845],[111.1884,1.1128],[111.1727,1.1124],[111.1633,1.1253],[111.1715,1.141],[111.1659,1.1609],[111.1925,1.1787],[111.1753,1.1793],[111.1647,1.1647],[111.1569,1.2348],[111.1363,1.241],[111.1139,1.2637],[111.1349,1.2735],[111.1304,1.31],[111.1141,1.3143],[111.096,1.361],[111.0651,1.3808],[111.0398,1.378],[111.0351,1.3916],[111.0262,1.3845],[110.978,1.4084],[110.9536,1.3942],[110.9443,1.4096],[110.9303,1.3833],[110.9274,1.3476],[110.9395,1.3243],[110.9386,1.2778],[110.9623,1.2857],[110.9717,1.2737],[110.974,1.2513],[110.9595,1.2351],[110.9724,1.2274],[110.9679,1.2027],[110.9217,1.1839],[110.9043,1.1947],[110.8858,1.188],[110.85,1.2288],[110.7641,1.1642],[110.7778,1.1475],[110.725,1.0835],[110.7253,1.0745],[110.7427,1.0831],[110.7477,1.0466],[110.736,1.0377],[110.7189,1.0442],[110.7908,0.943],[110.8097,0.9299]]]}},{"type":"Feature","properties":{"c":"N.31","n":"Bukit Begunan","w":"GPS","p":"PRS","cand":"Mong anak Dagang","pct":58.7,"maj":1402,"nc":4,"tv":6907,"unc":false,"rw":"ALONE","rp":"PSB","rcand":"Norina Umoi anak Utot","rpct":38.4},"geometry":{"type":"Polygon","coordinates":[[[111.096,1.361],[111.1141,1.3143],[111.1309,1.3088],[111.1349,1.2735],[111.1139,1.2637],[111.1363,1.241],[111.1569,1.2348],[111.1647,1.1647],[111.1753,1.1793],[111.1925,1.1787],[111.1655,1.1585],[111.1715,1.141],[111.1633,1.1253],[111.1727,1.1124],[111.1884,1.1128],[111.1821,1.0845],[111.1982,1.0886],[111.2089,1.0711],[111.2325,1.0861],[111.2521,1.063],[111.273,1.0679],[111.4134,1.0076],[111.4452,1.0141],[111.4644,1.037],[111.4887,1.0353],[111.5017,1.0218],[111.4896,1.095],[111.5014,1.149],[111.4547,1.184],[111.4156,1.2415],[111.3667,1.2535],[111.3603,1.2635],[111.3725,1.2738],[111.3791,1.3023],[111.3593,1.31],[111.4028,1.336],[111.3883,1.3542],[111.3234,1.3348],[111.3106,1.3381],[111.3015,1.3544],[111.2741,1.3412],[111.2595,1.3856],[111.222,1.3903],[111.2105,1.3477],[111.1742,1.3542],[111.169,1.3449],[111.1823,1.3381],[111.1603,1.3152],[111.096,1.361]]]}},{"type":"Feature","properties":{"c":"N.32","n":"Simanggang","w":"GPS","p":"SUPP","cand":"Francis Harden anak Hollis","pct":48.9,"maj":175,"nc":4,"tv":8080,"unc":false,"rw":"ALONE","rp":"PSB","rcand":"Walsin @ Wilson anak Entabang","rpct":46.8},"geometry":{"type":"Polygon","coordinates":[[[111.4283,1.2242],[111.4547,1.184],[111.5014,1.149],[111.4896,1.095],[111.5017,1.0218],[111.5154,1.002],[111.521,0.9584],[111.5516,0.9475],[111.5488,0.9885],[111.5796,0.9784],[111.5962,1.0092],[111.6399,1.0221],[111.6392,1.0308],[111.6633,1.0419],[111.655,1.0713],[111.6142,1.0918],[111.614,1.1234],[111.6403,1.133],[111.6502,1.1512],[111.6232,1.1466],[111.6281,1.1368],[111.6125,1.1258],[111.6089,1.1477],[111.558,1.1568],[111.5087,1.1963],[111.5018,1.2113],[111.5062,1.2434],[111.4984,1.2488],[111.4833,1.2533],[111.4675,1.2332],[111.4523,1.2443],[111.4283,1.2242]]]}},{"type":"Feature","properties":{"c":"N.33","n":"Engkilili","w":"PSB","p":"PSB","cand":"Johnichal Rayong anak Ngipa","pct":43.5,"maj":1191,"nc":4,"tv":7465,"unc":false,"rw":"GPS","rp":"SUPP","rcand":"Desmond Sateng anak Sanjan","rpct":27.5},"geometry":{"type":"Polygon","coordinates":[[[111.4833,1.2533],[111.5054,1.2461],[111.5087,1.1963],[111.5542,1.1593],[111.5747,1.148],[111.5858,1.155],[111.6089,1.1477],[111.6125,1.1258],[111.6281,1.1368],[111.6232,1.1466],[111.6491,1.1525],[111.6396,1.1362],[111.6531,1.1353],[111.6736,1.1082],[111.6969,1.1282],[111.6873,1.1497],[111.6896,1.1744],[111.7477,1.1724],[111.755,1.1844],[111.7959,1.1745],[111.7823,1.1986],[111.7346,1.2345],[111.7388,1.2464],[111.7538,1.2452],[111.7565,1.2832],[111.7707,1.2916],[111.7565,1.3112],[111.7605,1.3238],[111.8108,1.3508],[111.8083,1.3911],[111.8202,1.3936],[111.8211,1.416],[111.8353,1.4241],[111.8354,1.4371],[111.8584,1.4639],[111.8535,1.4784],[111.8588,1.47],[111.8798,1.4781],[111.8894,1.4662],[111.9601,1.4562],[111.9994,1.4823],[112.0227,1.4803],[112.037,1.487],[112.0377,1.4999],[112.0216,1.5237],[112.02,1.5461],[112.0031,1.5667],[111.9271,1.5611],[111.8954,1.5751],[111.8794,1.5652],[111.825,1.587],[111.7866,1.5775],[111.744,1.5043],[111.7469,1.4905],[111.7123,1.4569],[111.6808,1.4682],[111.6812,1.4391],[111.6653,1.4277],[111.654,1.3862],[111.6375,1.3954],[111.6146,1.3932],[111.6078,1.4034],[111.5869,1.3954],[111.568,1.3613],[111.5153,1.3679],[111.5111,1.3545],[111.4827,1.3346],[111.4733,1.2969],[111.4742,1.2599],[111.4833,1.2533]]]}},{"type":"Feature","properties":{"c":"N.34","n":"Batang Ai","w":"GPS","p":"PRS","cand":"Malcolm Mussen anak Lamoh","pct":44.6,"maj":738,"nc":4,"tv":7195,"unc":false,"rw":"ALONE","rp":"BEBAS","rcand":"John Linang anak Mereejon","rpct":34.3},"geometry":{"type":"Polygon","coordinates":[[[111.6633,1.0419],[111.6953,1.0176],[111.7131,1.0253],[111.7175,1.0068],[111.7487,1.0085],[111.7626,1.0214],[111.7774,0.9998],[111.8131,0.999],[111.8193,0.9851],[111.8286,0.9862],[111.8697,1.0132],[111.8777,1.0318],[111.871,1.0452],[111.886,1.0613],[111.8869,1.0787],[111.9022,1.0746],[111.9131,1.091],[111.929,1.091],[111.9354,1.1222],[111.987,1.1275],[111.9974,1.1396],[112.0178,1.1297],[112.143,1.1351],[112.1476,1.1627],[112.1351,1.1765],[112.1648,1.2099],[112.1577,1.2422],[112.1739,1.253],[112.1698,1.2767],[112.1788,1.3044],[112.2024,1.3142],[112.2323,1.3787],[112.2323,1.3982],[112.2238,1.3923],[112.2118,1.4059],[112.201,1.4051],[112.2055,1.4381],[112.1549,1.4601],[112.1312,1.4545],[112.1066,1.4659],[112.0761,1.4573],[112.0734,1.4721],[112.056,1.4723],[112.037,1.487],[111.9994,1.4823],[111.9601,1.4562],[111.8894,1.4662],[111.8798,1.4781],[111.8588,1.47],[111.8535,1.4784],[111.8584,1.4639],[111.8354,1.4371],[111.8353,1.4241],[111.8211,1.416],[111.8202,1.3936],[111.8083,1.3911],[111.8108,1.3508],[111.7605,1.3238],[111.7565,1.3112],[111.7707,1.2916],[111.7565,1.2832],[111.7538,1.2452],[111.7388,1.2464],[111.7346,1.2345],[111.7823,1.1986],[111.7959,1.1745],[111.755,1.1844],[111.7477,1.1724],[111.6896,1.1744],[111.6873,1.1497],[111.6969,1.1282],[111.6736,1.1082],[111.6531,1.1353],[111.614,1.1234],[111.6149,1.0875],[111.655,1.0713],[111.6633,1.0419]]]}},{"type":"Feature","properties":{"c":"N.35","n":"Saribas","w":"GPS","p":"PBB","cand":"Mohammad Razi bin Sitam","pct":65.5,"maj":3236,"nc":5,"tv":7842,"unc":false,"rw":"PH","rp":"PKR","rcand":"Patrick bin Kamis","rpct":24.3},"geometry":{"type":"Polygon","coordinates":[[[111.4596,1.3927],[111.4702,1.4096],[111.4645,1.4137],[111.4822,1.4303],[111.4573,1.4407],[111.4678,1.4593],[111.4458,1.5026],[111.4499,1.5192],[111.4366,1.5429],[111.4429,1.5546],[111.427,1.5556],[111.4364,1.5648],[111.4253,1.5749],[111.4286,1.5918],[111.4407,1.5915],[111.4471,1.6102],[111.4259,1.6181],[111.4044,1.5985],[111.3374,1.5814],[111.3405,1.576],[111.3161,1.5631],[111.2983,1.5659],[111.294,1.5549],[111.1852,1.5354],[111.2328,1.4711],[111.3618,1.4245],[111.3615,1.4167],[111.4596,1.3927]]]}},{"type":"Feature","properties":{"c":"N.36","n":"Layar","w":"GPS","p":"PBB","cand":"Gerald Rentap Jabu","pct":67.8,"maj":2039,"nc":2,"tv":5743,"unc":false,"rw":"ALONE","rp":"PSB","rcand":"Isik anak Utau","rpct":32.2},"geometry":{"type":"Polygon","coordinates":[[[111.4986,1.3468],[111.5153,1.3679],[111.568,1.3613],[111.5869,1.3954],[111.6078,1.4034],[111.6146,1.3932],[111.6375,1.3954],[111.654,1.3862],[111.6653,1.4277],[111.6812,1.4391],[111.6808,1.4682],[111.7123,1.4569],[111.7469,1.4905],[111.744,1.5043],[111.7835,1.5758],[111.7676,1.5761],[111.7603,1.5587],[111.7483,1.5649],[111.7122,1.5546],[111.6893,1.5327],[111.6647,1.5293],[111.6403,1.5568],[111.6234,1.5613],[111.5789,1.5105],[111.5624,1.5085],[111.5722,1.4895],[111.5568,1.4813],[111.5596,1.4711],[111.5491,1.4756],[111.5149,1.4499],[111.4982,1.4508],[111.4757,1.4358],[111.4822,1.4303],[111.4645,1.4137],[111.4702,1.4096],[111.4533,1.3818],[111.4986,1.3468]]]}},{"type":"Feature","properties":{"c":"N.37","n":"Bukit Saban","w":"GPS","p":"PBB","cand":"Douglas Uggah Embas","pct":77.9,"maj":3988,"nc":3,"tv":6894,"unc":false,"rw":"ALONE","rp":"PSB","rcand":"Andria anak Dundang @ Andria Gelayan","rpct":20.1},"geometry":{"type":"Polygon","coordinates":[[[111.4274,1.6182],[111.4496,1.6071],[111.4394,1.5903],[111.4286,1.5918],[111.4253,1.5749],[111.4364,1.5648],[111.427,1.5556],[111.4429,1.5546],[111.4366,1.5429],[111.4499,1.5192],[111.4458,1.5026],[111.4678,1.4593],[111.4573,1.4407],[111.4717,1.4346],[111.4982,1.4508],[111.5149,1.4499],[111.5491,1.4756],[111.5596,1.4711],[111.5568,1.4813],[111.5722,1.4895],[111.5624,1.5085],[111.5789,1.5105],[111.6234,1.5613],[111.6403,1.5568],[111.6647,1.5293],[111.6893,1.5327],[111.7122,1.5546],[111.7483,1.5649],[111.7603,1.5587],[111.7676,1.5761],[111.7848,1.578],[111.7733,1.6063],[111.7481,1.6163],[111.7493,1.6485],[111.7388,1.6562],[111.705,1.6592],[111.6939,1.6374],[111.6365,1.6336],[111.628,1.6587],[111.5653,1.6503],[111.552,1.6745],[111.5283,1.6894],[111.5169,1.6893],[111.4972,1.6636],[111.4721,1.6568],[111.4274,1.6182]]]}},{"type":"Feature","properties":{"c":"N.38","n":"Kalaka","w":"GPS","p":"PBB","cand":"Mohamad bin Duri","pct":72.4,"maj":2868,"nc":3,"tv":5375,"unc":false,"rw":"ALONE","rp":"PSB","rcand":"John Antau anak Linggang","rpct":19.1},"geometry":{"type":"Polygon","coordinates":[[[111.3922,1.6633],[111.3872,1.6949],[111.3611,1.7059],[111.3867,1.7253],[111.3766,1.7433],[111.3571,1.7523],[111.3422,1.7419],[111.3438,1.7583],[111.3289,1.7503],[111.327,1.7617],[111.3114,1.7527],[111.2841,1.7716],[111.293,1.7755],[111.2903,1.7901],[111.2705,1.7952],[111.2935,1.8444],[111.3271,1.8308],[111.3281,1.8206],[111.3511,1.8352],[111.3432,1.8617],[111.3175,1.8765],[111.3074,1.8645],[111.2967,1.874],[111.3004,1.8969],[111.2795,1.8787],[111.2295,1.9052],[111.2172,1.8925],[111.218,1.8647],[111.1929,1.8176],[111.1748,1.8282],[111.1432,1.8211],[111.0972,1.7747],[111.1544,1.7252],[111.1794,1.7205],[111.2234,1.6937],[111.2642,1.6877],[111.2641,1.6797],[111.3922,1.6633]]]}},{"type":"Feature","properties":{"c":"N.39","n":"Krian","w":"GPS","p":"PDP","cand":"Friday anak Belik","pct":43.7,"maj":932,"nc":4,"tv":8897,"unc":false,"rw":"ALONE","rp":"PSB","rcand":"Musa anak Dinggat","rpct":33.2},"geometry":{"type":"Polygon","coordinates":[[[111.4278,1.6216],[111.4456,1.6269],[111.4721,1.6568],[111.4906,1.6585],[111.5169,1.6893],[111.552,1.6745],[111.5653,1.6503],[111.6253,1.6586],[111.6219,1.672],[111.6328,1.6866],[111.6251,1.721],[111.6424,1.7407],[111.607,1.7712],[111.5538,1.7899],[111.539,1.8222],[111.5213,1.8285],[111.5198,1.8635],[111.4838,1.8822],[111.484,1.8978],[111.4736,1.9059],[111.4591,1.8964],[111.4588,1.9377],[111.4335,1.9513],[111.4305,1.9821],[111.3968,1.9751],[111.3391,2.0005],[111.3282,1.9503],[111.3391,1.9215],[111.3234,1.8965],[111.3249,1.8785],[111.3483,1.8574],[111.3511,1.8352],[111.3281,1.8206],[111.3271,1.8308],[111.2935,1.8444],[111.2705,1.7952],[111.2903,1.7901],[111.293,1.7755],[111.2841,1.7716],[111.2986,1.759],[111.307,1.7622],[111.3127,1.7522],[111.327,1.7617],[111.3289,1.7503],[111.3438,1.7583],[111.3422,1.7419],[111.3571,1.7523],[111.3878,1.7311],[111.3611,1.7059],[111.3872,1.6949],[111.3866,1.6732],[111.3992,1.6523],[111.4266,1.6391],[111.4278,1.6216]]]}},{"type":"Feature","properties":{"c":"N.40","n":"Kabong","w":"GPS","p":"PBB","cand":"Mohd Chee bin Kadir","pct":67.3,"maj":2763,"nc":4,"tv":7114,"unc":false,"rw":"ALONE","rp":"PSB","rcand":"Wan Mohamad Madehi bin Wan Ali","rpct":28.5},"geometry":{"type":"Polygon","coordinates":[[[111.3328,1.8672],[111.3233,1.9002],[111.3391,1.9215],[111.3282,1.9503],[111.3391,2.0005],[111.2927,1.9953],[111.2763,2.0353],[111.262,2.0227],[111.2402,2.0369],[111.2066,2.0259],[111.1953,2.0423],[111.1739,2.0025],[111.1692,1.9576],[111.107,1.842],[111.1013,1.7921],[111.1232,1.793],[111.1432,1.8211],[111.1748,1.8282],[111.1929,1.8176],[111.218,1.8647],[111.2172,1.8925],[111.2295,1.9052],[111.2795,1.8787],[111.3004,1.8969],[111.2967,1.874],[111.3074,1.8645],[111.312,1.8769],[111.3328,1.8672]]]}},{"type":"Feature","properties":{"c":"N.41","n":"Kuala Rajang","w":"GPS","p":"PBB","cand":"Talif @ Len bin Salleh","pct":70.4,"maj":3325,"nc":4,"tv":7488,"unc":false,"rw":"ALONE","rp":"BEBAS","rcand":"Abang Aditajaya bin Abang Alwi","rpct":25.9},"geometry":{"type":"Polygon","coordinates":[[[111.4358,1.9751],[111.4569,2.003],[111.4393,2.0377],[111.4459,2.0528],[111.4383,2.0689],[111.4833,2.1045],[111.4776,2.1292],[111.4651,2.1299],[111.4625,2.16],[111.4788,2.1607],[111.4782,2.1279],[111.4888,2.1318],[111.5138,2.1082],[111.527,2.1486],[111.5454,2.1484],[111.5524,2.1641],[111.5454,2.1886],[111.5235,2.2007],[111.4921,2.19],[111.5059,2.2132],[111.462,2.2604],[111.4372,2.264],[111.4371,2.2552],[111.4603,2.2433],[111.4654,2.2256],[111.471,2.2333],[111.4815,2.2257],[111.4755,2.206],[111.4872,2.2072],[111.4854,2.1819],[111.4734,2.1756],[111.4537,2.2062],[111.4236,2.1865],[111.3833,2.2058],[111.3814,2.2183],[111.3537,2.203],[111.3429,2.2518],[111.3029,2.2814],[111.2804,2.2834],[111.2819,2.2441],[111.2527,2.2414],[111.2311,2.252],[111.2309,2.266],[111.2055,2.2984],[111.1905,2.2949],[111.1897,2.2353],[111.2091,2.2477],[111.2131,2.2403],[111.1437,2.171],[111.1506,2.1467],[111.1963,2.1183],[111.1806,2.0549],[111.2066,2.0259],[111.2402,2.0369],[111.262,2.0227],[111.2763,2.0353],[111.2927,1.9953],[111.3391,2.0005],[111.3953,1.9755],[111.4271,1.9837],[111.4358,1.9751]]]}},{"type":"Feature","properties":{"c":"N.42","n":"Semop","w":"GPS","p":"PBB","cand":"Abdullah bin Saidol","pct":64.6,"maj":3158,"nc":5,"tv":6717,"unc":false,"rw":"ALONE","rp":"PSB","rcand":"Abdul Raafidin bin Majidi","rpct":17.6},"geometry":{"type":"MultiPolygon","coordinates":[[[[111.5454,2.1886],[111.5849,2.1913],[111.5932,2.1643],[111.6237,2.1641],[111.6287,2.1502],[111.6407,2.1582],[111.631,2.1683],[111.6379,2.2168],[111.6077,2.2502],[111.5812,2.2575],[111.5832,2.2702],[111.5731,2.2774],[111.579,2.29],[111.5453,2.3053],[111.5404,2.2989],[111.5374,2.3164],[111.5074,2.3228],[111.4927,2.3471],[111.4724,2.3382],[111.4652,2.3715],[111.41,2.4116],[111.4038,2.4565],[111.3793,2.4987],[111.3801,2.6974],[111.3874,2.7234],[111.3624,2.7534],[111.3456,2.7951],[111.3307,2.8019],[111.3129,2.7905],[111.2899,2.7519],[111.2799,2.6717],[111.3108,2.5136],[111.3018,2.4306],[111.3338,2.412],[111.3451,2.3944],[111.3131,2.3952],[111.2575,2.4235],[111.2487,2.4157],[111.2531,2.4363],[111.2442,2.4368],[111.1902,2.3824],[111.184,2.3606],[111.1905,2.2949],[111.2055,2.2984],[111.2309,2.266],[111.2311,2.252],[111.2527,2.2414],[111.2819,2.2441],[111.2804,2.2834],[111.3029,2.2814],[111.3429,2.2518],[111.3537,2.203],[111.3814,2.2183],[111.3833,2.2058],[111.4236,2.1865],[111.4537,2.2062],[111.4734,2.1756],[111.4854,2.1819],[111.4872,2.2072],[111.4755,2.206],[111.4815,2.2257],[111.471,2.2333],[111.4654,2.2256],[111.4603,2.2433],[111.4371,2.2552],[111.4372,2.264],[111.462,2.2604],[111.5059,2.2132],[111.4921,2.19],[111.5235,2.2007],[111.5454,2.1886]]],[[[111.4053,2.7645],[111.3839,2.753],[111.3942,2.7182],[111.4053,2.7645]]]]}},{"type":"Feature","properties":{"c":"N.43","n":"Daro","w":"GPS","p":"PBB","cand":"Safiee bin Ahmad","pct":93.2,"maj":5112,"nc":3,"tv":5706,"unc":false,"rw":"ALONE","rp":"BEBAS","rcand":"Jamaludin bin Ibrahim","rpct":3.6},"geometry":{"type":"Polygon","coordinates":[[[111.6166,2.2405],[111.6435,2.2198],[111.6544,2.2484],[111.6757,2.2582],[111.6724,2.2872],[111.6534,2.2821],[111.6483,2.3535],[111.6194,2.3594],[111.6188,2.381],[111.627,2.3906],[111.714,2.3846],[111.7621,2.4901],[111.7521,2.5197],[111.7731,2.544],[111.7579,2.5725],[111.7683,2.6843],[111.7851,2.6857],[111.7847,2.7069],[111.7281,2.6923],[111.7386,2.7241],[111.6953,2.7135],[111.6732,2.6808],[111.6846,2.6719],[111.6268,2.6092],[111.4822,2.5975],[111.4698,2.5879],[111.4648,2.6037],[111.4791,2.6584],[111.4274,2.6669],[111.401,2.5707],[111.4004,2.5224],[111.4114,2.5069],[111.4406,2.4991],[111.3854,2.4942],[111.4038,2.4565],[111.4136,2.4052],[111.4652,2.3715],[111.4724,2.3382],[111.4927,2.3471],[111.5074,2.3228],[111.5374,2.3164],[111.5404,2.2989],[111.5453,2.3053],[111.5667,2.2988],[111.5797,2.2889],[111.5731,2.2774],[111.5832,2.2702],[111.5812,2.2575],[111.6166,2.2405]]]}},{"type":"Feature","properties":{"c":"N.44","n":"Jemoreng","w":"GPS","p":"PBB","cand":"Juanda bin Jaya","pct":86.8,"maj":5012,"nc":3,"tv":6478,"unc":false,"rw":"ALONE","rp":"BEBAS","rcand":"Osman bin Rafaie","rpct":9.4},"geometry":{"type":"Polygon","coordinates":[[[111.7847,2.7069],[111.8252,2.7078],[111.8546,2.7193],[111.8527,2.7435],[111.8228,2.769],[111.8234,2.8097],[111.7969,2.8118],[111.7961,2.8647],[111.6861,2.8409],[111.6746,2.8305],[111.6389,2.8505],[111.6065,2.8001],[111.4925,2.7455],[111.4781,2.7331],[111.4786,2.7218],[111.4314,2.6997],[111.4274,2.6669],[111.4791,2.6584],[111.4648,2.6037],[111.4698,2.5879],[111.4822,2.5975],[111.6268,2.6092],[111.6846,2.6719],[111.6732,2.6808],[111.7057,2.7189],[111.7393,2.7235],[111.7265,2.6979],[111.7341,2.6904],[111.7847,2.7069]]]}},{"type":"Feature","properties":{"c":"N.45","n":"Repok","w":"GPS","p":"SUPP","cand":"Huang Tiong Sii","pct":73.2,"maj":7308,"nc":4,"tv":13722,"unc":false,"rw":"PH","rp":"DAP","rcand":"Wong Pak Ming","rpct":19.9},"geometry":{"type":"Polygon","coordinates":[[[111.4551,1.9998],[111.4618,1.9956],[111.4675,2.0239],[111.4885,2.0095],[111.4817,2.0269],[111.4965,2.0427],[111.5315,2.0374],[111.5319,2.0494],[111.5413,2.0504],[111.5391,2.0328],[111.5492,2.0466],[111.5634,2.0422],[111.5708,2.0393],[111.5691,2.0218],[111.5776,2.0196],[111.5942,2.0461],[111.5705,2.0918],[111.5408,2.1089],[111.5246,2.1377],[111.5138,2.1082],[111.4888,2.1318],[111.4788,2.1271],[111.4809,2.1565],[111.4736,2.163],[111.4615,2.158],[111.4651,2.1299],[111.4776,2.1292],[111.4833,2.1045],[111.4383,2.0689],[111.4459,2.0528],[111.4393,2.0377],[111.453,2.0209],[111.4551,1.9998]]]}},{"type":"Feature","properties":{"c":"N.46","n":"Meradong","w":"GPS","p":"SUPP","cand":"Ding Kuong Hiing","pct":58.2,"maj":3362,"nc":4,"tv":11723,"unc":false,"rw":"ALONE","rp":"PSB","rcand":"Hii Ru Yee","rpct":29.6},"geometry":{"type":"Polygon","coordinates":[[[111.5246,2.1377],[111.5397,2.1101],[111.5705,2.0918],[111.5739,2.0752],[111.5926,2.0582],[111.5762,2.012],[111.6037,2.0177],[111.6416,2.0043],[111.6474,1.9984],[111.6409,1.9898],[111.6625,1.9722],[111.6663,1.9854],[111.6785,1.9892],[111.7049,1.9934],[111.713,1.9829],[111.7267,1.9995],[111.7586,1.9982],[111.7609,2.0149],[111.7923,2.0454],[111.7837,2.0913],[111.7921,2.1598],[111.7564,2.1676],[111.7579,2.1839],[111.7181,2.2079],[111.7238,2.2211],[111.7129,2.2234],[111.7011,2.2643],[111.6855,2.2775],[111.6736,2.2677],[111.6751,2.2551],[111.6544,2.2484],[111.6435,2.2198],[111.6166,2.2405],[111.6379,2.2168],[111.631,2.1683],[111.6407,2.1582],[111.6287,2.1502],[111.6237,2.1641],[111.5932,2.1643],[111.5849,2.1913],[111.5454,2.1886],[111.554,2.1712],[111.5475,2.1516],[111.5313,2.1532],[111.5246,2.1377]]]}},{"type":"Feature","properties":{"c":"N.47","n":"Pakan","w":"GPS","p":"PBB","cand":"William Mawan Ikom","pct":41.1,"maj":714,"nc":5,"tv":7945,"unc":false,"rw":"ALONE","rp":"BEBAS","rcand":"Jamal bin Abdullah @ Tedong anak Gunda","rpct":32.1},"geometry":{"type":"Polygon","coordinates":[[[111.705,1.6592],[111.7013,1.69],[111.718,1.7493],[111.7111,1.7629],[111.7347,1.7837],[111.7368,1.7999],[111.7546,1.8019],[111.7696,1.8341],[111.7541,1.8486],[111.7657,1.874],[111.7402,1.893],[111.7391,1.9166],[111.7531,1.9224],[111.7273,1.9293],[111.708,1.9925],[111.6663,1.9854],[111.6625,1.9722],[111.6409,1.9898],[111.6474,1.9984],[111.6416,2.0043],[111.6037,2.0177],[111.5784,2.0101],[111.568,2.0243],[111.5708,2.0393],[111.5492,2.0466],[111.5424,2.0305],[111.5385,2.051],[111.5315,2.0374],[111.4965,2.0427],[111.4817,2.0269],[111.4885,2.0095],[111.4675,2.0239],[111.4618,1.9956],[111.451,1.9971],[111.432,1.9619],[111.4335,1.9513],[111.4588,1.9377],[111.4591,1.8964],[111.4736,1.9059],[111.484,1.8978],[111.4838,1.8822],[111.5198,1.8635],[111.5213,1.8285],[111.539,1.8222],[111.5538,1.7899],[111.607,1.7712],[111.642,1.7416],[111.6251,1.721],[111.6328,1.6866],[111.6212,1.6667],[111.634,1.6495],[111.6295,1.638],[111.6632,1.6302],[111.687,1.6354],[111.705,1.6592]]]}},{"type":"Feature","properties":{"c":"N.48","n":"Meluan","w":"GPS","p":"PDP","cand":"Rolland Duat anak Jubin","pct":53.2,"maj":822,"nc":3,"tv":9902,"unc":false,"rw":"ALONE","rp":"PSB","rcand":"Elly Lawai anak Ngalai","rpct":44.9},"geometry":{"type":"Polygon","coordinates":[[[112.0031,1.5667],[112.0417,1.5697],[112.0496,1.5845],[112.0696,1.5768],[112.0684,1.6167],[112.1127,1.6094],[112.1208,1.6227],[112.1513,1.6238],[112.1705,1.6596],[112.2143,1.6609],[112.1867,1.6935],[112.1838,1.728],[112.1724,1.7428],[112.1023,1.7619],[112.0682,1.7997],[112.0221,1.8253],[112.0269,1.8592],[112.0463,1.8558],[112.0534,1.8672],[111.9994,1.9261],[111.9591,1.9336],[111.9545,1.9859],[111.973,2.0068],[111.9694,2.0214],[111.9601,2.0216],[111.9685,2.0378],[111.9653,2.0611],[111.9162,2.0646],[111.9054,2.0755],[111.8908,2.063],[111.8499,2.0601],[111.8384,2.0384],[111.7971,2.0482],[111.7609,2.0149],[111.7586,1.9982],[111.7267,1.9995],[111.713,1.9852],[111.7273,1.9293],[111.7531,1.9224],[111.7391,1.9166],[111.7402,1.893],[111.7657,1.874],[111.7541,1.8486],[111.7696,1.8341],[111.7546,1.8019],[111.7368,1.7999],[111.7347,1.7837],[111.7111,1.7629],[111.718,1.7493],[111.7013,1.69],[111.705,1.6592],[111.7482,1.6502],[111.746,1.6201],[111.7733,1.6063],[111.7835,1.5756],[111.825,1.587],[111.8794,1.5652],[111.8954,1.5751],[111.9271,1.5611],[112.0031,1.5667]]]}},{"type":"Feature","properties":{"c":"N.49","n":"Ngemah","w":"GPS","p":"PRS","cand":"Anyi anak Jana","pct":46.2,"maj":261,"nc":5,"tv":6907,"unc":false,"rw":"ALONE","rp":"PSB","rcand":"Joseph Jawa anak Kendawang","rpct":42.4},"geometry":{"type":"Polygon","coordinates":[[[112.2025,1.6777],[112.2132,1.684],[112.2341,1.6572],[112.27,1.6397],[112.2897,1.663],[112.288,1.6747],[112.2663,1.6729],[112.2637,1.6961],[112.3002,1.7097],[112.315,1.7436],[112.3401,1.7333],[112.354,1.7419],[112.381,1.7385],[112.4024,1.7489],[112.4079,1.7812],[112.4367,1.7813],[112.4619,1.7936],[112.4226,1.8135],[112.4213,1.8315],[112.3997,1.8343],[112.3783,1.8592],[112.4274,1.8592],[112.4372,1.883],[112.4551,1.8833],[112.4738,1.9139],[112.4768,1.9551],[112.4941,1.9692],[112.4905,1.98],[112.4304,1.9922],[112.4298,2.0082],[112.4039,2.0248],[112.408,2.0355],[112.3834,2.0488],[112.3847,2.0651],[112.4004,2.0631],[112.4157,2.0817],[112.3998,2.0963],[112.4023,2.1137],[112.4235,2.1354],[112.4131,2.1544],[112.2733,2.1923],[112.254,2.184],[112.2362,2.1882],[112.2318,2.1788],[112.1193,2.2014],[112.1089,2.1599],[112.0958,2.1591],[112.0778,2.1381],[112.1037,2.1408],[112.1223,2.1252],[112.1547,2.137],[112.1625,2.097],[112.2089,2.0817],[112.2475,2.0464],[112.2553,2.0621],[112.2865,2.0587],[112.3029,2.0206],[112.2934,1.9924],[112.3039,1.9714],[112.2795,1.9631],[112.2927,1.9377],[112.2688,1.9107],[112.2554,1.8689],[112.2612,1.8625],[112.25,1.8705],[112.2392,1.8628],[112.2397,1.8406],[112.2127,1.8073],[112.1647,1.7996],[112.1616,1.8105],[112.1159,1.7942],[112.0918,1.7742],[112.1194,1.7547],[112.1499,1.7543],[112.1724,1.7428],[112.1838,1.728],[112.1867,1.6935],[112.2025,1.6777]]]}},{"type":"Feature","properties":{"c":"N.50","n":"Machan","w":"GPS","p":"PBB","cand":"Allan Siden Gramong","pct":53.7,"maj":2089,"nc":5,"tv":7743,"unc":false,"rw":"ALONE","rp":"PSB","rcand":"Madang anak Dimbab","rpct":26.7},"geometry":{"type":"Polygon","coordinates":[[[112.0918,1.7742],[112.1159,1.7942],[112.1616,1.8105],[112.1647,1.7996],[112.2127,1.8073],[112.2397,1.8406],[112.2392,1.8628],[112.25,1.8705],[112.2612,1.8625],[112.2554,1.8689],[112.2688,1.9107],[112.2927,1.9377],[112.2795,1.9631],[112.3039,1.9714],[112.2934,1.9924],[112.3029,2.0206],[112.2865,2.0587],[112.2553,2.0621],[112.2475,2.0464],[112.2089,2.0817],[112.1625,2.097],[112.1529,2.1376],[112.1223,2.1252],[112.1037,2.1408],[112.0778,2.1381],[112.0611,2.0862],[112.0312,2.0769],[111.9806,2.0884],[111.9763,2.0658],[111.9636,2.0534],[111.9685,2.0378],[111.9601,2.0216],[111.9694,2.0214],[111.973,2.0068],[111.9545,1.9859],[111.9591,1.9336],[111.9994,1.9261],[112.0223,1.9099],[112.0538,1.8626],[112.0269,1.8592],[112.0221,1.8253],[112.0682,1.7997],[112.0918,1.7742]]]}},{"type":"Feature","properties":{"c":"N.51","n":"Bukit Assek","w":"GPS","p":"SUPP","cand":"Chieng Jin Ek","pct":34.9,"maj":874,"nc":6,"tv":13404,"unc":false,"rw":"PH","rp":"DAP","rcand":"Irene Mary Chang Oi Ling","rpct":28.4},"geometry":{"type":"Polygon","coordinates":[[[111.858,2.3043],[111.841,2.2967],[111.8282,2.3057],[111.8254,2.2832],[111.843,2.2882],[111.8549,2.2774],[111.8693,2.2789],[111.8568,2.2705],[111.8769,2.2625],[111.8764,2.2444],[111.8478,2.2409],[111.8469,2.2342],[111.8676,2.2319],[111.8647,2.207],[111.8808,2.2023],[111.8955,2.1805],[111.9154,2.2023],[111.8933,2.2232],[111.8987,2.2314],[111.9076,2.235],[111.9182,2.2216],[111.9396,2.2423],[111.858,2.3043]]]}},{"type":"Feature","properties":{"c":"N.52","n":"Dudong","w":"GPS","p":"PDP","cand":"Tiong King Sing","pct":47.0,"maj":5806,"nc":8,"tv":19985,"unc":false,"rw":"ALONE","rp":"PSB","rcand":"Wong Hie Ping","rpct":17.9},"geometry":{"type":"Polygon","coordinates":[[[111.7923,2.0454],[111.8384,2.0384],[111.8499,2.0601],[111.8908,2.063],[111.9054,2.0755],[111.9162,2.0646],[111.9676,2.0606],[111.9806,2.0884],[112.0312,2.0769],[112.0611,2.0862],[112.08,2.147],[112.1089,2.1599],[112.1198,2.2035],[112.1127,2.2214],[112.064,2.2413],[112.0404,2.2629],[112.0439,2.2756],[112.0296,2.2736],[112.0194,2.2814],[112.0206,2.2953],[112.0056,2.3015],[111.9921,2.2797],[111.9809,2.2836],[111.9819,2.2924],[111.9731,2.289],[111.9802,2.2721],[111.963,2.2836],[111.9552,2.2776],[111.9378,2.254],[111.9396,2.2423],[111.9182,2.2216],[111.9019,2.2353],[111.8933,2.2232],[111.9154,2.2023],[111.8955,2.1805],[111.8808,2.2023],[111.8647,2.207],[111.8676,2.2319],[111.8469,2.2342],[111.8478,2.2409],[111.8764,2.2444],[111.8769,2.2625],[111.8568,2.2705],[111.8693,2.2789],[111.8549,2.2774],[111.843,2.2882],[111.8153,2.2815],[111.8085,2.2625],[111.8159,2.2497],[111.8247,2.253],[111.8234,2.2354],[111.8366,2.2212],[111.8222,2.2076],[111.8161,2.1827],[111.7921,2.1738],[111.7837,2.0913],[111.7923,2.0454]]]}},{"type":"Feature","properties":{"c":"N.53","n":"Bawang Assan","w":"PSB","p":"PSB","cand":"Wong Soon Koh","pct":43.2,"maj":913,"nc":5,"tv":13763,"unc":false,"rw":"GPS","rp":"SUPP","rcand":"Robert Lau Hui Yew","rpct":36.6},"geometry":{"type":"Polygon","coordinates":[[[111.6736,2.2677],[111.6855,2.2775],[111.7011,2.2643],[111.7129,2.2234],[111.7238,2.2211],[111.7181,2.2079],[111.7579,2.1839],[111.7564,2.1676],[111.7921,2.1598],[111.7921,2.1738],[111.8161,2.1827],[111.8222,2.2076],[111.8366,2.2212],[111.8234,2.2354],[111.8247,2.253],[111.8159,2.2497],[111.808,2.264],[111.8115,2.2788],[111.8317,2.2872],[111.8166,2.2964],[111.8247,2.324],[111.8124,2.3222],[111.8091,2.3491],[111.8188,2.3482],[111.818,2.3341],[111.8406,2.3716],[111.8638,2.3873],[111.8707,2.3811],[111.8743,2.3904],[111.8931,2.3919],[111.9174,2.3707],[111.967,2.36],[111.9772,2.334],[112.0145,2.3395],[112.0062,2.3596],[112.0136,2.3697],[112.0034,2.3803],[112.0084,2.3912],[111.9697,2.388],[111.979,2.4071],[111.9458,2.4254],[111.9396,2.6565],[111.8895,2.6572],[111.8899,2.6825],[111.8616,2.6753],[111.8353,2.7128],[111.7847,2.7069],[111.7851,2.6857],[111.7683,2.6843],[111.7579,2.5725],[111.7731,2.544],[111.7521,2.5197],[111.7621,2.4901],[111.7291,2.4049],[111.714,2.3846],[111.627,2.3906],[111.6188,2.381],[111.6194,2.3594],[111.6483,2.3535],[111.6534,2.2821],[111.6724,2.2872],[111.6736,2.2677]]]}},{"type":"Feature","properties":{"c":"N.54","n":"Pelawan","w":"GPS","p":"SUPP","cand":"Michael Tiang Ming Tee","pct":27.7,"maj":100,"nc":5,"tv":15931,"unc":false,"rw":"PH","rp":"DAP","rcand":"David Wong Kee Woan","rpct":27.1},"geometry":{"type":"Polygon","coordinates":[[[111.858,2.3043],[111.8488,2.3167],[111.8594,2.3473],[111.8431,2.3478],[111.8299,2.3374],[111.8235,2.3026],[111.841,2.2967],[111.858,2.3043]]]}},{"type":"Feature","properties":{"c":"N.55","n":"Nangka","w":"GPS","p":"PBB","cand":"Annuar bin Rapaee","pct":84.1,"maj":10804,"nc":3,"tv":14341,"unc":false,"rw":"ALONE","rp":"PSB","rcand":"Intanurazean binti Wan Sapuan Daud","rpct":8.8},"geometry":{"type":"Polygon","coordinates":[[[111.9356,2.2451],[111.9552,2.2776],[111.963,2.2836],[111.9802,2.2721],[111.9731,2.289],[111.9819,2.2924],[111.9809,2.2836],[111.9921,2.2797],[112.0056,2.3015],[112.0206,2.2953],[112.0194,2.2814],[112.0296,2.2736],[112.0439,2.2756],[112.0404,2.2629],[112.064,2.2413],[112.1147,2.2141],[112.1398,2.2355],[112.143,2.2537],[112.1299,2.2582],[112.1333,2.2749],[112.1521,2.2764],[112.163,2.2962],[112.154,2.3036],[112.1412,2.2961],[112.1445,2.3071],[112.1353,2.3137],[112.1092,2.3176],[112.0856,2.2921],[112.0604,2.3014],[112.0443,2.292],[112.0391,2.3147],[112.0671,2.3107],[112.0687,2.3332],[112.0245,2.3335],[111.9998,2.3079],[111.9684,2.3163],[111.964,2.2964],[111.9577,2.3375],[111.9688,2.337],[111.9681,2.3591],[111.9174,2.3707],[111.9016,2.3911],[111.8774,2.3916],[111.8707,2.3811],[111.8638,2.3873],[111.8434,2.3736],[111.818,2.3341],[111.8188,2.3482],[111.8091,2.3491],[111.8124,2.3222],[111.8247,2.324],[111.8179,2.2946],[111.8255,2.2922],[111.8299,2.3374],[111.8594,2.3473],[111.8512,2.306],[111.8617,2.3067],[111.8638,2.2955],[111.9356,2.2451]]]}},{"type":"Feature","properties":{"c":"N.56","n":"Dalat","w":"GPS","p":"PBB","cand":"Fatimah binti Abdullah","pct":93.9,"maj":6625,"nc":2,"tv":7545,"unc":false,"rw":"ALONE","rp":"PBK","rcand":"Salleh bin Mahali","rpct":6.1},"geometry":{"type":"Polygon","coordinates":[[[111.8353,2.7128],[111.8616,2.6753],[111.8899,2.6825],[111.8895,2.6572],[111.9396,2.6565],[111.9396,2.5822],[112.0214,2.6057],[112.0237,2.6167],[112.0406,2.6186],[112.0349,2.626],[112.0452,2.6224],[112.0414,2.6287],[112.092,2.6589],[112.097,2.6742],[112.1255,2.6777],[112.0774,2.7206],[112.0376,2.7332],[112.0376,2.7908],[112.0223,2.7877],[112.0125,2.8132],[111.9664,2.8095],[111.9546,2.8224],[111.9117,2.8091],[111.8835,2.8621],[111.9021,2.8755],[111.7961,2.8647],[111.7969,2.8118],[111.8234,2.8097],[111.8228,2.769],[111.8527,2.7435],[111.8546,2.7193],[111.8353,2.7128]]]}},{"type":"Feature","properties":{"c":"N.57","n":"Tellian","w":"GPS","p":"PBB","cand":"Royston bin Valentine","pct":70.1,"maj":2917,"nc":4,"tv":6108,"unc":false,"rw":"ALONE","rp":"PSB","rcand":"Sait bin Junaidi","rpct":22.3},"geometry":{"type":"Polygon","coordinates":[[[111.9412,2.4985],[111.9645,2.5049],[111.9754,2.5389],[111.9909,2.5426],[112.0058,2.5297],[112.0071,2.5152],[112.1322,2.5193],[112.1917,2.5113],[112.1845,2.488],[112.2134,2.4715],[112.2168,2.4884],[112.2309,2.4892],[112.2301,2.5074],[112.2583,2.5071],[112.2684,2.5233],[112.2782,2.5225],[112.2792,2.5479],[112.3016,2.5447],[112.3013,2.5526],[112.3114,2.5522],[112.2979,2.5654],[112.3414,2.566],[112.3424,2.6047],[112.3302,2.6445],[112.347,2.651],[112.3477,2.6669],[112.3355,2.6692],[112.3506,2.695],[112.3492,2.7154],[112.3045,2.7338],[112.2824,2.759],[112.2722,2.7555],[112.2592,2.7674],[112.256,2.7611],[112.206,2.7861],[112.1831,2.7729],[112.1483,2.7782],[112.1519,2.8],[112.1419,2.8041],[112.1429,2.8354],[112.1333,2.8404],[112.1304,2.8684],[112.1222,2.8778],[112.1036,2.873],[112.0923,2.9112],[111.9021,2.8755],[111.8835,2.8621],[111.9117,2.8091],[111.9546,2.8224],[111.9664,2.8095],[112.0125,2.8132],[112.0223,2.7877],[112.0376,2.7908],[112.0376,2.7332],[112.0774,2.7206],[112.1254,2.6796],[112.097,2.6742],[112.092,2.6589],[112.0414,2.6287],[112.0452,2.6224],[112.0349,2.626],[112.0406,2.6186],[112.0237,2.6167],[112.0214,2.6057],[111.9436,2.5824],[111.9412,2.4985]]]}},{"type":"Feature","properties":{"c":"N.58","n":"Balingian","w":"GPS","p":"PBB","cand":"Abdul Yakub bin Arbi","pct":71.1,"maj":2904,"nc":3,"tv":5694,"unc":false,"rw":"ALONE","rp":"PSB","rcand":"Yusuf Abdul Rahman","rpct":20.1},"geometry":{"type":"Polygon","coordinates":[[[112.3492,2.7154],[112.3399,2.7626],[112.3553,2.7813],[112.3885,2.7952],[112.3954,2.8284],[112.423,2.8566],[112.4124,2.8729],[112.4326,2.9058],[112.7154,2.8914],[112.7322,2.9588],[112.7221,3.0417],[112.7008,3.0615],[112.6232,3.0387],[112.5847,3.0141],[112.556,3.0192],[112.3264,2.9728],[112.0969,2.9119],[112.1036,2.873],[112.1222,2.8778],[112.1304,2.8684],[112.1333,2.8404],[112.1429,2.8354],[112.1419,2.8041],[112.1519,2.8],[112.1483,2.7782],[112.1831,2.7729],[112.206,2.7861],[112.256,2.7611],[112.2592,2.7674],[112.2722,2.7555],[112.2824,2.759],[112.3045,2.7338],[112.3492,2.7154]]]}},{"type":"Feature","properties":{"c":"N.59","n":"Tamin","w":"GPS","p":"PRS","cand":"Christopher Gira @ Gira Sambang","pct":65.0,"maj":3588,"nc":2,"tv":11968,"unc":false,"rw":"ALONE","rp":"PSB","rcand":"Joseph Entulu Belaun","rpct":35.0},"geometry":{"type":"Polygon","coordinates":[[[112.4131,2.1544],[112.4175,2.1627],[112.4466,2.1628],[112.4737,2.175],[112.528,2.1646],[112.5859,2.188],[112.6142,2.1756],[112.6334,2.1832],[112.6367,2.1975],[112.6602,2.2015],[112.6695,2.1929],[112.6781,2.2058],[112.6988,2.2065],[112.6945,2.2155],[112.7049,2.2156],[112.7048,2.2325],[112.6867,2.2393],[112.7,2.2413],[112.6992,2.2481],[112.77,2.2279],[112.7802,2.2376],[112.7956,2.2332],[112.7872,2.2433],[112.8092,2.2484],[112.8124,2.2778],[112.8055,2.2824],[112.7198,2.2976],[112.7134,2.284],[112.6873,2.2867],[112.6838,2.3135],[112.6708,2.3147],[112.6665,2.3361],[112.6466,2.3433],[112.6521,2.3752],[112.6891,2.3789],[112.6903,2.4026],[112.6776,2.4055],[112.6943,2.4285],[112.7051,2.4291],[112.7121,2.4517],[112.7257,2.4548],[112.7219,2.4968],[112.7545,2.5202],[112.7292,2.5786],[112.7338,2.5928],[112.7243,2.5929],[112.7182,2.609],[112.7301,2.6091],[112.7473,2.639],[112.7354,2.6557],[112.6953,2.6659],[112.6774,2.6358],[112.6489,2.6576],[112.6269,2.6599],[112.5925,2.64],[112.5707,2.6493],[112.5595,2.6743],[112.5304,2.6922],[112.5064,2.6875],[112.5038,2.6761],[112.484,2.6878],[112.4609,2.6871],[112.4638,2.6697],[112.4143,2.6383],[112.4065,2.6243],[112.3931,2.6231],[112.3971,2.5973],[112.3865,2.6045],[112.3594,2.5979],[112.343,2.5857],[112.3414,2.566],[112.2979,2.5654],[112.3114,2.5522],[112.3013,2.5526],[112.3016,2.5447],[112.2792,2.5479],[112.2782,2.5225],[112.2684,2.5233],[112.2583,2.5071],[112.2301,2.5074],[112.2309,2.4892],[112.2168,2.4884],[112.2134,2.4715],[112.1845,2.488],[112.1917,2.5113],[112.1322,2.5193],[112.0071,2.5152],[112.0058,2.5297],[111.9909,2.5426],[111.9754,2.5389],[111.9645,2.5049],[111.9412,2.4985],[111.9505,2.4474],[111.9458,2.4254],[111.979,2.4071],[111.9697,2.388],[112.0084,2.3912],[112.0034,2.3803],[112.0145,2.3662],[112.0062,2.3596],[112.0105,2.3336],[111.9772,2.334],[111.9772,2.344],[111.9577,2.3375],[111.9621,2.2977],[111.9684,2.3163],[111.9998,2.3079],[112.0245,2.3335],[112.0687,2.3332],[112.0671,2.3107],[112.0391,2.3147],[112.0461,2.2916],[112.0604,2.3014],[112.0856,2.2921],[112.1092,2.3176],[112.1218,2.3112],[112.1275,2.3174],[112.1445,2.3071],[112.1402,2.2965],[112.155,2.3035],[112.1634,2.2944],[112.1521,2.2764],[112.1333,2.2749],[112.1299,2.2582],[112.143,2.2537],[112.1349,2.2257],[112.1138,2.2123],[112.1231,2.1985],[112.2318,2.1788],[112.2362,2.1882],[112.254,2.184],[112.2733,2.1923],[112.4131,2.1544]]]}},{"type":"Feature","properties":{"c":"N.60","n":"Kakus","w":"GPS","p":"PRS","cand":"John Sikie anak Tayai","pct":52.4,"maj":1897,"nc":6,"tv":10137,"unc":false,"rw":"ALONE","rp":"PSB","rcand":"Peter anak Tuan","rpct":33.6},"geometry":{"type":"Polygon","coordinates":[[[112.343,2.5857],[112.3824,2.6043],[112.3971,2.5973],[112.3931,2.6231],[112.4065,2.6243],[112.4143,2.6383],[112.4638,2.6697],[112.4609,2.6871],[112.484,2.6878],[112.5038,2.6761],[112.5064,2.6875],[112.5304,2.6922],[112.5595,2.6743],[112.5707,2.6493],[112.5925,2.64],[112.6269,2.6599],[112.6489,2.6576],[112.6774,2.6358],[112.6953,2.6659],[112.736,2.6553],[112.7473,2.639],[112.7301,2.6091],[112.7182,2.609],[112.7243,2.5929],[112.7338,2.5928],[112.7292,2.5786],[112.7545,2.5202],[112.7219,2.4968],[112.7257,2.4548],[112.7121,2.4517],[112.7051,2.4291],[112.6943,2.4285],[112.6776,2.4055],[112.6903,2.4026],[112.6891,2.3789],[112.6521,2.3752],[112.6466,2.3433],[112.6665,2.3361],[112.6708,2.3147],[112.6838,2.3135],[112.6873,2.2867],[112.7134,2.284],[112.7198,2.2976],[112.7778,2.2818],[112.7889,2.2864],[112.8121,2.2788],[112.8129,2.2583],[112.8064,2.2459],[112.7868,2.2426],[112.7956,2.2332],[112.7802,2.2376],[112.77,2.2279],[112.6992,2.2481],[112.7,2.2413],[112.6867,2.2393],[112.7048,2.2325],[112.7049,2.2156],[112.6945,2.2155],[112.6988,2.2065],[112.6781,2.2058],[112.6695,2.1929],[112.6602,2.2015],[112.6367,2.1975],[112.6331,2.1845],[112.6885,2.1722],[112.695,2.1625],[112.7876,2.1488],[112.7922,2.1557],[112.8258,2.1488],[112.8396,2.1644],[112.8763,2.1642],[112.8938,2.1741],[112.8914,2.1881],[112.9137,2.2372],[112.8955,2.2565],[112.9173,2.272],[112.9163,2.2835],[112.9318,2.2814],[112.9369,2.2903],[112.9564,2.2791],[112.9843,2.2843],[113.0012,2.2752],[113.0041,2.3277],[113.0242,2.3256],[113.029,2.3372],[113.0521,2.3413],[113.0498,2.3589],[113.0613,2.3671],[113.0453,2.3775],[113.0511,2.4006],[113.0386,2.4128],[113.0506,2.428],[113.045,2.4438],[113.0759,2.445],[113.0805,2.4562],[113.0926,2.4441],[113.1301,2.457],[113.1337,2.4722],[113.1801,2.4823],[113.1952,2.5048],[113.2204,2.5111],[113.2237,2.5207],[113.2343,2.5235],[113.2505,2.5073],[113.2646,2.5114],[113.2729,2.5217],[113.2617,2.5286],[113.2705,2.5379],[113.3064,2.5302],[113.3266,2.5358],[113.3203,2.5571],[113.3633,2.5512],[113.3886,2.5726],[113.4143,2.5676],[113.4305,2.559],[113.4281,2.5295],[113.4456,2.5321],[113.4614,2.519],[113.5296,2.5577],[113.5149,2.5723],[113.4965,2.5739],[113.4818,2.5994],[113.498,2.6215],[113.4933,2.6368],[113.5026,2.6519],[113.4905,2.6558],[113.4655,2.7165],[113.3435,2.6811],[113.3232,2.7127],[113.3016,2.7077],[113.2574,2.7211],[113.2419,2.7141],[113.2363,2.7343],[113.2539,2.7589],[113.2831,2.7668],[113.2972,2.7603],[113.3012,2.7685],[113.2731,2.8008],[113.2718,2.8155],[113.2477,2.817],[113.2394,2.8654],[113.2181,2.8932],[113.1274,2.8883],[113.1116,2.9199],[113.084,2.9146],[113.0846,2.9338],[113.0702,2.925],[113.047,2.9324],[113.0383,2.9183],[113.018,2.9135],[113.0141,2.9277],[113.0009,2.9286],[112.9969,2.9185],[112.9704,2.9141],[112.9857,2.9482],[112.981,2.9595],[112.97,2.9596],[112.9764,2.9841],[112.9616,2.9859],[112.9714,2.9917],[112.9698,3.0071],[112.9472,2.9934],[112.942,3.0053],[112.9107,3.0097],[112.8984,2.9905],[112.8662,2.9796],[112.838,2.9831],[112.8233,2.9657],[112.7957,2.9611],[112.7812,2.9762],[112.7669,3.0297],[112.7539,3.0391],[112.7269,3.0342],[112.7308,2.9334],[112.7099,2.8886],[112.5694,2.9032],[112.4252,2.9021],[112.4124,2.8729],[112.423,2.8566],[112.3954,2.8284],[112.3885,2.7952],[112.3553,2.7813],[112.3393,2.761],[112.3506,2.695],[112.3355,2.6692],[112.3477,2.6669],[112.347,2.651],[112.3302,2.6445],[112.343,2.5857]]]}},{"type":"Feature","properties":{"c":"N.61","n":"Pelagus","w":"GPS","p":"PRS","cand":"Wilson Nyabong anak Ijang","pct":56.3,"maj":1049,"nc":5,"tv":5051,"unc":false,"rw":"ALONE","rp":"PSB","rcand":"Kristoffer Nyuak Bajok","rpct":35.5},"geometry":{"type":"Polygon","coordinates":[[[112.8359,2.1536],[112.8653,2.1471],[112.9271,2.1549],[112.9337,2.1371],[112.9262,2.1028],[113.0216,2.0135],[112.9848,2.0015],[112.943,2.0054],[112.9595,1.9711],[112.9553,1.9516],[112.9768,1.94],[112.8963,1.9222],[112.8773,1.912],[112.8789,1.9029],[112.8617,1.8993],[112.851,1.867],[112.8617,1.8638],[112.8584,1.8425],[112.886,1.8233],[112.9072,1.7875],[112.9492,1.7779],[112.9636,1.765],[112.996,1.7969],[113.0452,1.788],[113.051,1.8139],[113.0875,1.82],[113.1048,1.8374],[113.234,1.8452],[113.2181,1.8902],[113.1968,1.9053],[113.1898,1.9385],[113.1707,1.9472],[113.1737,1.9763],[113.154,1.99],[113.1562,2.0156],[113.1615,2.0252],[113.1786,2.0262],[113.171,2.0385],[113.1835,2.0509],[113.147,2.0935],[113.1434,2.1456],[113.1342,2.1507],[113.1695,2.1527],[113.1919,2.1366],[113.2162,2.1479],[113.2259,2.1636],[113.2494,2.1414],[113.2702,2.1648],[113.3034,2.1631],[113.2958,2.1888],[113.3084,2.1998],[113.2786,2.2036],[113.2707,2.2131],[113.2771,2.217],[113.2589,2.2226],[113.2596,2.2499],[113.2877,2.2728],[113.2722,2.2823],[113.2765,2.3198],[113.2435,2.3038],[113.2289,2.3196],[113.2124,2.3162],[113.2116,2.2928],[113.1996,2.2789],[113.19,2.2793],[113.1779,2.2615],[113.1572,2.2678],[113.1218,2.2503],[113.1208,2.2371],[113.063,2.2351],[113.0607,2.2535],[113.0341,2.2596],[113.024,2.2724],[112.9843,2.2843],[112.9564,2.2791],[112.9437,2.2895],[112.9181,2.2845],[112.9173,2.272],[112.8955,2.2565],[112.9137,2.2372],[112.8914,2.1881],[112.8938,2.1741],[112.8763,2.1642],[112.8396,2.1644],[112.8359,2.1536]]]}},{"type":"Feature","properties":{"c":"N.62","n":"Katibas","w":"GPS","p":"PBB","cand":"Lidam anak Assan","pct":64.6,"maj":2997,"nc":6,"tv":6496,"unc":false,"rw":"ALONE","rp":"PSB","rcand":"Robertson Mawa anak Luat","rpct":18.5},"geometry":{"type":"Polygon","coordinates":[[[112.037,1.487],[112.056,1.4723],[112.0734,1.4721],[112.0761,1.4573],[112.1066,1.4659],[112.1312,1.4545],[112.1549,1.4601],[112.2055,1.4381],[112.227,1.4566],[112.2886,1.4741],[112.3193,1.5076],[112.3521,1.5038],[112.3936,1.5227],[112.434,1.5272],[112.4461,1.5529],[112.501,1.5838],[112.6326,1.5656],[112.6577,1.5714],[112.6769,1.5546],[112.7272,1.568],[112.7496,1.5577],[112.7746,1.5638],[112.8125,1.5401],[112.8295,1.5475],[112.8409,1.5382],[112.8801,1.5845],[112.9052,1.5854],[112.9155,1.6019],[112.9067,1.6305],[112.9192,1.6367],[112.9051,1.6436],[112.9031,1.6688],[112.8612,1.6739],[112.858,1.6821],[112.8981,1.6825],[112.9176,1.7158],[112.9285,1.715],[112.9428,1.73],[112.9336,1.7467],[112.9658,1.7582],[112.9509,1.7771],[112.9072,1.7875],[112.886,1.8233],[112.8589,1.8415],[112.8612,1.8651],[112.8298,1.8744],[112.8369,1.8838],[112.815,1.9359],[112.7954,1.9435],[112.8052,1.9568],[112.7929,1.9777],[112.6939,1.9752],[112.6788,1.9963],[112.6526,1.989],[112.6445,2.0095],[112.628,2.0095],[112.6116,2.0293],[112.6083,2.0525],[112.6099,2.0737],[112.624,2.0836],[112.612,2.1257],[112.6142,2.1756],[112.5873,2.1882],[112.528,2.1646],[112.4737,2.175],[112.4466,2.1628],[112.4175,2.1627],[112.4131,2.1544],[112.4235,2.1354],[112.4023,2.1137],[112.3998,2.0963],[112.4157,2.0817],[112.4004,2.0631],[112.3847,2.0651],[112.3834,2.0488],[112.408,2.0355],[112.4039,2.0248],[112.4298,2.0082],[112.4304,1.9922],[112.4905,1.98],[112.4941,1.9692],[112.4768,1.9551],[112.4738,1.9139],[112.4551,1.8833],[112.4372,1.883],[112.4274,1.8592],[112.3878,1.8643],[112.3781,1.8579],[112.3997,1.8343],[112.4213,1.8315],[112.4226,1.8135],[112.4628,1.7946],[112.4367,1.7813],[112.4079,1.7812],[112.4024,1.7489],[112.381,1.7385],[112.354,1.7419],[112.3401,1.7333],[112.315,1.7436],[112.3002,1.7097],[112.2637,1.6961],[112.2663,1.6729],[112.288,1.6747],[112.2897,1.663],[112.27,1.6397],[112.2341,1.6572],[112.2157,1.6824],[112.2036,1.6831],[112.2142,1.6592],[112.1705,1.6596],[112.1513,1.6238],[112.1208,1.6227],[112.1048,1.6081],[112.0684,1.6167],[112.0696,1.5768],[112.0496,1.5845],[112.0417,1.5697],[112.0031,1.5667],[112.0208,1.5442],[112.037,1.487]]]}},{"type":"Feature","properties":{"c":"N.63","n":"Bukit Goram","w":"GPS","p":"PBB","cand":"Jefferson Jamit anak Unyat","pct":68.5,"maj":3538,"nc":5,"tv":6213,"unc":false,"rw":"PH","rp":"DAP","rcand":"Joseph anak Jinggut","rpct":11.5},"geometry":{"type":"Polygon","coordinates":[[[112.6142,2.1756],[112.612,2.1257],[112.624,2.0836],[112.6099,2.0737],[112.6116,2.0293],[112.628,2.0095],[112.6445,2.0095],[112.6526,1.989],[112.6788,1.9963],[112.6939,1.9752],[112.7929,1.9777],[112.8052,1.9568],[112.7954,1.9435],[112.815,1.9359],[112.8369,1.8838],[112.8298,1.8744],[112.8402,1.8669],[112.851,1.867],[112.8617,1.8993],[112.8789,1.9029],[112.8822,1.9146],[112.9768,1.94],[112.9553,1.9516],[112.9595,1.9711],[112.943,2.0054],[112.9848,2.0015],[113.0216,2.0135],[112.9262,2.1028],[112.9337,2.1371],[112.9271,2.1549],[112.7568,2.1497],[112.63,2.1838],[112.6142,2.1756]]]}},{"type":"Feature","properties":{"c":"N.64","n":"Baleh","w":"GPS","p":"PRS","cand":"Nicholas Kudi anak Jantai Masing","pct":61.9,"maj":1909,"nc":4,"tv":5725,"unc":false,"rw":"ALONE","rp":"PSB","rcand":"Koh anak Kumbong","rpct":28.5},"geometry":{"type":"Polygon","coordinates":[[[112.9601,1.7657],[112.9655,1.756],[112.9336,1.7467],[112.9428,1.73],[112.9285,1.715],[112.9176,1.7158],[112.8981,1.6825],[112.8579,1.6769],[112.9031,1.6688],[112.9051,1.6436],[112.9192,1.6367],[112.9067,1.6305],[112.9155,1.6019],[112.9027,1.5851],[112.9236,1.5709],[112.9569,1.5743],[112.9837,1.5634],[112.9896,1.579],[112.9993,1.5782],[113.0053,1.5691],[113.0639,1.5526],[113.0707,1.5295],[113.0553,1.5265],[113.0451,1.5151],[113.0498,1.4996],[113.0316,1.4928],[113.0413,1.4749],[112.9826,1.4501],[112.9743,1.4112],[113.0185,1.4055],[113.0437,1.4241],[113.0885,1.429],[113.1059,1.4454],[113.1442,1.3877],[113.1611,1.3916],[113.1888,1.3768],[113.2196,1.3815],[113.2324,1.3944],[113.25,1.3822],[113.2678,1.3877],[113.3071,1.3708],[113.328,1.3754],[113.3569,1.3579],[113.3698,1.3237],[113.3985,1.318],[113.4213,1.2854],[113.4529,1.2858],[113.4661,1.3041],[113.4999,1.3181],[113.5482,1.3205],[113.56,1.3092],[113.5829,1.3085],[113.5973,1.2628],[113.6258,1.2525],[113.6188,1.23],[113.6315,1.2193],[113.6667,1.2184],[113.6667,1.23],[113.6899,1.2425],[113.7035,1.2664],[113.7556,1.2768],[113.8037,1.3004],[113.8305,1.3374],[113.8302,1.3547],[113.8147,1.3663],[113.8216,1.3736],[113.8491,1.389],[113.8762,1.39],[113.9129,1.415],[113.9261,1.4123],[113.9503,1.4402],[113.9747,1.4498],[113.9961,1.444],[114.0779,1.466],[114.0959,1.4669],[114.1078,1.4559],[114.1425,1.4665],[114.1595,1.4414],[114.2102,1.4108],[114.223,1.4166],[114.2383,1.4483],[114.2991,1.4573],[114.3072,1.4719],[114.3327,1.4842],[114.3791,1.493],[114.3846,1.5166],[114.4054,1.5229],[114.4725,1.4752],[114.512,1.4621],[114.526,1.4429],[114.5655,1.427],[114.5865,1.4472],[114.5939,1.4806],[114.6063,1.4877],[114.616,1.5156],[114.5996,1.5315],[114.6113,1.5588],[114.6018,1.5906],[114.5316,1.6282],[114.5072,1.6308],[114.4777,1.6194],[114.4515,1.6468],[114.4335,1.6399],[114.4177,1.646],[114.3702,1.6262],[114.3427,1.6284],[114.3205,1.6585],[114.2971,1.6472],[114.2814,1.6545],[114.2891,1.6727],[114.2832,1.688],[114.3141,1.7265],[114.3267,1.7586],[114.2935,1.7845],[114.2939,1.7981],[114.2701,1.7979],[114.2366,1.7624],[114.2113,1.7529],[114.1948,1.7723],[114.154,1.7611],[114.1265,1.7751],[114.1045,1.8085],[114.1186,1.8436],[114.1131,1.8668],[114.0926,1.8707],[114.0909,1.885],[114.0725,1.8836],[114.0616,1.8965],[114.0057,1.9034],[113.9863,1.9162],[113.9956,1.932],[113.9751,1.9511],[113.9767,1.9615],[113.8874,2.0029],[113.8916,2.0269],[113.8844,2.0415],[113.8602,2.0413],[113.8299,2.0776],[113.8381,2.086],[113.8139,2.0957],[113.7974,2.1333],[113.7748,2.1384],[113.7382,2.2091],[113.7198,2.2202],[113.7182,2.2529],[113.7014,2.2727],[113.6979,2.3079],[113.6774,2.3141],[113.5903,2.296],[113.5714,2.3046],[113.5496,2.2959],[113.5395,2.3008],[113.4669,2.2662],[113.4487,2.2512],[113.4411,2.2276],[113.4107,2.2198],[113.3849,2.2176],[113.3671,2.2348],[113.32,2.2268],[113.3196,2.2163],[113.2967,2.2028],[113.3084,2.1998],[113.2958,2.1888],[113.3034,2.1631],[113.2702,2.1648],[113.2523,2.1418],[113.2276,2.1638],[113.1919,2.1366],[113.1734,2.1517],[113.138,2.1553],[113.147,2.0935],[113.1835,2.0509],[113.171,2.0385],[113.1786,2.0262],[113.1615,2.0252],[113.1562,2.0156],[113.154,1.99],[113.1737,1.9763],[113.1707,1.9472],[113.1898,1.9385],[113.1968,1.9053],[113.2181,1.8902],[113.234,1.8452],[113.1048,1.8374],[113.0875,1.82],[113.051,1.8139],[113.0452,1.788],[112.996,1.7969],[112.9601,1.7657]]]}},{"type":"Feature","properties":{"c":"N.65","n":"Belaga","w":"GPS","p":"PRS","cand":"Liwan Lagang","pct":70.5,"maj":2245,"nc":4,"tv":5037,"unc":false,"rw":"ALONE","rp":"PSB","rcand":"Henry Usat Bit","rpct":25.9},"geometry":{"type":"Polygon","coordinates":[[[113.0012,2.2752],[113.0607,2.2535],[113.063,2.2351],[113.1208,2.2371],[113.1218,2.2503],[113.1572,2.2678],[113.1779,2.2615],[113.19,2.2793],[113.1996,2.2789],[113.2116,2.2928],[113.2124,2.3162],[113.2289,2.3196],[113.2435,2.3038],[113.2765,2.3198],[113.2722,2.2823],[113.2877,2.2728],[113.2596,2.2499],[113.2589,2.2226],[113.2771,2.217],[113.2707,2.2131],[113.2786,2.2036],[113.2967,2.2028],[113.3196,2.2163],[113.32,2.2268],[113.348,2.235],[113.3671,2.2348],[113.3849,2.2176],[113.4411,2.2276],[113.4487,2.2512],[113.4669,2.2662],[113.5421,2.3015],[113.6271,2.3001],[113.6585,2.3153],[113.6979,2.3079],[113.7014,2.2727],[113.7182,2.2529],[113.7198,2.2202],[113.7382,2.2091],[113.7748,2.1384],[113.7974,2.1333],[113.8139,2.0957],[113.8381,2.086],[113.8299,2.0776],[113.8409,2.06],[113.8575,2.0535],[113.8602,2.0413],[113.8844,2.0415],[113.8916,2.0269],[113.8874,2.0029],[113.9767,1.9615],[113.9751,1.9511],[113.9956,1.932],[113.9863,1.9162],[114.0057,1.9034],[114.0616,1.8965],[114.0725,1.8836],[114.0909,1.885],[114.0926,1.8707],[114.1131,1.8668],[114.1186,1.8436],[114.1045,1.8085],[114.1265,1.7751],[114.154,1.7611],[114.1948,1.7723],[114.2113,1.7529],[114.2366,1.7624],[114.2701,1.7979],[114.2924,1.7987],[114.2935,1.7845],[114.3267,1.7586],[114.3141,1.7265],[114.2832,1.688],[114.2891,1.6727],[114.2814,1.6545],[114.2971,1.6472],[114.3205,1.6585],[114.3427,1.6284],[114.3702,1.6262],[114.4177,1.646],[114.4335,1.6399],[114.4515,1.6468],[114.4777,1.6194],[114.5072,1.6308],[114.5316,1.6282],[114.6018,1.5906],[114.6068,1.5764],[114.6517,1.5894],[114.6809,1.6104],[114.6935,1.633],[114.709,1.6379],[114.7105,1.7065],[114.7193,1.7189],[114.7053,1.7605],[114.715,1.7853],[114.694,1.8084],[114.7275,1.8313],[114.7178,1.8565],[114.7473,1.8694],[114.7718,1.8499],[114.7944,1.8487],[114.8196,1.8927],[114.856,1.8953],[114.8827,1.9164],[114.8528,1.9442],[114.8505,1.9621],[114.8868,2.0261],[114.859,2.044],[114.8136,2.0222],[114.7936,2.0577],[114.8118,2.0624],[114.8,2.0893],[114.822,2.1174],[114.7453,2.0773],[114.7311,2.0819],[114.7274,2.0665],[114.6909,2.0833],[114.6571,2.0705],[114.5395,2.1148],[114.5312,2.1288],[114.4611,2.127],[114.3743,2.1634],[114.3106,2.1468],[114.2521,2.1514],[114.232,2.1429],[114.2246,2.1529],[114.2356,2.1598],[114.2383,2.1875],[114.2268,2.2021],[114.1815,2.2251],[114.1416,2.2164],[114.1197,2.2305],[114.1191,2.2583],[114.1265,2.2641],[114.1638,2.2563],[114.1655,2.2745],[114.1522,2.2955],[114.1738,2.3458],[114.1856,2.3499],[114.1761,2.3697],[114.1831,2.3716],[114.1813,2.4009],[114.2212,2.4192],[114.2256,2.4409],[114.251,2.4659],[114.2409,2.4712],[114.2503,2.4822],[114.2434,2.4994],[114.2493,2.5103],[114.2384,2.5266],[114.2015,2.531],[114.1897,2.5566],[114.1571,2.5673],[114.1399,2.5862],[114.0961,2.6003],[114.0822,2.5856],[114.0704,2.5924],[114.0628,2.5807],[114.0633,2.5902],[114.0495,2.5883],[114.0429,2.5974],[114.0474,2.6206],[114.0617,2.6322],[114.0608,2.6542],[114.0571,2.6615],[114.0442,2.6583],[114.0383,2.6699],[114.0548,2.6793],[114.0552,2.7169],[114.0761,2.7455],[114.0669,2.7591],[114.0734,2.7842],[114.0537,2.7911],[114.0534,2.8214],[114.0768,2.827],[114.075,2.8486],[114.0955,2.8638],[114.1165,2.8669],[114.1557,2.8543],[114.171,2.8732],[114.1683,2.8827],[114.2258,2.8923],[114.2063,2.9035],[114.2129,2.9122],[114.1998,2.9453],[114.1692,2.9449],[114.1533,2.962],[114.1733,2.9813],[114.1607,2.9892],[114.156,3.0157],[114.1371,3.0316],[114.1027,3.0392],[114.0596,3.0326],[114.0453,3.0472],[114.0418,3.0396],[114.0375,3.0493],[114.0228,3.0424],[114.0063,3.0533],[114.0022,3.0418],[113.9801,3.0396],[113.9854,3.0115],[113.9735,3.015],[113.9706,3.0058],[113.9472,3.0138],[113.9563,3.0045],[113.9294,2.9916],[113.9287,2.9747],[113.9093,2.9692],[113.8834,2.9791],[113.8689,2.9966],[113.8361,3.0054],[113.8227,2.9961],[113.8145,2.9607],[113.7925,2.9593],[113.7672,2.907],[113.7513,2.9026],[113.7525,2.88],[113.7325,2.8365],[113.704,2.8557],[113.6926,2.8434],[113.6779,2.7938],[113.6459,2.7447],[113.586,2.7089],[113.531,2.6927],[113.5285,2.6997],[113.5485,2.7108],[113.5033,2.7327],[113.4858,2.7321],[113.4655,2.7165],[113.4905,2.6558],[113.5026,2.6519],[113.4933,2.6368],[113.498,2.6215],[113.4818,2.5994],[113.4965,2.5739],[113.5294,2.5618],[113.5216,2.5483],[113.4614,2.519],[113.4456,2.5321],[113.4281,2.5295],[113.4273,2.5631],[113.3886,2.5726],[113.3733,2.5533],[113.3203,2.5571],[113.3266,2.5358],[113.3144,2.5309],[113.2705,2.5379],[113.2617,2.5286],[113.2729,2.5217],[113.2646,2.5114],[113.2505,2.5073],[113.2343,2.5235],[113.2237,2.5207],[113.2204,2.5111],[113.1952,2.5048],[113.1801,2.4823],[113.1337,2.4722],[113.1301,2.457],[113.0926,2.4441],[113.0805,2.4562],[113.0759,2.445],[113.045,2.4438],[113.0506,2.428],[113.0386,2.4128],[113.0511,2.4006],[113.0453,2.3775],[113.0613,2.3671],[113.0498,2.3589],[113.0521,2.3413],[113.029,2.3372],[113.0242,2.3256],[113.0041,2.3277],[113.0012,2.2752]]]}},{"type":"Feature","properties":{"c":"N.66","n":"Murum","w":"GPS","p":"PRS","cand":"Kennedy Chukpai Ugon","pct":66.2,"maj":2919,"nc":4,"tv":6921,"unc":false,"rw":"ALONE","rp":"PSB","rcand":"Stanley Ajang Batok","rpct":24.1},"geometry":{"type":"Polygon","coordinates":[[[114.822,2.1174],[114.8204,2.1299],[114.7974,2.1454],[114.7421,2.1323],[114.7344,2.1465],[114.7411,2.1913],[114.787,2.2001],[114.7986,2.2475],[114.8126,2.2622],[114.8198,2.264],[114.8268,2.2453],[114.8706,2.2638],[114.9171,2.255],[114.9366,2.2797],[114.9666,2.2888],[114.948,2.3161],[114.961,2.3648],[114.9744,2.3668],[114.9963,2.3482],[115.0092,2.3631],[115.0262,2.3648],[115.0389,2.3921],[115.053,2.3865],[115.0527,2.4056],[115.0998,2.4051],[115.1079,2.4413],[115.1438,2.4757],[115.1891,2.4826],[115.2044,2.4712],[115.2478,2.5062],[115.2426,2.5191],[115.2507,2.5235],[115.2512,2.5412],[115.2376,2.5352],[115.2234,2.5423],[115.2123,2.5737],[115.1944,2.582],[115.1782,2.6102],[115.1515,2.6082],[115.1358,2.5857],[115.1136,2.5833],[115.088,2.6163],[115.1216,2.6511],[115.1097,2.6779],[115.1151,2.6893],[115.0949,2.7007],[115.1015,2.7208],[115.1417,2.7501],[115.1398,2.7751],[115.1544,2.7904],[115.142,2.8051],[115.1265,2.8022],[115.1063,2.8141],[115.0672,2.7904],[115.0704,2.762],[115.0593,2.7453],[115.0064,2.6929],[114.955,2.658],[114.912,2.6654],[114.8643,2.6897],[114.868,2.6785],[114.86,2.6729],[114.7922,2.6592],[114.708,2.6939],[114.696,2.6902],[114.6516,2.7218],[114.67,2.7406],[114.6791,2.7707],[114.6761,2.8081],[114.6315,2.8216],[114.62,2.8564],[114.5833,2.8565],[114.5785,2.8466],[114.5635,2.8577],[114.545,2.856],[114.4996,2.9043],[114.5054,2.9351],[114.465,2.9455],[114.4488,2.9397],[114.4329,2.9556],[114.4295,2.9706],[114.4394,2.9832],[114.4195,2.9987],[114.4152,3.0256],[114.3849,3.0639],[114.3412,3.0654],[114.3122,3.1159],[114.2775,3.1353],[114.2603,3.1674],[114.2796,3.1716],[114.3201,3.1435],[114.3308,3.1773],[114.2652,3.2827],[114.2322,3.3048],[114.2314,3.3169],[114.2013,3.3467],[114.1812,3.345],[114.1735,3.3224],[114.1425,3.3059],[114.1395,3.2952],[114.1001,3.2999],[114.0872,3.2916],[114.0809,3.3018],[114.051,3.2865],[114.0461,3.2956],[114.0645,3.332],[114.0548,3.3466],[114.0783,3.3625],[114.0754,3.3754],[114.0413,3.3894],[114.0228,3.365],[114.0134,3.3731],[113.9967,3.366],[114.0004,3.3796],[113.9898,3.3801],[113.9688,3.4054],[114.0115,3.4358],[114.0126,3.4457],[114.0002,3.4548],[114.0156,3.4693],[114.0066,3.5044],[113.9844,3.5088],[113.9634,3.5442],[113.9337,3.517],[113.9293,3.4937],[113.9051,3.4882],[113.9109,3.4683],[113.9019,3.4689],[113.8836,3.4473],[113.8748,3.3815],[113.8489,3.3876],[113.8218,3.3499],[113.7993,3.3355],[113.7971,3.3081],[113.7828,3.2953],[113.7413,3.2894],[113.7315,3.3072],[113.7405,3.3319],[113.7309,3.3409],[113.6997,3.3257],[113.6998,3.3044],[113.69,3.2971],[113.6842,3.3041],[113.6597,3.2973],[113.6275,3.3161],[113.6229,3.3018],[113.6054,3.3009],[113.5838,3.2752],[113.6062,3.2499],[113.5991,3.2414],[113.587,3.2443],[113.5928,3.2528],[113.584,3.2587],[113.5797,3.2291],[113.5424,3.2152],[113.5332,3.1896],[113.5466,3.1775],[113.4979,3.188],[113.4756,3.1713],[113.4414,3.1748],[113.4442,3.1539],[113.471,3.1544],[113.4914,3.1373],[113.5012,3.1412],[113.5241,3.1032],[113.5614,3.1311],[113.5711,3.1334],[113.5748,3.1247],[113.6107,3.1355],[113.6182,3.1466],[113.6675,3.1458],[113.6676,3.1113],[113.6934,3.0708],[113.6951,2.9878],[113.7126,2.9612],[113.7034,2.9432],[113.7102,2.8874],[113.7018,2.8598],[113.7325,2.8365],[113.7525,2.88],[113.7513,2.9026],[113.7672,2.907],[113.7925,2.9593],[113.8145,2.9607],[113.8227,2.9961],[113.8361,3.0054],[113.8689,2.9966],[113.8834,2.9791],[113.9093,2.9692],[113.9275,2.9741],[113.9294,2.9916],[113.9563,3.0045],[113.9472,3.0138],[113.9706,3.0058],[113.9735,3.015],[113.9854,3.0115],[113.9801,3.0396],[114.0022,3.0418],[114.0073,3.0535],[114.0159,3.0435],[114.0375,3.0493],[114.0418,3.0396],[114.0453,3.0472],[114.0596,3.0326],[114.0813,3.0414],[114.1371,3.0316],[114.156,3.0157],[114.1607,2.9892],[114.1733,2.9813],[114.1533,2.962],[114.1692,2.9449],[114.1998,2.9453],[114.2129,2.9122],[114.2063,2.9035],[114.2256,2.8912],[114.1683,2.8827],[114.171,2.8732],[114.1557,2.8543],[114.1165,2.8669],[114.0955,2.8638],[114.075,2.8486],[114.0768,2.827],[114.0534,2.8214],[114.0537,2.7911],[114.0734,2.7842],[114.0669,2.7591],[114.0761,2.7455],[114.0552,2.7169],[114.0548,2.6793],[114.0383,2.6699],[114.0442,2.6583],[114.0571,2.6615],[114.0608,2.6542],[114.0617,2.6322],[114.0474,2.6206],[114.0429,2.5974],[114.0495,2.5883],[114.0633,2.5902],[114.0628,2.5807],[114.0704,2.5924],[114.0822,2.5856],[114.0961,2.6003],[114.1399,2.5862],[114.1571,2.5673],[114.1897,2.5566],[114.2015,2.531],[114.2384,2.5266],[114.248,2.5159],[114.2503,2.4822],[114.2408,2.472],[114.2494,2.4631],[114.2256,2.4409],[114.2212,2.4192],[114.181,2.4],[114.1831,2.3716],[114.1761,2.3697],[114.1856,2.3499],[114.1738,2.3458],[114.1522,2.2955],[114.1655,2.2745],[114.1638,2.2563],[114.1291,2.2643],[114.1191,2.2583],[114.1197,2.2305],[114.1405,2.2166],[114.1815,2.2251],[114.2268,2.2021],[114.2383,2.1875],[114.2356,2.1598],[114.2246,2.1529],[114.2309,2.1434],[114.2521,2.1514],[114.3106,2.1468],[114.3743,2.1634],[114.4611,2.127],[114.5312,2.1288],[114.5395,2.1148],[114.655,2.0709],[114.6909,2.0833],[114.7258,2.0666],[114.7353,2.0742],[114.7311,2.0819],[114.7453,2.0773],[114.822,2.1174]]]}},{"type":"Feature","properties":{"c":"N.67","n":"Jepak","w":"GPS","p":"PBB","cand":"Talib bin Zulpilip","pct":69.4,"maj":4243,"nc":4,"tv":9039,"unc":false,"rw":"ALONE","rp":"PSB","rcand":"Raba'ah binti Tudin","rpct":22.5},"geometry":{"type":"Polygon","coordinates":[[[112.7255,3.0284],[112.7436,3.0388],[112.7664,3.0304],[112.7812,2.9762],[112.7957,2.9611],[112.8233,2.9657],[112.838,2.9831],[112.8662,2.9796],[112.8984,2.9905],[112.9107,3.0097],[112.942,3.0053],[112.9472,2.9934],[112.9698,3.0071],[112.9714,2.9917],[112.9616,2.9859],[112.9764,2.9841],[112.97,2.9596],[112.981,2.9595],[112.9857,2.9482],[112.9704,2.9141],[113.007,2.9289],[113.018,2.9135],[113.0437,2.9257],[113.0527,2.9755],[113.0811,3.0041],[113.155,3.0475],[113.1622,3.0542],[113.154,3.0665],[113.1705,3.085],[113.1534,3.1018],[113.1396,3.1006],[113.147,3.115],[113.1035,3.1455],[113.0574,3.1392],[113.0738,3.1791],[113.0432,3.1666],[113.0322,3.1796],[112.9776,3.1411],[112.9037,3.1068],[112.7008,3.0615],[112.7255,3.0284]]]}},{"type":"Feature","properties":{"c":"N.68","n":"Tanjong Batu","w":"GPS","p":"SUPP","cand":"Johnny Pang Leong Ming","pct":35.4,"maj":6766,"nc":8,"tv":25653,"unc":false,"rw":"GPS","rp":"SUPP","rcand":"Johnny Pang Leong Ming","rpct":35.4},"geometry":{"type":"Polygon","coordinates":[[[113.0738,3.1791],[113.1116,3.1881],[113.0984,3.1964],[113.1013,3.2187],[113.072,3.214],[113.0786,3.2043],[113.0718,3.2023],[113.0487,3.2005],[113.0449,3.2108],[113.0464,3.2014],[113.0295,3.1876],[113.0432,3.1666],[113.0738,3.1791]]]}},{"type":"Feature","properties":{"c":"N.69","n":"Kemena","w":"GPS","p":"PBB","cand":"Stephen Rundi anak Utom","pct":62.8,"maj":3611,"nc":5,"tv":10091,"unc":false,"rw":"ALONE","rp":"PSB","rcand":"Bernard Tahim anak Bael","rpct":27.0},"geometry":{"type":"Polygon","coordinates":[[[113.4655,2.7165],[113.4858,2.7321],[113.5033,2.7327],[113.5485,2.7108],[113.5285,2.6997],[113.531,2.6927],[113.586,2.7089],[113.6459,2.7447],[113.6565,2.7704],[113.6691,2.7755],[113.704,2.8557],[113.7102,2.8874],[113.7013,2.9186],[113.7126,2.9612],[113.6951,2.9878],[113.6934,3.0708],[113.6676,3.1113],[113.6718,3.1359],[113.6645,3.1483],[113.6578,3.1419],[113.6182,3.1466],[113.6107,3.1355],[113.5748,3.1247],[113.5711,3.1334],[113.5614,3.1311],[113.5241,3.1032],[113.5012,3.1412],[113.4914,3.1373],[113.471,3.1544],[113.4442,3.1539],[113.4414,3.1748],[113.4756,3.1713],[113.4979,3.188],[113.5466,3.1775],[113.5332,3.1896],[113.5424,3.2152],[113.5797,3.2291],[113.584,3.2587],[113.5928,3.2528],[113.587,3.2443],[113.5991,3.2414],[113.6062,3.2499],[113.5838,3.2752],[113.6054,3.3009],[113.6229,3.3018],[113.6275,3.3161],[113.6597,3.2973],[113.6842,3.3041],[113.69,3.2971],[113.6998,3.3044],[113.6997,3.3257],[113.7309,3.3409],[113.7405,3.3319],[113.7315,3.3072],[113.7413,3.2894],[113.7674,3.2895],[113.7953,3.3059],[113.7993,3.3355],[113.8218,3.3499],[113.8489,3.3876],[113.8748,3.3815],[113.8873,3.455],[113.9105,3.4669],[113.906,3.4899],[113.9286,3.493],[113.9337,3.517],[113.9743,3.5534],[113.9751,3.5873],[113.9893,3.5929],[114.0044,3.5865],[113.997,3.6256],[114.0273,3.6251],[114.0179,3.6526],[113.989,3.6595],[114.0101,3.658],[114.0251,3.6755],[114.047,3.6787],[114.0267,3.7067],[114.0292,3.7304],[114.0414,3.7425],[114.0245,3.7442],[114.0022,3.7202],[113.9974,3.7361],[113.9702,3.736],[113.9699,3.7457],[113.9509,3.7584],[113.9144,3.7588],[113.9155,3.7689],[113.8945,3.7878],[113.8468,3.7884],[113.8472,3.8001],[113.7695,3.7658],[113.7476,3.7885],[113.7229,3.7877],[113.7137,3.7691],[113.7241,3.7588],[113.7132,3.7428],[113.7204,3.7182],[113.7106,3.722],[113.6978,3.7043],[113.6761,3.6958],[113.6846,3.6758],[113.7315,3.6367],[113.7362,3.6207],[113.716,3.6242],[113.7001,3.598],[113.6681,3.6192],[113.6556,3.6173],[113.6484,3.6286],[113.6218,3.6277],[113.6027,3.6081],[113.5886,3.6084],[113.5554,3.565],[113.555,3.5577],[113.5832,3.5543],[113.5724,3.5334],[113.623,3.5324],[113.6176,3.5178],[113.5766,3.4914],[113.5627,3.4623],[113.5609,3.4477],[113.5753,3.4497],[113.5837,3.4327],[113.5546,3.4369],[113.5329,3.4187],[113.5148,3.4172],[113.4986,3.3845],[113.4726,3.396],[113.4509,3.3436],[113.4204,3.3659],[113.4001,3.3443],[113.381,3.3492],[113.3623,3.3681],[113.3492,3.3629],[113.3546,3.3311],[113.3396,3.3082],[113.3657,3.3002],[113.3148,3.273],[113.318,3.2621],[113.3063,3.2555],[113.2982,3.225],[113.252,3.2065],[113.2454,3.2307],[113.2334,3.2344],[113.2218,3.226],[113.2327,3.2141],[113.2246,3.2057],[113.1806,3.214],[113.1876,3.1923],[113.212,3.1856],[113.2153,3.1757],[113.2281,3.1817],[113.24,3.1753],[113.234,3.1406],[113.2174,3.1333],[113.1929,3.1518],[113.1337,3.1471],[113.1204,3.1361],[113.147,3.115],[113.1396,3.1006],[113.1534,3.1018],[113.1705,3.085],[113.154,3.0665],[113.1622,3.0542],[113.0811,3.0041],[113.0527,2.9755],[113.0425,2.9428],[113.0478,2.9311],[113.0702,2.925],[113.0846,2.9338],[113.084,2.9146],[113.1116,2.9199],[113.1274,2.8883],[113.2167,2.8936],[113.2318,2.8815],[113.2498,2.8347],[113.2477,2.817],[113.2718,2.8155],[113.2731,2.8008],[113.3013,2.767],[113.2539,2.7589],[113.2363,2.7343],[113.2419,2.7141],[113.2574,2.7211],[113.3016,2.7077],[113.3232,2.7127],[113.3435,2.6811],[113.4655,2.7165]]]}},{"type":"Feature","properties":{"c":"N.70","n":"Samalaju","w":"GPS","p":"PRS","cand":"Majang anak Renggi","pct":67.1,"maj":6043,"nc":5,"tv":11255,"unc":false,"rw":"PH","rp":"DAP","rcand":"Ung Cheng Chak","rpct":13.4},"geometry":{"type":"Polygon","coordinates":[[[113.1191,3.1304],[113.1245,3.1432],[113.151,3.1494],[113.1993,3.1518],[113.2202,3.133],[113.2389,3.1455],[113.2333,3.1583],[113.24,3.1753],[113.2281,3.1817],[113.2153,3.1757],[113.212,3.1856],[113.1876,3.1923],[113.1806,3.214],[113.2246,3.2057],[113.2327,3.2141],[113.2218,3.226],[113.2334,3.2344],[113.2454,3.2307],[113.252,3.2065],[113.2982,3.225],[113.3063,3.2555],[113.318,3.2621],[113.3148,3.273],[113.3657,3.3002],[113.3396,3.3082],[113.3546,3.3311],[113.3492,3.3629],[113.3623,3.3681],[113.381,3.3492],[113.4001,3.3443],[113.4204,3.3659],[113.4509,3.3436],[113.4726,3.396],[113.4986,3.3845],[113.5148,3.4172],[113.5329,3.4187],[113.5546,3.4369],[113.5837,3.4327],[113.5753,3.4497],[113.5609,3.4477],[113.5627,3.4623],[113.5766,3.4914],[113.6233,3.5264],[113.6212,3.5381],[113.6103,3.5293],[113.5724,3.5334],[113.5832,3.5543],[113.555,3.5577],[113.5886,3.6084],[113.6027,3.6081],[113.6088,3.6201],[113.638,3.6308],[113.7001,3.598],[113.716,3.6242],[113.7362,3.6207],[113.7315,3.6367],[113.6846,3.6758],[113.6761,3.6958],[113.6978,3.7043],[113.7106,3.722],[113.7204,3.7182],[113.7132,3.7428],[113.7243,3.7574],[113.7137,3.7691],[113.7144,3.8047],[113.6742,3.7972],[113.6784,3.806],[113.664,3.8241],[113.6431,3.8359],[113.6788,3.8498],[113.6831,3.8708],[113.6671,3.9064],[113.6483,3.8995],[113.6423,3.9088],[113.5406,3.8265],[113.4346,3.7578],[113.4213,3.7355],[113.4247,3.7159],[113.3965,3.6611],[113.3581,3.6041],[113.2967,3.5463],[113.3026,3.5205],[113.2786,3.4866],[113.1762,3.4025],[113.1547,3.3497],[113.1333,3.3269],[113.0623,3.2808],[113.0532,3.2671],[113.0665,3.2617],[113.0654,3.2427],[113.0548,3.2435],[113.0456,3.206],[113.0775,3.2038],[113.072,3.214],[113.0951,3.2205],[113.0984,3.1964],[113.1121,3.1912],[113.0738,3.1791],[113.0549,3.1431],[113.1016,3.1464],[113.1191,3.1304]]]}},{"type":"Feature","properties":{"c":"N.71","n":"Bekenu","w":"GPS","p":"PBB","cand":"Rosey binti Yunus","pct":79.6,"maj":5397,"nc":4,"tv":7984,"unc":false,"rw":"PH","rp":"PKR","rcand":"Norhafizah binti Mohammad Joharie","rpct":12.0},"geometry":{"type":"Polygon","coordinates":[[[114.043,3.7398],[114.0432,3.7733],[114.0517,3.7857],[114.0441,3.7971],[114.057,3.8208],[114.0524,3.8393],[114.0606,3.8643],[114.0344,3.8597],[114.0198,3.8672],[114.0193,3.8779],[113.988,3.8828],[113.992,3.8906],[113.9805,3.9079],[113.951,3.9071],[113.9603,3.9575],[113.969,3.9625],[113.9678,3.9897],[113.9446,3.9917],[113.9359,3.9802],[113.9216,3.9944],[113.9059,3.9938],[113.8883,4.0304],[113.9316,4.0629],[113.9226,4.0738],[113.8955,4.0533],[113.8628,4.0602],[113.8438,4.076],[113.8526,4.0909],[113.8356,4.0953],[113.8463,4.1057],[113.8641,4.0962],[113.8631,4.1159],[113.8383,4.1188],[113.8348,4.1282],[113.825,4.1134],[113.8215,4.1259],[113.7693,4.0374],[113.6423,3.9088],[113.6483,3.8995],[113.6671,3.9064],[113.6831,3.8708],[113.6764,3.8462],[113.6431,3.8359],[113.664,3.8241],[113.6784,3.806],[113.6742,3.7972],[113.7132,3.8054],[113.7177,3.7816],[113.7326,3.7923],[113.7476,3.7885],[113.7695,3.7658],[113.8472,3.8001],[113.8468,3.7884],[113.8945,3.7878],[113.9155,3.7689],[113.9144,3.7588],[113.9509,3.7584],[113.9699,3.7457],[113.9702,3.736],[113.9974,3.7361],[114.0022,3.7202],[114.0245,3.7442],[114.043,3.7398]]]}},{"type":"Feature","properties":{"c":"N.72","n":"Lambir","w":"GPS","p":"PBB","cand":"Ripin bin Lamat","pct":68.0,"maj":5562,"nc":4,"tv":10086,"unc":false,"rw":"ALONE","rp":"PSB","rcand":"Lila binti Mohamad","rpct":12.9},"geometry":{"type":"Polygon","coordinates":[[[114.0589,3.8667],[114.0913,3.8721],[114.0823,3.8934],[114.0553,3.8787],[114.0416,3.8955],[114.0462,3.9074],[114.0213,3.9096],[114.0316,3.9443],[114.0136,3.9858],[113.9989,3.9918],[113.9996,4.0676],[113.9894,4.0694],[113.987,4.0869],[113.9656,4.0976],[114.0115,4.1529],[114.0209,4.1778],[114.0546,4.2023],[114.062,4.2395],[114.0372,4.2571],[114.029,4.2987],[114.064,4.2945],[114.0643,4.3109],[114.0207,4.3336],[114.0157,4.3191],[113.9989,4.3241],[113.988,4.3524],[113.9774,4.3153],[113.9667,4.3172],[113.9076,4.227],[113.8215,4.1259],[113.825,4.1134],[113.8348,4.1282],[113.8383,4.1188],[113.8631,4.1159],[113.8641,4.0962],[113.8463,4.1057],[113.8356,4.0953],[113.8526,4.0909],[113.8438,4.076],[113.8628,4.0602],[113.8955,4.0533],[113.9226,4.0738],[113.9316,4.0629],[113.8883,4.0304],[113.9059,3.9938],[113.9216,3.9944],[113.9359,3.9802],[113.9446,3.9917],[113.9678,3.9897],[113.969,3.9625],[113.9603,3.9575],[113.951,3.9071],[113.9805,3.9079],[113.992,3.8906],[113.988,3.8828],[114.0193,3.8779],[114.0198,3.8672],[114.0344,3.8597],[114.0589,3.8667]]]}},{"type":"Feature","properties":{"c":"N.73","n":"Piasau","w":"GPS","p":"SUPP","cand":"Sebastian Ting Chiew Yew","pct":66.6,"maj":4988,"nc":5,"tv":10194,"unc":false,"rw":"PH","rp":"DAP","rcand":"Peter Hee Leh Keng","rpct":17.7},"geometry":{"type":"Polygon","coordinates":[[[113.988,4.3524],[113.976,4.3742],[114.0124,4.408],[113.9914,4.4064],[114.0116,4.459],[114.0111,4.4819],[114.0012,4.4844],[113.9891,4.4168],[113.9602,4.3601],[113.9698,4.3532],[113.9684,4.3392],[113.9433,4.2745],[113.9667,4.3172],[113.9792,4.3183],[113.988,4.3524]]]}},{"type":"Feature","properties":{"c":"N.74","n":"Pujut","w":"GPS","p":"SUPP","cand":"Yii Siew Sang","pct":44.9,"maj":1566,"nc":5,"tv":12391,"unc":false,"rw":"PH","rp":"DAP","rcand":"Alan Ling Sie Kiong","rpct":32.2},"geometry":{"type":"Polygon","coordinates":[[[114.0124,4.408],[114.0252,4.4312],[114.0114,4.4686],[113.9914,4.4064],[114.0124,4.408]]]}},{"type":"Feature","properties":{"c":"N.75","n":"Senadin","w":"GPS","p":"SUPP","cand":"Lee Kim Shin","pct":62.3,"maj":7591,"nc":5,"tv":16909,"unc":false,"rw":"PH","rp":"DAP","rcand":"Marcus Hugo Matu Lejau","rpct":17.4},"geometry":{"type":"Polygon","coordinates":[[[114.0597,4.2416],[114.099,4.2905],[114.1013,4.3258],[114.1541,4.3187],[114.1544,4.3306],[114.1802,4.3303],[114.1805,4.3414],[114.2131,4.3524],[114.2051,4.3779],[114.2256,4.3767],[114.2046,4.3986],[114.2084,4.4315],[114.1934,4.4362],[114.1835,4.4619],[114.1564,4.4904],[114.1597,4.5367],[114.1828,4.5546],[114.1619,4.5735],[113.95,4.5958],[113.9757,4.5583],[113.9976,4.4837],[114.0111,4.4819],[114.025,4.4347],[114.0199,4.4144],[113.976,4.3742],[113.9989,4.3241],[114.0157,4.3191],[114.0207,4.3336],[114.0643,4.3109],[114.064,4.2945],[114.029,4.2987],[114.0372,4.2571],[114.0597,4.2416]]]}},{"type":"Feature","properties":{"c":"N.76","n":"Marudi","w":"GPS","p":"PDP","cand":"Penguang anak Manggil","pct":74.5,"maj":5976,"nc":5,"tv":10960,"unc":false,"rw":"ALONE","rp":"PSB","rcand":"Sylvester Entri anak Muran","rpct":20.0},"geometry":{"type":"Polygon","coordinates":[[[114.0115,3.4358],[114.0276,3.4426],[114.0438,3.4792],[114.0542,3.4796],[114.0605,3.4669],[114.0615,3.4784],[114.0719,3.468],[114.0818,3.4739],[114.0881,3.4589],[114.1102,3.465],[114.1207,3.4578],[114.1169,3.4699],[114.1405,3.4713],[114.1416,3.4849],[114.1527,3.4865],[114.1464,3.4997],[114.1528,3.5111],[114.21,3.5514],[114.1998,3.6166],[114.2453,3.624],[114.269,3.5706],[114.2744,3.5322],[114.3069,3.5231],[114.3165,3.5621],[114.3307,3.565],[114.3297,3.5826],[114.3662,3.6054],[114.3664,3.6349],[114.3569,3.6385],[114.3834,3.6625],[114.3772,3.7283],[114.34,3.7688],[114.3454,3.7834],[114.359,3.7832],[114.3643,3.7929],[114.3947,3.7896],[114.4112,3.8184],[114.4,3.8877],[114.3737,3.8784],[114.3668,3.899],[114.4094,3.9189],[114.4224,3.9515],[114.4006,3.9826],[114.3735,3.9777],[114.3531,3.9908],[114.3558,4.0314],[114.3172,4.0381],[114.3245,4.0498],[114.316,4.0677],[114.3303,4.0774],[114.3093,4.0795],[114.3043,4.0941],[114.2818,4.0989],[114.2836,4.1312],[114.2628,4.1643],[114.291,4.1543],[114.2848,4.1427],[114.303,4.1519],[114.2986,4.1662],[114.3246,4.1548],[114.3424,4.1636],[114.3368,4.1858],[114.3458,4.1986],[114.3358,4.2187],[114.3486,4.2586],[114.3257,4.2564],[114.3177,4.2646],[114.3342,4.3476],[114.3071,4.3664],[114.3165,4.3938],[114.2633,4.5027],[114.2158,4.5339],[114.2005,4.5289],[114.1828,4.5546],[114.1597,4.5367],[114.1564,4.4904],[114.1835,4.4619],[114.1934,4.4362],[114.2084,4.4315],[114.2046,4.3986],[114.2256,4.3767],[114.2051,4.3779],[114.2131,4.3524],[114.1805,4.3414],[114.1802,4.3303],[114.1544,4.3306],[114.1541,4.3187],[114.1013,4.3258],[114.099,4.2905],[114.0595,4.2435],[114.0546,4.2023],[114.0209,4.1778],[114.0115,4.1529],[113.9656,4.0976],[113.987,4.0869],[113.9894,4.0694],[113.9996,4.0676],[113.9989,3.9918],[114.0136,3.9858],[114.0316,3.9443],[114.0213,3.9096],[114.0462,3.9074],[114.0416,3.8955],[114.0553,3.8787],[114.0823,3.8934],[114.0913,3.8721],[114.0589,3.8667],[114.0541,3.8531],[114.057,3.8208],[114.0441,3.7971],[114.0517,3.7857],[114.0432,3.7733],[114.0462,3.7398],[114.0292,3.7304],[114.0267,3.7067],[114.047,3.6787],[114.0251,3.6755],[114.0101,3.658],[113.989,3.6595],[114.0179,3.6526],[114.0273,3.6251],[113.997,3.6256],[114.0044,3.5865],[113.9769,3.589],[113.9743,3.5534],[113.9609,3.5447],[113.9709,3.5414],[113.9844,3.5088],[114.0074,3.5033],[114.0155,3.468],[114.0002,3.4548],[114.0126,3.4457],[114.0115,3.4358]]]}},{"type":"Feature","properties":{"c":"N.77","n":"Telang Usan","w":"GPS","p":"PBB","cand":"Dennis Ngau","pct":59.8,"maj":2422,"nc":4,"tv":6461,"unc":false,"rw":"ALONE","rp":"PSB","rcand":"Jau Jok @ Jenggo","rpct":22.3},"geometry":{"type":"Polygon","coordinates":[[[114.6685,2.8152],[114.7338,2.8855],[114.7662,2.8931],[114.7944,2.8781],[114.8286,2.901],[114.8648,2.8693],[114.8655,2.8847],[114.8989,2.9265],[114.9291,2.9423],[114.9574,2.9413],[114.971,2.9757],[114.9872,2.9897],[114.9832,3.0019],[114.9695,3.0009],[114.9601,2.9847],[114.9368,2.9891],[114.93,2.9993],[114.9368,3.0093],[114.9186,3.0342],[114.9357,3.0641],[114.9177,3.1049],[114.9192,3.1206],[114.9345,3.1363],[114.9275,3.1382],[114.9249,3.1664],[114.8938,3.1684],[114.8898,3.2066],[114.9001,3.2338],[114.9559,3.2264],[114.9748,3.2446],[115.0113,3.2104],[115.041,3.2217],[115.0672,3.2035],[115.0738,3.2156],[115.087,3.2537],[115.0756,3.2969],[115.1119,3.4195],[115.089,3.421],[115.0981,3.4383],[115.0651,3.4467],[115.0732,3.4613],[115.0555,3.4892],[115.0539,3.523],[115.0652,3.5384],[115.0637,3.5839],[115.0436,3.5897],[115.0367,3.6088],[115.0777,3.644],[115.0708,3.6583],[115.0875,3.663],[115.0885,3.6944],[115.0797,3.7053],[115.0824,3.7224],[115.035,3.7703],[115.0207,3.8153],[115.0094,3.8027],[114.9738,3.7979],[114.9581,3.811],[114.9135,3.793],[114.9082,3.8004],[114.9163,3.7995],[114.9246,3.8388],[114.8847,3.8375],[114.8832,3.8516],[114.8697,3.8543],[114.8452,3.848],[114.852,3.853],[114.846,3.8774],[114.8625,3.8868],[114.8455,3.9055],[114.8196,3.9076],[114.7926,3.8892],[114.765,3.8847],[114.7542,3.893],[114.7399,3.8835],[114.6626,3.9098],[114.622,3.8993],[114.6205,3.9238],[114.5854,3.908],[114.5734,3.9271],[114.5588,3.9262],[114.5531,3.9426],[114.5383,3.9331],[114.5237,3.9389],[114.512,3.9674],[114.4911,3.9543],[114.4669,3.9889],[114.4238,3.9918],[114.418,4.0038],[114.4006,3.9826],[114.4224,3.9515],[114.4205,3.9403],[114.399,3.9105],[114.3668,3.899],[114.3737,3.8784],[114.4,3.8877],[114.4112,3.8184],[114.3947,3.7896],[114.3643,3.7929],[114.359,3.7832],[114.3454,3.7834],[114.34,3.7688],[114.3772,3.7283],[114.3832,3.6615],[114.3569,3.6385],[114.3664,3.6349],[114.3662,3.6054],[114.3297,3.5826],[114.3307,3.565],[114.3165,3.5621],[114.3069,3.5231],[114.2744,3.5322],[114.269,3.5706],[114.2453,3.624],[114.1998,3.6166],[114.21,3.5514],[114.1528,3.5111],[114.1464,3.4997],[114.1527,3.4865],[114.1416,3.4849],[114.1405,3.4713],[114.1169,3.4699],[114.1207,3.4578],[114.1102,3.465],[114.0881,3.4589],[114.0818,3.4739],[114.0719,3.468],[114.0615,3.4784],[114.0605,3.4669],[114.0542,3.4796],[114.0438,3.4792],[114.0276,3.4426],[114.0019,3.4343],[113.9688,3.4054],[113.9898,3.3801],[114.0004,3.3796],[113.9967,3.366],[114.0134,3.3731],[114.0228,3.365],[114.0413,3.3894],[114.0735,3.3803],[114.0783,3.3625],[114.0548,3.3466],[114.0645,3.332],[114.0461,3.2956],[114.0573,3.2847],[114.0745,3.301],[114.0872,3.2916],[114.1001,3.2999],[114.1395,3.2952],[114.1425,3.3059],[114.1735,3.3224],[114.1812,3.345],[114.2013,3.3467],[114.2314,3.3169],[114.2322,3.3048],[114.2652,3.2827],[114.3323,3.1723],[114.3201,3.1435],[114.2796,3.1716],[114.2632,3.1694],[114.2607,3.1604],[114.2848,3.1271],[114.3122,3.1159],[114.3369,3.0685],[114.3836,3.0646],[114.4042,3.0414],[114.4195,2.9987],[114.4394,2.9832],[114.4295,2.9706],[114.4329,2.9556],[114.4488,2.9397],[114.465,2.9455],[114.5054,2.9351],[114.4996,2.9043],[114.5461,2.8551],[114.5635,2.8577],[114.5785,2.8466],[114.5833,2.8565],[114.62,2.8564],[114.6315,2.8216],[114.6643,2.8086],[114.6685,2.8152]]]}},{"type":"Feature","properties":{"c":"N.78","n":"Mulu","w":"GPS","p":"PBB","cand":"Gerawat Gala","pct":66.7,"maj":2875,"nc":4,"tv":5596,"unc":false,"rw":"ALONE","rp":"PSB","rcand":"Son Radu","rpct":15.3},"geometry":{"type":"Polygon","coordinates":[[[114.7929,4.1329],[114.7156,4.0412],[114.6487,4.0091],[114.6065,4.0039],[114.6219,4.0317],[114.6073,4.0462],[114.5798,4.0502],[114.5643,4.0769],[114.5479,4.0843],[114.5391,4.1274],[114.5117,4.1479],[114.4897,4.1479],[114.4541,4.2211],[114.4421,4.2795],[114.4202,4.2662],[114.4171,4.253],[114.3758,4.2651],[114.3486,4.2584],[114.3377,4.2391],[114.3358,4.2173],[114.3458,4.1986],[114.3371,4.188],[114.3384,4.1588],[114.3207,4.1554],[114.2986,4.1662],[114.303,4.1519],[114.2848,4.1427],[114.291,4.1543],[114.2628,4.1643],[114.2836,4.1312],[114.2818,4.0989],[114.3043,4.0941],[114.3093,4.0795],[114.3303,4.0774],[114.316,4.0677],[114.3245,4.0498],[114.3172,4.0381],[114.3558,4.0314],[114.3531,3.9908],[114.3735,3.9777],[114.4006,3.9826],[114.418,4.0038],[114.4238,3.9918],[114.4669,3.9889],[114.4911,3.9543],[114.512,3.9674],[114.5237,3.9389],[114.5383,3.9331],[114.5531,3.9426],[114.5588,3.9262],[114.5734,3.9271],[114.5854,3.908],[114.6205,3.9238],[114.622,3.8993],[114.6626,3.9098],[114.7399,3.8835],[114.7542,3.893],[114.765,3.8847],[114.7926,3.8892],[114.8196,3.9076],[114.8455,3.9055],[114.8625,3.8868],[114.846,3.8774],[114.852,3.853],[114.8452,3.848],[114.8697,3.8543],[114.8832,3.8516],[114.8847,3.8375],[114.9246,3.8388],[114.9163,3.7995],[114.9082,3.8004],[114.9135,3.793],[114.9581,3.811],[114.9738,3.7979],[115.0094,3.8027],[115.0207,3.8153],[115.035,3.7703],[115.0824,3.7224],[115.0898,3.6682],[115.0709,3.659],[115.0777,3.644],[115.0367,3.6088],[115.0436,3.5897],[115.0637,3.5839],[115.0652,3.5384],[115.0539,3.523],[115.0555,3.4892],[115.0732,3.4613],[115.0651,3.4467],[115.0981,3.4383],[115.089,3.421],[115.1119,3.4195],[115.0756,3.2969],[115.0862,3.2486],[115.0672,3.2035],[115.041,3.2217],[115.0113,3.2104],[114.9748,3.2446],[114.9559,3.2264],[114.9001,3.2338],[114.8898,3.2066],[114.8938,3.1684],[114.9249,3.1664],[114.9275,3.1382],[114.9345,3.1363],[114.9192,3.1206],[114.9177,3.1049],[114.9357,3.0641],[114.9186,3.0342],[114.9368,3.0093],[114.93,2.9993],[114.9368,2.9891],[114.9601,2.9847],[114.9695,3.0009],[114.9832,3.0019],[114.9872,2.9897],[114.971,2.9757],[114.9574,2.9413],[114.9291,2.9423],[114.8989,2.9265],[114.8613,2.8675],[114.8286,2.901],[114.7944,2.8781],[114.7662,2.8931],[114.7313,2.8843],[114.6685,2.8152],[114.6778,2.8051],[114.6791,2.7707],[114.67,2.7406],[114.6516,2.7224],[114.696,2.6902],[114.708,2.6939],[114.7905,2.6594],[114.86,2.6729],[114.868,2.6785],[114.8643,2.6897],[114.912,2.6654],[114.955,2.658],[115.0064,2.6929],[115.0593,2.7453],[115.0704,2.762],[115.0672,2.7904],[115.1063,2.8141],[115.0909,2.8236],[115.1178,2.836],[115.1519,2.8704],[115.148,2.9081],[115.1638,2.9276],[115.1907,2.9342],[115.2106,2.9582],[115.2505,2.9667],[115.2458,2.9812],[115.2845,3.0475],[115.3212,3.0125],[115.3312,2.9751],[115.3781,2.9862],[115.3936,2.9797],[115.4268,3.0159],[115.4346,3.0128],[115.4529,3.028],[115.4855,3.0182],[115.5154,3.0559],[115.5138,3.1088],[115.5266,3.1171],[115.5349,3.1423],[115.5522,3.1424],[115.5643,3.1616],[115.5222,3.1879],[115.5173,3.2031],[115.5162,3.2248],[115.5342,3.2293],[115.523,3.25],[115.5373,3.2851],[115.5322,3.3182],[115.5483,3.3289],[115.544,3.3634],[115.5783,3.418],[115.5849,3.4492],[115.6096,3.4467],[115.624,3.4082],[115.657,3.439],[115.6374,3.456],[115.6338,3.4765],[115.609,3.5108],[115.6115,3.5537],[115.6034,3.5769],[115.5888,3.5782],[115.5794,3.5962],[115.581,3.6339],[115.5709,3.649],[115.571,3.681],[115.5827,3.6978],[115.5737,3.7186],[115.5771,3.747],[115.6126,3.8242],[115.6178,3.8683],[115.5968,3.8793],[115.5958,3.8901],[115.5818,3.8862],[115.5475,3.9147],[115.5257,3.911],[115.4951,3.8852],[115.5137,3.8639],[115.4911,3.8375],[115.4914,3.8226],[115.4544,3.7875],[115.4349,3.8084],[115.3989,3.8035],[115.3645,3.784],[115.3157,3.7971],[115.3119,3.7867],[115.326,3.8215],[115.3174,3.8305],[115.2718,3.831],[115.2674,3.8419],[115.2606,3.8357],[115.2538,3.8882],[115.2285,3.8988],[115.2278,3.9107],[115.1793,3.943],[115.1706,3.9777],[115.1621,3.9793],[115.1791,4.0047],[115.1583,4.0119],[115.144,4.0381],[115.1256,4.0398],[115.1216,4.0686],[115.0864,4.0995],[115.0211,4.1138],[114.9961,4.1044],[114.9884,4.0894],[114.927,4.1266],[114.8631,4.1279],[114.8282,4.1442],[114.7929,4.1329]]]}},{"type":"Feature","properties":{"c":"N.79","n":"Bukit Kota","w":"GPS","p":"PBB","cand":"Abdul Rahman bin Ismail","pct":78.8,"maj":4986,"nc":4,"tv":8190,"unc":false,"rw":"ALONE","rp":"PSB","rcand":"Rosli bin Amat","rpct":17.9},"geometry":{"type":"Polygon","coordinates":[[[115.0403,4.6192],[115.0514,4.6494],[115.039,4.6596],[115.0472,4.6668],[115.0334,4.6931],[115.0398,4.6944],[115.0289,4.7],[115.0388,4.7058],[115.0326,4.7128],[115.0425,4.7166],[115.0332,4.7227],[115.0432,4.7309],[115.0253,4.7347],[115.0315,4.7468],[115.022,4.7474],[115.0321,4.7531],[115.0318,4.7702],[115.0553,4.79],[115.0342,4.7973],[115.0267,4.8031],[115.0319,4.8108],[115.0223,4.8131],[115.029,4.8526],[115.0216,4.8576],[115.033,4.8744],[115.023,4.8781],[115.0253,4.8918],[115.0133,4.8922],[114.9887,4.8725],[114.9928,4.8562],[114.9712,4.8081],[114.8941,4.8185],[114.8643,4.8112],[114.8619,4.8194],[114.8463,4.8188],[114.8112,4.7367],[114.7737,4.7289],[114.7898,4.7211],[114.787,4.7121],[114.8341,4.7206],[114.8435,4.7111],[114.8462,4.7344],[114.8665,4.7357],[114.8646,4.7107],[114.8816,4.695],[114.8804,4.6761],[114.8971,4.6692],[114.904,4.6545],[114.9248,4.6663],[114.9284,4.6852],[114.939,4.6848],[114.9324,4.6615],[114.9583,4.6553],[114.945,4.6404],[114.9568,4.6206],[114.9537,4.6048],[115.013,4.5916],[115.0237,4.5711],[115.0403,4.6192]]]}},{"type":"Feature","properties":{"c":"N.80","n":"Batu Danau","w":"GPS","p":"PBB","cand":"Palu @ Paulus Palu anak Gumbang","pct":53.1,"maj":706,"nc":4,"tv":5702,"unc":false,"rw":"ALONE","rp":"PSB","rcand":"Ali anak Adap","rpct":40.8},"geometry":{"type":"Polygon","coordinates":[[[115.3261,4.2976],[115.2787,4.333],[115.2414,4.3434],[115.2381,4.3669],[115.1961,4.3621],[115.1451,4.3843],[115.1072,4.3727],[115.089,4.3877],[115.1013,4.4153],[115.0905,4.4337],[115.0953,4.4912],[115.0791,4.5071],[115.0846,4.5327],[115.0466,4.6178],[115.0368,4.6166],[115.0237,4.5711],[115.013,4.5916],[114.9537,4.6048],[114.9568,4.6206],[114.945,4.6404],[114.9583,4.6553],[114.9324,4.6615],[114.939,4.6848],[114.9284,4.6852],[114.9248,4.6663],[114.904,4.6545],[114.8971,4.6692],[114.8804,4.6761],[114.8816,4.695],[114.8646,4.7107],[114.8665,4.7357],[114.8462,4.7344],[114.8435,4.7111],[114.8341,4.7206],[114.787,4.7121],[114.7898,4.7211],[114.7737,4.7289],[114.7798,4.7117],[114.7733,4.6949],[114.7966,4.6681],[114.8054,4.5954],[114.8179,4.582],[114.8208,4.4619],[114.8411,4.4224],[114.8695,4.4296],[114.8838,4.4228],[114.869,4.3414],[114.8111,4.2582],[114.8148,4.2525],[114.8534,4.2775],[114.8278,4.2198],[114.7963,4.1782],[114.7904,4.16],[114.805,4.1619],[114.8049,4.1542],[114.7929,4.1329],[114.8282,4.1442],[114.8631,4.1279],[114.927,4.1266],[114.9884,4.0894],[114.9961,4.1044],[115.0211,4.1138],[115.0864,4.0995],[115.1216,4.0686],[115.1256,4.0398],[115.144,4.0381],[115.1583,4.0119],[115.1791,4.0047],[115.1621,3.9793],[115.1706,3.9777],[115.1793,3.943],[115.2278,3.9107],[115.2285,3.8988],[115.2538,3.8882],[115.2606,3.8357],[115.2674,3.8419],[115.2718,3.831],[115.3174,3.8305],[115.326,3.8215],[115.3119,3.7867],[115.3157,3.7971],[115.3645,3.784],[115.3989,3.8035],[115.4349,3.8084],[115.4544,3.7875],[115.4914,3.8226],[115.4911,3.8375],[115.5137,3.8639],[115.4951,3.8852],[115.5257,3.911],[115.5099,3.9155],[115.5164,3.9293],[115.5034,3.9415],[115.5017,3.9696],[115.5114,3.9787],[115.4813,3.9853],[115.4857,4.0151],[115.4974,4.0208],[115.4904,4.0359],[115.5074,4.0559],[115.5074,4.0703],[115.4941,4.0984],[115.4783,4.1021],[115.482,4.1185],[115.4633,4.1476],[115.4405,4.169],[115.4225,4.176],[115.4047,4.1636],[115.3783,4.1757],[115.3703,4.1633],[115.3412,4.1877],[115.3268,4.188],[115.3044,4.2182],[115.291,4.2192],[115.292,4.2436],[115.3261,4.2808],[115.3261,4.2976]]]}},{"type":"Feature","properties":{"c":"N.81","n":"Ba'kelalan","w":"PSB","p":"PSB","cand":"Baru Bian","pct":54.7,"maj":680,"nc":5,"tv":4916,"unc":false,"rw":"GPS","rp":"PDP","rcand":"Sam Laya","rpct":40.8},"geometry":{"type":"Polygon","coordinates":[[[115.5164,3.9293],[115.5378,3.9353],[115.5647,3.9186],[115.581,3.9415],[115.6162,3.9378],[115.6281,3.948],[115.6499,3.9883],[115.653,4.035],[115.6776,4.092],[115.6739,4.1149],[115.644,4.1226],[115.6478,4.1459],[115.6295,4.1667],[115.6421,4.1932],[115.6366,4.2395],[115.6712,4.2966],[115.6659,4.3257],[115.631,4.3506],[115.6128,4.3415],[115.6082,4.3603],[115.5871,4.3658],[115.5923,4.4284],[115.5595,4.4847],[115.5785,4.4988],[115.5809,4.5177],[115.5635,4.5512],[115.5707,4.5664],[115.5455,4.5929],[115.5653,4.6456],[115.6017,4.6774],[115.6333,4.7683],[115.6555,4.7852],[115.6521,4.8506],[115.641,4.8587],[115.6341,4.9083],[115.6216,4.9239],[115.6207,4.9654],[115.5931,4.9901],[115.5831,4.9871],[115.5816,4.9735],[115.5645,4.9679],[115.5718,4.9612],[115.5354,4.9503],[115.5421,4.9301],[115.5315,4.915],[115.4716,4.9091],[115.4548,4.8571],[115.4621,4.8285],[115.4436,4.814],[115.4246,4.8067],[115.4182,4.8193],[115.3745,4.8126],[115.3672,4.8464],[115.3462,4.8436],[115.312,4.8166],[115.2963,4.8166],[115.2748,4.7804],[115.2677,4.7786],[115.2627,4.801],[115.2695,4.8028],[115.2609,4.8095],[115.2349,4.8034],[115.2317,4.7637],[115.2554,4.7297],[115.2475,4.7001],[115.2657,4.681],[115.259,4.6549],[115.2809,4.6408],[115.2881,4.6171],[115.2679,4.5273],[115.2801,4.4734],[115.2723,4.4477],[115.3018,4.4008],[115.3335,4.3873],[115.3496,4.3518],[115.3636,4.3448],[115.3514,4.3175],[115.3261,4.2976],[115.3261,4.2808],[115.292,4.2436],[115.291,4.2192],[115.3044,4.2182],[115.3268,4.188],[115.3412,4.1877],[115.3703,4.1633],[115.3783,4.1757],[115.4098,4.1636],[115.4225,4.176],[115.4633,4.1476],[115.482,4.1185],[115.4783,4.1021],[115.4941,4.0984],[115.5074,4.0703],[115.5074,4.0559],[115.4904,4.0359],[115.4974,4.0208],[115.4857,4.0151],[115.4813,3.9853],[115.5114,3.9787],[115.5017,3.9696],[115.5034,3.9415],[115.5164,3.9293]]]}},{"type":"Feature","properties":{"c":"N.82","n":"Bukit Sari","w":"GPS","p":"PBB","cand":"Awang Tengah bin Ali Hasan","pct":87.5,"maj":5636,"nc":3,"tv":7299,"unc":false,"rw":"ALONE","rp":"PSB","rcand":"Alias bin Mail","rpct":10.3},"geometry":{"type":"Polygon","coordinates":[[[115.4474,4.9797],[115.4193,4.9758],[115.4036,4.9403],[115.3889,4.9418],[115.3959,4.9312],[115.3859,4.909],[115.3237,4.8904],[115.2872,4.9127],[115.2467,4.9149],[115.2233,4.9655],[115.1944,4.9659],[115.1952,4.9312],[115.1553,4.9106],[115.1598,4.8872],[115.1496,4.872],[115.1836,4.8668],[115.1903,4.8406],[115.2349,4.8034],[115.2609,4.8095],[115.2695,4.8028],[115.2627,4.801],[115.2677,4.7786],[115.2905,4.796],[115.2963,4.8166],[115.312,4.8166],[115.3462,4.8436],[115.3672,4.8464],[115.3745,4.8126],[115.4182,4.8193],[115.4246,4.8067],[115.4621,4.8285],[115.4548,4.8571],[115.4716,4.9091],[115.5315,4.915],[115.5421,4.9301],[115.5354,4.9503],[115.5718,4.9612],[115.5645,4.9679],[115.5816,4.9735],[115.5831,4.9871],[115.5091,4.9592],[115.4675,4.9642],[115.4474,4.9797]]]}}]}