{"type":"FeatureCollection","features":[{"type":"Feature","properties":{"c":"P.001","n":"Padang Besar","s":"Perlis","w":"PN","p":"PAS","cand":"Rushdan bin Rusmi","pct":53.6,"maj":12514,"nc":5,"tv":45288,"unc":false,"rw":"BN","rp":"UMNO","rcand":"Zahida binti Zarik Khan","rpct":26.0},"geometry":{"type":"Polygon","coordinates":[[[100.3671,6.5391],[100.3512,6.5729],[100.3452,6.5712],[100.3415,6.5803],[100.3255,6.5855],[100.3159,6.6041],[100.3052,6.6052],[100.3059,6.6111],[100.3259,6.6227],[100.3162,6.6366],[100.3273,6.6643],[100.3089,6.6666],[100.3022,6.6795],[100.2943,6.6798],[100.2914,6.7093],[100.265,6.6989],[100.2575,6.7111],[100.2379,6.6921],[100.2209,6.7],[100.2145,6.719],[100.2045,6.7258],[100.1858,6.7168],[100.1786,6.6965],[100.1715,6.6934],[100.1797,6.6809],[100.1813,6.6556],[100.1684,6.6476],[100.1661,6.6316],[100.1695,6.6092],[100.181,6.6017],[100.1784,6.5915],[100.1851,6.5782],[100.1763,6.5662],[100.1842,6.509],[100.2138,6.5005],[100.2108,6.4732],[100.2342,6.4565],[100.2411,6.4646],[100.2508,6.4592],[100.255,6.4661],[100.2579,6.4578],[100.2913,6.4563],[100.3117,6.4617],[100.3222,6.4726],[100.3624,6.481],[100.3707,6.5322],[100.3671,6.5391]]]}},{"type":"Feature","properties":{"c":"P.002","n":"Kangar","s":"Perlis","w":"PN","p":"BERSATU","cand":"Zakri Hassan","pct":43.7,"maj":9192,"nc":5,"tv":56200,"unc":false,"rw":"BN","rp":"UMNO","rcand":"Fathul Bari bin Mat Jahya","rpct":27.3},"geometry":{"type":"Polygon","coordinates":[[[100.1763,6.5662],[100.157,6.5795],[100.1546,6.5218],[100.1607,6.4929],[100.1544,6.4851],[100.1591,6.4807],[100.1456,6.4687],[100.148,6.4524],[100.1358,6.4445],[100.1336,6.4292],[100.1204,6.4226],[100.1433,6.3695],[100.1771,6.389],[100.1858,6.3706],[100.1972,6.3699],[100.1971,6.3772],[100.2032,6.3782],[100.1941,6.4055],[100.2042,6.4046],[100.2026,6.4302],[100.2283,6.4182],[100.2418,6.426],[100.2317,6.4354],[100.234,6.447],[100.241,6.4463],[100.2441,6.4531],[100.2362,6.453],[100.2108,6.4732],[100.2138,6.5005],[100.1842,6.509],[100.1763,6.5662]]]}},{"type":"Feature","properties":{"c":"P.003","n":"Arau","s":"Perlis","w":"PN","p":"PAS","cand":"Shahidan bin Kassim","pct":67.2,"maj":23216,"nc":3,"tv":46789,"unc":false,"rw":"BN","rp":"UMNO","rcand":"Rozabil bin Abdul Rahman","rpct":17.6},"geometry":{"type":"MultiPolygon","coordinates":[[[[100.2352,6.4577],[100.2441,6.4531],[100.241,6.4463],[100.234,6.447],[100.2317,6.4354],[100.2314,6.4303],[100.2409,6.4288],[100.2384,6.4222],[100.2283,6.4182],[100.2026,6.4302],[100.2042,6.4046],[100.1941,6.4055],[100.2032,6.3782],[100.1971,6.3772],[100.1972,6.3699],[100.1858,6.3706],[100.1778,6.389],[100.1593,6.3744],[100.1413,6.3701],[100.1685,6.2946],[100.192,6.2533],[100.2018,6.2659],[100.2041,6.289],[100.2275,6.3171],[100.2795,6.3695],[100.3063,6.4089],[100.363,6.4533],[100.366,6.483],[100.3222,6.4726],[100.3117,6.4617],[100.2913,6.4563],[100.2579,6.4578],[100.255,6.4661],[100.2508,6.4592],[100.2411,6.4646],[100.2352,6.4577]]]]}},{"type":"Feature","properties":{"c":"P.004","n":"Langkawi","s":"Kedah","w":"PN","p":"BERSATU","cand":"Mohd Suhaimi bin Abdullah","pct":53.6,"maj":13518,"nc":5,"tv":47480,"unc":false,"rw":"BN","rp":"UMNO","rcand":"Armishah bin Siraj (Das)","rpct":25.2},"geometry":{"type":"MultiPolygon","coordinates":[[[[99.7337,6.2273],[99.721,6.2078],[99.7277,6.189],[99.7243,6.1789],[99.7294,6.19],[99.7428,6.1863],[99.7486,6.1953],[99.7379,6.2045],[99.7515,6.2153],[99.7503,6.2219],[99.7413,6.2294],[99.7337,6.2204],[99.7337,6.2273]]],[[[99.7196,6.2294],[99.7107,6.2342],[99.715,6.2153],[99.722,6.2213],[99.7196,6.2294]]],[[[99.7923,6.1792],[99.801,6.1896],[99.8044,6.1711],[99.8141,6.1706],[99.8281,6.195],[99.8267,6.2108],[99.8353,6.2175],[99.8257,6.2155],[99.818,6.24],[99.8261,6.2718],[99.8403,6.2759],[99.8411,6.2949],[99.8264,6.2904],[99.8223,6.2782],[99.7985,6.2717],[99.7925,6.2401],[99.7818,6.2273],[99.7712,6.2303],[99.7694,6.2166],[99.7763,6.2154],[99.7723,6.2071],[99.7756,6.2042],[99.781,6.2111],[99.7897,6.1908],[99.7879,6.1782],[99.7923,6.1792]]],[[[99.8316,6.2584],[99.8222,6.2424],[99.823,6.227],[99.8278,6.2188],[99.8523,6.2257],[99.8544,6.2133],[99.8646,6.2344],[99.8554,6.2416],[99.8604,6.2522],[99.8457,6.269],[99.8316,6.2584]]],[[[99.8899,6.3137],[99.8846,6.3105],[99.9119,6.3104],[99.9212,6.2944],[99.928,6.317],[99.932,6.313],[99.9377,6.319],[99.9272,6.3248],[99.8899,6.3137]]],[[[99.7017,6.2941],[99.7037,6.3035],[99.6937,6.3038],[99.6865,6.2926],[99.7017,6.2941]]],[[[99.7129,6.3611],[99.7226,6.3266],[99.7135,6.3104],[99.7287,6.2842],[99.7272,6.2623],[99.7351,6.2588],[99.7353,6.2664],[99.75,6.2698],[99.7514,6.281],[99.7585,6.2853],[99.7745,6.2805],[99.8,6.3048],[99.8067,6.3206],[99.8402,6.3254],[99.8496,6.3193],[99.852,6.2987],[99.8628,6.2947],[99.8627,6.3081],[99.8742,6.3059],[99.8834,6.3212],[99.9146,6.3361],[99.8995,6.3647],[99.9068,6.3699],[99.9102,6.3929],[99.8926,6.3821],[99.8996,6.3899],[99.8949,6.3908],[99.8974,6.4034],[99.8742,6.4286],[99.8536,6.4365],[99.8583,6.4516],[99.8481,6.4693],[99.8335,6.4698],[99.8253,6.4776],[99.8196,6.4645],[99.8245,6.4693],[99.8283,6.4621],[99.8414,6.4619],[99.8455,6.4447],[99.8304,6.4557],[99.8237,6.4516],[99.8287,6.4601],[99.819,6.4519],[99.8144,6.4556],[99.7926,6.4247],[99.7756,6.4213],[99.7685,6.4281],[99.7583,6.4222],[99.7478,6.4308],[99.7279,6.4013],[99.7323,6.4321],[99.6774,6.4365],[99.6673,6.426],[99.6627,6.4342],[99.6422,6.4367],[99.6423,6.3945],[99.6506,6.3659],[99.672,6.3625],[99.6841,6.3644],[99.6831,6.3691],[99.6841,6.3591],[99.6929,6.3552],[99.7129,6.3611]]],[[[99.8956,6.4416],[99.8888,6.455],[99.8795,6.4373],[99.904,6.4146],[99.9082,6.4208],[99.8956,6.4416]]]]}},{"type":"Feature","properties":{"c":"P.005","n":"Jerlun","s":"Kedah","w":"PN","p":"PAS","cand":"Abdul Ghani bin Ahmad","pct":60.7,"maj":20456,"nc":4,"tv":52207,"unc":false,"rw":"BN","rp":"UMNO","rcand":"Othman bin Aziz","rpct":21.5},"geometry":{"type":"Polygon","coordinates":[[[100.1943,6.2505],[100.2356,6.2205],[100.2587,6.1832],[100.2874,6.2059],[100.2914,6.2244],[100.2857,6.2258],[100.3523,6.2343],[100.3683,6.2201],[100.3541,6.2925],[100.3371,6.2875],[100.3375,6.3147],[100.3418,6.3019],[100.3523,6.3024],[100.3495,6.316],[100.3824,6.3138],[100.3797,6.3237],[100.3879,6.3263],[100.3863,6.3365],[100.3938,6.3378],[100.3818,6.3634],[100.388,6.3755],[100.3943,6.3755],[100.3877,6.3863],[100.3845,6.382],[100.3838,6.3962],[100.3942,6.4027],[100.3857,6.4028],[100.3647,6.4228],[100.3653,6.4539],[100.3063,6.4089],[100.2795,6.3695],[100.2275,6.3171],[100.2041,6.289],[100.1943,6.2505]]]}},{"type":"Feature","properties":{"c":"P.006","n":"Kubang Pasu","s":"Kedah","w":"PN","p":"BERSATU","cand":"Ku Abd Rahman bin Ku Ismail","pct":57.1,"maj":31584,"nc":4,"tv":83402,"unc":false,"rw":"PH","rp":"PKR","rcand":"Aizuddin bin Ariffin","rpct":19.2},"geometry":{"type":"Polygon","coordinates":[[[100.366,6.483],[100.364,6.4244],[100.3857,6.4028],[100.3942,6.4027],[100.3838,6.3962],[100.3845,6.382],[100.3877,6.3863],[100.3943,6.3755],[100.388,6.3755],[100.3818,6.3634],[100.3938,6.3378],[100.3863,6.3365],[100.3879,6.3263],[100.3797,6.3237],[100.3824,6.3138],[100.3495,6.316],[100.3523,6.3024],[100.3418,6.3019],[100.3375,6.3147],[100.3371,6.2875],[100.3541,6.2925],[100.373,6.2159],[100.4029,6.214],[100.4015,6.2085],[100.4231,6.2027],[100.4372,6.2098],[100.4369,6.2189],[100.475,6.2132],[100.4737,6.2398],[100.4827,6.2375],[100.4813,6.2445],[100.4938,6.2564],[100.5024,6.2499],[100.5078,6.2582],[100.5255,6.2649],[100.5225,6.2752],[100.532,6.2977],[100.512,6.3214],[100.5143,6.3289],[100.5053,6.3464],[100.5185,6.3644],[100.5194,6.3803],[100.5652,6.3955],[100.5699,6.4038],[100.5637,6.4126],[100.5714,6.4291],[100.5821,6.4358],[100.5954,6.4324],[100.5937,6.448],[100.6072,6.471],[100.6023,6.4684],[100.5938,6.4778],[100.5732,6.4826],[100.5625,6.496],[100.5483,6.4845],[100.5421,6.4912],[100.5188,6.4886],[100.4938,6.5086],[100.4953,6.522],[100.4902,6.5255],[100.4705,6.5204],[100.4563,6.5311],[100.4207,6.5179],[100.4029,6.5295],[100.4021,6.5363],[100.3882,6.5349],[100.3732,6.5451],[100.3671,6.5391],[100.366,6.483]]]}},{"type":"Feature","properties":{"c":"P.007","n":"Padang Terap","s":"Kedah","w":"PN","p":"PAS","cand":"Nurul Amin bin Ahmad","pct":58.0,"maj":10959,"nc":4,"tv":48629,"unc":false,"rw":"BN","rp":"UMNO","rcand":"Mahdzir bin Khalid","rpct":35.5},"geometry":{"type":"Polygon","coordinates":[[[100.5141,6.2581],[100.5467,6.1925],[100.5669,6.217],[100.5907,6.2174],[100.6061,6.1777],[100.5981,6.1637],[100.6199,6.1581],[100.6345,6.1408],[100.6419,6.14],[100.6389,6.1252],[100.6478,6.1054],[100.6391,6.0749],[100.6435,6.0607],[100.6525,6.056],[100.6582,6.0296],[100.6827,6.0176],[100.7011,6.0],[100.6851,5.9759],[100.7008,5.9694],[100.7027,5.9594],[100.7109,5.9634],[100.7176,5.9575],[100.7174,5.975],[100.736,5.9843],[100.7386,5.994],[100.7283,6.0032],[100.7373,6.0386],[100.7428,6.0295],[100.7543,6.0322],[100.7521,6.0447],[100.7665,6.0532],[100.7659,6.0595],[100.7768,6.0509],[100.7759,6.0607],[100.7855,6.0594],[100.7827,6.0699],[100.7897,6.0711],[100.793,6.0816],[100.7885,6.0938],[100.807,6.1133],[100.8059,6.1574],[100.8341,6.1512],[100.8578,6.1568],[100.8589,6.2188],[100.8347,6.2888],[100.8486,6.3154],[100.8218,6.3565],[100.8234,6.4081],[100.8107,6.4444],[100.7887,6.4498],[100.7765,6.463],[100.769,6.4553],[100.7532,6.4578],[100.743,6.4712],[100.7386,6.5102],[100.7122,6.4818],[100.7088,6.4701],[100.6977,6.4708],[100.6976,6.4661],[100.6865,6.4649],[100.6847,6.4537],[100.6617,6.4506],[100.6526,6.4426],[100.6425,6.4496],[100.6464,6.4583],[100.6181,6.4597],[100.6072,6.471],[100.5937,6.448],[100.5954,6.4324],[100.5821,6.4358],[100.5714,6.4291],[100.5637,6.4126],[100.5699,6.4038],[100.5652,6.3955],[100.5194,6.3803],[100.5185,6.3644],[100.5061,6.351],[100.512,6.3214],[100.532,6.2977],[100.5225,6.2752],[100.5255,6.2649],[100.5141,6.2581]]]}},{"type":"Feature","properties":{"c":"P.008","n":"Pokok Sena","s":"Kedah","w":"PN","p":"PAS","cand":"Ahmad bin Yahaya","pct":59.4,"maj":31751,"nc":4,"tv":87944,"unc":false,"rw":"PH","rp":"AMANAH","rcand":"Mahfuz bin Omar","rpct":23.3},"geometry":{"type":"Polygon","coordinates":[[[100.4015,6.2085],[100.4008,6.1843],[100.3867,6.1718],[100.3925,6.1489],[100.3876,6.1412],[100.3842,6.147],[100.383,6.1374],[100.3723,6.1277],[100.3848,6.1203],[100.3838,6.1016],[100.3896,6.1013],[100.3894,6.1122],[100.4049,6.1108],[100.4147,6.1232],[100.4132,6.1308],[100.422,6.1326],[100.4213,6.1282],[100.4336,6.1287],[100.4352,6.1192],[100.4441,6.1207],[100.4452,6.1086],[100.4541,6.1048],[100.4626,6.0836],[100.474,6.0875],[100.4883,6.0814],[100.4923,6.0866],[100.5192,6.0777],[100.5453,6.1084],[100.556,6.1052],[100.5702,6.1121],[100.5869,6.107],[100.6048,6.1113],[100.6097,6.1228],[100.6358,6.1116],[100.6429,6.1142],[100.6419,6.14],[100.6345,6.1408],[100.6199,6.1581],[100.5981,6.1637],[100.6061,6.1777],[100.5907,6.2174],[100.5669,6.217],[100.5467,6.1925],[100.5141,6.2581],[100.5024,6.2499],[100.4938,6.2564],[100.4813,6.2445],[100.4827,6.2375],[100.4737,6.2398],[100.475,6.2132],[100.4634,6.212],[100.459,6.2194],[100.4548,6.213],[100.4426,6.2194],[100.4417,6.2151],[100.4353,6.2182],[100.4372,6.2098],[100.4301,6.2037],[100.4015,6.2085]]]}},{"type":"Feature","properties":{"c":"P.009","n":"Alor Setar","s":"Kedah","w":"PN","p":"PAS","cand":"Afnan Hamimi bin Taib Azamudden","pct":48.7,"maj":9931,"nc":7,"tv":76986,"unc":false,"rw":"PH","rp":"PKR","rcand":"Simon Ooi Tze Min","rpct":35.8},"geometry":{"type":"Polygon","coordinates":[[[100.3894,6.1668],[100.3832,6.1624],[100.3826,6.1681],[100.3583,6.1808],[100.3425,6.1578],[100.3627,6.1432],[100.3585,6.1351],[100.3512,6.1329],[100.3362,6.1441],[100.3239,6.1321],[100.3217,6.1183],[100.3325,6.122],[100.3333,6.115],[100.342,6.1133],[100.3529,6.1195],[100.3586,6.1079],[100.3678,6.1087],[100.3661,6.08],[100.3788,6.0436],[100.4453,6.0435],[100.4619,6.0541],[100.469,6.0681],[100.4653,6.0755],[100.4783,6.0831],[100.474,6.0875],[100.4626,6.0836],[100.4541,6.1048],[100.4452,6.1086],[100.4441,6.1207],[100.4352,6.1192],[100.4336,6.1287],[100.4213,6.1282],[100.422,6.1326],[100.4132,6.1308],[100.4147,6.1232],[100.4049,6.1108],[100.3894,6.1122],[100.3896,6.1013],[100.3838,6.1016],[100.3848,6.1203],[100.3723,6.1277],[100.383,6.1374],[100.3842,6.147],[100.3876,6.1412],[100.3925,6.1489],[100.3894,6.1668]]]}},{"type":"Feature","properties":{"c":"P.010","n":"Kuala Kedah","s":"Kedah","w":"PN","p":"PAS","cand":"Ahmad Fakhruddin bin Fakhrurazi","pct":56.0,"maj":28061,"nc":5,"tv":100475,"unc":false,"rw":"PH","rp":"PKR","rcand":"Azman bin Ismail","rpct":28.1},"geometry":{"type":"Polygon","coordinates":[[[100.2587,6.1832],[100.2773,6.1356],[100.2843,6.0966],[100.3269,6.0455],[100.3484,5.9758],[100.365,5.9703],[100.3892,5.9799],[100.3915,5.9721],[100.4124,5.9725],[100.3891,6.0464],[100.3788,6.0436],[100.3661,6.08],[100.3678,6.1087],[100.3586,6.1079],[100.3529,6.1195],[100.342,6.1133],[100.3333,6.115],[100.335,6.1209],[100.3207,6.1219],[100.3362,6.1441],[100.3512,6.1329],[100.3585,6.1351],[100.3627,6.1432],[100.3425,6.1578],[100.3583,6.1808],[100.3826,6.1681],[100.3832,6.1624],[100.3894,6.1668],[100.3867,6.1718],[100.4008,6.1843],[100.4029,6.214],[100.373,6.2159],[100.3523,6.2343],[100.2857,6.2258],[100.2914,6.2244],[100.2874,6.2059],[100.2587,6.1832]]]}},{"type":"Feature","properties":{"c":"P.011","n":"Pendang","s":"Kedah","w":"PN","p":"PAS","cand":"Awang Solahuddin bin Hashim","pct":64.8,"maj":31289,"nc":4,"tv":75594,"unc":false,"rw":"BN","rp":"UMNO","rcand":"Suraya binti Yaacob","rpct":23.4},"geometry":{"type":"Polygon","coordinates":[[[100.6429,6.1142],[100.6358,6.1116],[100.6097,6.1228],[100.6048,6.1113],[100.5869,6.107],[100.5702,6.1121],[100.556,6.1052],[100.5453,6.1084],[100.5192,6.0777],[100.4923,6.0866],[100.4679,6.0772],[100.4642,6.0575],[100.4453,6.0435],[100.3895,6.0453],[100.4124,5.9725],[100.4295,5.9671],[100.4565,5.9224],[100.4555,5.9011],[100.4504,5.899],[100.4656,5.8695],[100.4761,5.8713],[100.4799,5.8634],[100.4925,5.8607],[100.493,5.869],[100.5211,5.8725],[100.5212,5.8648],[100.5542,5.8558],[100.5655,5.8461],[100.6035,5.8408],[100.6161,5.8714],[100.6082,5.8771],[100.612,5.8905],[100.6292,5.9082],[100.6326,5.9225],[100.6417,5.9226],[100.6575,5.957],[100.6888,5.9781],[100.7011,5.9972],[100.6827,6.0176],[100.6582,6.0296],[100.6525,6.056],[100.6435,6.0607],[100.6391,6.0749],[100.6478,6.1054],[100.6429,6.1142]]]}},{"type":"Feature","properties":{"c":"P.012","n":"Jerai","s":"Kedah","w":"PN","p":"PAS","cand":"Sabri bin Azit","pct":60.1,"maj":33192,"nc":4,"tv":82293,"unc":false,"rw":"BN","rp":"UMNO","rcand":"Jamil Khir bin Baharom","rpct":19.8},"geometry":{"type":"Polygon","coordinates":[[[100.35,5.9738],[100.3547,5.8788],[100.3613,5.8681],[100.3686,5.8137],[100.3672,5.7716],[100.3577,5.7497],[100.3625,5.7413],[100.3553,5.7195],[100.3939,5.7193],[100.4053,5.7615],[100.4365,5.7874],[100.4555,5.7704],[100.458,5.7579],[100.4493,5.732],[100.4604,5.7285],[100.4737,5.7352],[100.4753,5.7301],[100.4977,5.7457],[100.5004,5.7395],[100.5087,5.74],[100.5081,5.7194],[100.5234,5.7304],[100.5199,5.747],[100.5526,5.7588],[100.5489,5.7687],[100.5542,5.7737],[100.5893,5.7744],[100.5918,5.7645],[100.6252,5.7769],[100.6235,5.7911],[100.6093,5.7994],[100.6334,5.8144],[100.6271,5.8283],[100.6054,5.8255],[100.6035,5.8408],[100.5655,5.8461],[100.5542,5.8558],[100.5212,5.8648],[100.5211,5.8725],[100.493,5.869],[100.4925,5.8607],[100.4799,5.8634],[100.4761,5.8713],[100.4656,5.8695],[100.4504,5.899],[100.4555,5.9011],[100.4565,5.9224],[100.4295,5.9671],[100.3915,5.9721],[100.3892,5.9799],[100.365,5.9703],[100.35,5.9738]]]}},{"type":"Feature","properties":{"c":"P.013","n":"Sik","s":"Kedah","w":"PN","p":"PAS","cand":"Ahmad Tarmizi bin Sulaiman","pct":67.6,"maj":21787,"nc":3,"tv":51161,"unc":false,"rw":"BN","rp":"UMNO","rcand":"Maizatul Akmam binti Othman @Ibrahim","rpct":25.1},"geometry":{"type":"Polygon","coordinates":[[[100.6851,5.9759],[100.6575,5.957],[100.6417,5.9226],[100.6326,5.9225],[100.6292,5.9082],[100.612,5.8905],[100.6082,5.8771],[100.6161,5.8714],[100.6032,5.8363],[100.6054,5.8255],[100.6271,5.8283],[100.6334,5.8144],[100.6236,5.8057],[100.6344,5.7973],[100.6335,5.7875],[100.6498,5.7891],[100.6487,5.7728],[100.6594,5.7655],[100.6522,5.7461],[100.6555,5.7392],[100.6619,5.7447],[100.6695,5.7341],[100.6632,5.7229],[100.6734,5.7128],[100.6689,5.708],[100.682,5.6912],[100.6996,5.6831],[100.7009,5.6945],[100.7175,5.692],[100.7152,5.7036],[100.7256,5.707],[100.7261,5.7022],[100.7453,5.7186],[100.7663,5.7183],[100.7855,5.71],[100.801,5.721],[100.8168,5.7152],[100.8309,5.7195],[100.8428,5.71],[100.8561,5.7227],[100.8634,5.7189],[100.8612,5.7027],[100.8691,5.6938],[100.868,5.7168],[100.8838,5.7142],[100.8887,5.7333],[100.8721,5.7347],[100.8768,5.7363],[100.8706,5.7454],[100.8746,5.7484],[100.8581,5.7676],[100.8759,5.7825],[100.8797,5.7938],[100.8818,5.8059],[100.8747,5.8119],[100.8807,5.8242],[100.8734,5.8301],[100.8902,5.8653],[100.884,5.8837],[100.8949,5.8963],[100.8999,5.9165],[100.8872,5.9283],[100.8967,5.9345],[100.8933,5.94],[100.8895,5.937],[100.885,5.9496],[100.8906,5.9449],[100.8654,5.9829],[100.8724,5.9874],[100.8713,5.9945],[100.9594,6.0396],[100.9838,6.0325],[100.9822,6.0387],[100.998,6.0445],[101.1003,6.0518],[101.1111,6.0666],[101.1145,6.0925],[101.1261,6.0951],[101.1262,6.1071],[101.1184,6.1146],[101.1059,6.1134],[101.1048,6.1241],[101.089,6.1343],[101.0617,6.1402],[101.0589,6.1459],[101.0858,6.179],[101.1091,6.18],[101.1264,6.1927],[101.1151,6.2041],[101.1186,6.2127],[101.1046,6.2393],[101.1119,6.2516],[101.095,6.2604],[101.0749,6.2554],[101.0638,6.2593],[101.0316,6.2443],[101.0153,6.2467],[101.0102,6.2558],[100.9895,6.266],[100.9835,6.2781],[100.9681,6.283],[100.9656,6.2723],[100.9469,6.2635],[100.9447,6.2433],[100.9175,6.2479],[100.9034,6.2335],[100.8709,6.264],[100.866,6.2446],[100.8704,6.2406],[100.8539,6.2288],[100.8589,6.2188],[100.8578,6.1568],[100.8341,6.1512],[100.8059,6.1574],[100.807,6.1133],[100.7885,6.0938],[100.793,6.0816],[100.7897,6.0711],[100.7827,6.0699],[100.7855,6.0594],[100.7759,6.0607],[100.7768,6.0509],[100.7659,6.0595],[100.7665,6.0532],[100.7521,6.0447],[100.7543,6.0322],[100.7428,6.0295],[100.7398,6.0387],[100.7362,6.0363],[100.7283,6.0032],[100.7336,6.0021],[100.731,5.9955],[100.7383,5.9965],[100.736,5.9843],[100.7174,5.975],[100.7176,5.9575],[100.7109,5.9634],[100.7027,5.9594],[100.7008,5.9694],[100.6851,5.9759]]]}},{"type":"Feature","properties":{"c":"P.014","n":"Merbok","s":"Kedah","w":"PN","p":"BERSATU","cand":"Mohd Nazri bin Abu Hassan","pct":51.3,"maj":21019,"nc":5,"tv":102544,"unc":false,"rw":"PH","rp":"PKR","rcand":"Nur Azrina binti Surip (Nurin Aina)","rpct":30.8},"geometry":{"type":"Polygon","coordinates":[[[100.3553,5.7195],[100.3539,5.6923],[100.384,5.6628],[100.4021,5.6547],[100.4065,5.6333],[100.4219,5.6429],[100.4389,5.6371],[100.446,5.6471],[100.4655,5.6426],[100.466,5.6491],[100.4774,5.648],[100.4749,5.6589],[100.4818,5.6463],[100.4889,5.6458],[100.488,5.6542],[100.4925,5.6542],[100.4913,5.646],[100.4983,5.6448],[100.5276,5.6577],[100.5273,5.6458],[100.5192,5.6429],[100.5556,5.6369],[100.5617,5.6309],[100.5596,5.6239],[100.571,5.6204],[100.5723,5.6003],[100.6145,5.5874],[100.6159,5.5979],[100.6325,5.5997],[100.6229,5.6115],[100.6437,5.6109],[100.645,5.6182],[100.6488,5.6112],[100.6567,5.6153],[100.6641,5.6351],[100.6592,5.6376],[100.6642,5.6406],[100.6624,5.6595],[100.6714,5.6662],[100.6608,5.6738],[100.6614,5.6918],[100.6466,5.6963],[100.6536,5.701],[100.6502,5.7271],[100.658,5.7356],[100.6522,5.7461],[100.6594,5.7655],[100.6487,5.7728],[100.6498,5.7891],[100.6335,5.7875],[100.6344,5.7973],[100.6239,5.804],[100.6093,5.7994],[100.628,5.7822],[100.6198,5.7727],[100.5918,5.7645],[100.5893,5.7744],[100.5542,5.7737],[100.5489,5.7687],[100.5526,5.7588],[100.5199,5.747],[100.5234,5.7304],[100.5126,5.7195],[100.5057,5.7232],[100.5122,5.7304],[100.5087,5.74],[100.5004,5.7395],[100.4977,5.7457],[100.4753,5.7301],[100.4737,5.7352],[100.4604,5.7285],[100.4493,5.732],[100.458,5.7579],[100.4555,5.7704],[100.4365,5.7874],[100.4053,5.7615],[100.3939,5.7193],[100.3553,5.7195]]]}},{"type":"Feature","properties":{"c":"P.015","n":"Sungai Petani","s":"Kedah","w":"PH","p":"PKR","cand":"Taufiq bin Johari","pct":38.9,"maj":1115,"nc":5,"tv":130004,"unc":false,"rw":"PN","rp":"BERSATU","rcand":"Robert Ling Kui Ee","rpct":38.0},"geometry":{"type":"Polygon","coordinates":[[[100.3726,5.6743],[100.3571,5.6641],[100.3435,5.6735],[100.3324,5.6615],[100.3418,5.6326],[100.34,5.5774],[100.3612,5.5735],[100.3702,5.5852],[100.3793,5.5796],[100.3837,5.5849],[100.4098,5.5663],[100.4317,5.5654],[100.4334,5.5607],[100.443,5.5672],[100.4479,5.5608],[100.4539,5.5677],[100.4853,5.5609],[100.4871,5.5701],[100.5048,5.5671],[100.509,5.559],[100.5223,5.559],[100.5257,5.5494],[100.5406,5.5647],[100.5435,5.5499],[100.5532,5.5512],[100.559,5.5425],[100.5555,5.5363],[100.5653,5.5356],[100.5674,5.5292],[100.5749,5.5314],[100.5727,5.5392],[100.5948,5.5446],[100.5984,5.5545],[100.6032,5.5495],[100.6048,5.5639],[100.6112,5.5607],[100.6143,5.5694],[100.6088,5.5754],[100.6145,5.5874],[100.5723,5.6003],[100.571,5.6204],[100.5596,5.6239],[100.5617,5.6309],[100.5556,5.6369],[100.5192,5.6429],[100.5273,5.6458],[100.5276,5.6577],[100.4983,5.6448],[100.4913,5.646],[100.4925,5.6542],[100.488,5.6542],[100.4889,5.6458],[100.4818,5.6463],[100.4749,5.6589],[100.4774,5.648],[100.466,5.6491],[100.4655,5.6426],[100.446,5.6471],[100.4389,5.6371],[100.4219,5.6429],[100.4065,5.6333],[100.4021,5.6547],[100.3726,5.6743]]]}},{"type":"Feature","properties":{"c":"P.016","n":"Baling","s":"Kedah","w":"PN","p":"PAS","cand":"Hassan bin Saad","pct":59.1,"maj":29137,"nc":4,"tv":109064,"unc":false,"rw":"BN","rp":"UMNO","rcand":"Abdul Azeez bin Abdul Rahim","rpct":32.4},"geometry":{"type":"Polygon","coordinates":[[[100.6555,5.7392],[100.6502,5.7271],[100.6536,5.701],[100.6466,5.6963],[100.6614,5.6918],[100.6608,5.6738],[100.6714,5.6693],[100.6595,5.6484],[100.6633,5.6314],[100.6517,5.611],[100.645,5.6182],[100.6437,5.6109],[100.6229,5.6115],[100.6325,5.5997],[100.6159,5.5979],[100.6088,5.5754],[100.6143,5.5694],[100.6112,5.5607],[100.6048,5.5639],[100.6034,5.5487],[100.6114,5.5482],[100.6161,5.5583],[100.6372,5.5658],[100.6435,5.5636],[100.6466,5.5501],[100.6788,5.5436],[100.6889,5.5128],[100.7075,5.4938],[100.7069,5.479],[100.6971,5.4691],[100.6993,5.4531],[100.7077,5.4506],[100.7077,5.4407],[100.7239,5.4391],[100.7281,5.4141],[100.7529,5.4045],[100.7544,5.3987],[100.7562,5.4039],[100.7907,5.4117],[100.808,5.3911],[100.8144,5.3912],[100.8674,5.4401],[100.8672,5.4682],[100.8848,5.484],[100.8825,5.4924],[100.8932,5.4977],[100.9034,5.4908],[100.9174,5.4951],[100.9342,5.5191],[100.9414,5.5535],[100.9342,5.5718],[100.9448,5.58],[100.9408,5.5902],[100.9224,5.6022],[100.9239,5.6171],[100.9472,5.628],[100.9385,5.6472],[100.9576,5.6421],[100.9664,5.6485],[100.9672,5.6744],[100.9756,5.6843],[100.9785,5.7182],[100.9836,5.7223],[100.9649,5.7281],[100.9485,5.7434],[100.9503,5.7543],[100.941,5.7635],[100.9624,5.7759],[100.9799,5.7728],[100.9912,5.7834],[100.9834,5.8083],[101.0118,5.8383],[101.0061,5.8517],[101.009,5.8744],[101.0288,5.9006],[101.0258,5.913],[101.0371,5.918],[101.0513,5.9102],[101.0619,5.9199],[101.0867,5.9113],[101.0877,5.9259],[101.0995,5.9433],[101.095,5.9507],[101.1134,5.9598],[101.1243,5.9772],[101.1069,5.9907],[101.1124,6.0093],[101.1077,6.028],[101.1137,6.0396],[101.1003,6.0518],[100.998,6.0445],[100.9822,6.0387],[100.9838,6.0325],[100.9594,6.0396],[100.8713,5.9945],[100.8656,5.9798],[100.878,5.9676],[100.8895,5.937],[100.8933,5.94],[100.8967,5.9345],[100.8872,5.9283],[100.8927,5.9284],[100.8999,5.9129],[100.884,5.8837],[100.8902,5.8653],[100.8734,5.8301],[100.8807,5.8242],[100.8747,5.8119],[100.8818,5.8059],[100.8797,5.7938],[100.8759,5.7825],[100.8581,5.7676],[100.8746,5.7484],[100.8706,5.7454],[100.8768,5.7363],[100.8721,5.7347],[100.8887,5.7333],[100.8838,5.7142],[100.868,5.7168],[100.8691,5.6938],[100.8612,5.7027],[100.8634,5.7189],[100.8561,5.7227],[100.8428,5.71],[100.8309,5.7195],[100.8168,5.7152],[100.801,5.721],[100.7855,5.71],[100.7663,5.7183],[100.7453,5.7186],[100.7261,5.7022],[100.7256,5.707],[100.7152,5.7036],[100.7175,5.692],[100.7009,5.6945],[100.6979,5.683],[100.6775,5.6956],[100.6689,5.708],[100.6734,5.7128],[100.6632,5.7229],[100.6695,5.7341],[100.6619,5.7447],[100.6555,5.7392]]]}},{"type":"Feature","properties":{"c":"P.017","n":"Padang Serai","s":"Kedah","w":"PN","p":"BERSATU","cand":"Azman bin Nasrudin","pct":56.5,"maj":16260,"nc":6,"tv":91416,"unc":false,"rw":"PH","rp":"PKR","rcand":"Mohamad Sofee bin Razak","rpct":38.7},"geometry":{"type":"Polygon","coordinates":[[[100.5247,5.3627],[100.543,5.3631],[100.551,5.3733],[100.5639,5.3762],[100.5805,5.3715],[100.5804,5.3631],[100.5882,5.3681],[100.5906,5.3631],[100.6052,5.3644],[100.6145,5.374],[100.6146,5.3681],[100.6278,5.3683],[100.6278,5.3955],[100.6374,5.3952],[100.6486,5.4143],[100.644,5.4213],[100.6483,5.4275],[100.6584,5.4249],[100.6628,5.4132],[100.6657,5.4245],[100.683,5.4139],[100.7099,5.4162],[100.7077,5.4506],[100.7002,5.4514],[100.6971,5.4649],[100.7069,5.479],[100.7075,5.4938],[100.6889,5.5128],[100.6788,5.5436],[100.6466,5.5501],[100.6435,5.5636],[100.6372,5.5658],[100.6161,5.5583],[100.6114,5.5482],[100.5984,5.5545],[100.5948,5.5446],[100.5727,5.5392],[100.5749,5.5314],[100.5674,5.5292],[100.5653,5.5356],[100.5555,5.5363],[100.559,5.5425],[100.5532,5.5512],[100.5435,5.5499],[100.5421,5.5639],[100.5292,5.5562],[100.5247,5.3627]]]}},{"type":"Feature","properties":{"c":"P.018","n":"Kulim-Bandar Baharu","s":"Kedah","w":"PN","p":"BERSATU","cand":"Roslan bin Hashim","pct":49.0,"maj":13061,"nc":4,"tv":70340,"unc":false,"rw":"PH","rp":"PKR","rcand":"Saifuddin Nasution bin Ismail","rpct":30.4},"geometry":{"type":"Polygon","coordinates":[[[100.5247,5.3627],[100.5507,5.1428],[100.5391,5.1377],[100.5072,5.1451],[100.4921,5.1328],[100.4994,5.1182],[100.5093,5.1263],[100.5193,5.1161],[100.5115,5.1113],[100.5121,5.0955],[100.5358,5.0872],[100.5358,5.0939],[100.5429,5.096],[100.5452,5.0881],[100.5544,5.0905],[100.5515,5.0765],[100.585,5.0973],[100.5893,5.1211],[100.6048,5.127],[100.6062,5.1331],[100.619,5.1326],[100.6288,5.1643],[100.6466,5.1724],[100.6515,5.1835],[100.661,5.1817],[100.679,5.2193],[100.6867,5.2218],[100.691,5.2455],[100.7305,5.2677],[100.7348,5.312],[100.7511,5.3197],[100.783,5.3145],[100.7862,5.3233],[100.8186,5.3209],[100.822,5.3322],[100.8487,5.3516],[100.848,5.379],[100.8609,5.3989],[100.8532,5.4069],[100.8649,5.422],[100.8674,5.4401],[100.8462,5.4154],[100.8109,5.3898],[100.7907,5.4117],[100.7562,5.4039],[100.7544,5.3987],[100.7345,5.4153],[100.7297,5.4126],[100.7208,5.4431],[100.7077,5.4407],[100.7067,5.4252],[100.7134,5.4227],[100.7099,5.4162],[100.683,5.4139],[100.6657,5.4245],[100.6628,5.4132],[100.6584,5.4249],[100.6483,5.4275],[100.644,5.4213],[100.6486,5.4143],[100.6374,5.3952],[100.6278,5.3955],[100.6278,5.3683],[100.6146,5.3681],[100.6145,5.374],[100.6052,5.3644],[100.5906,5.3631],[100.5882,5.3681],[100.5804,5.3631],[100.5805,5.3715],[100.5639,5.3762],[100.551,5.3733],[100.543,5.3631],[100.5247,5.3627]]]}},{"type":"Feature","properties":{"c":"P.019","n":"Tumpat","s":"Kelantan","w":"PN","p":"PAS","cand":"Mumtaz bin Md Nawi","pct":62.5,"maj":34793,"nc":5,"tv":104659,"unc":false,"rw":"BN","rp":"UMNO","rcand":"Che Abdullah bin Mat Nawi","rpct":29.3},"geometry":{"type":"Polygon","coordinates":[[[102.2265,6.2219],[102.171,6.2262],[102.1559,6.2096],[102.1202,6.2247],[102.0952,6.2432],[102.0814,6.2256],[102.0794,6.172],[102.0844,6.159],[102.0897,6.1591],[102.0932,6.1483],[102.129,6.1494],[102.1368,6.1428],[102.1238,6.1364],[102.1269,6.1272],[102.1418,6.1268],[102.1558,6.1133],[102.189,6.1121],[102.1909,6.0969],[102.2219,6.0891],[102.2365,6.1514],[102.2505,6.1683],[102.2374,6.1854],[102.2265,6.2175],[102.2395,6.2087],[102.2381,6.2154],[102.2265,6.2219]]]}},{"type":"Feature","properties":{"c":"P.020","n":"Pengkalan Chepa","s":"Kelantan","w":"PN","p":"PAS","cand":"Ahmad Marzuk bin Shaary","pct":69.4,"maj":38270,"nc":5,"tv":77761,"unc":false,"rw":"BN","rp":"UMNO","rcand":"Mohd Hafiezulniezam bin Mohd Hasdin","rpct":20.1},"geometry":{"type":"MultiPolygon","coordinates":[[[[102.2351,6.1348],[102.2495,6.1515],[102.2568,6.1447],[102.2657,6.1526],[102.2719,6.1503],[102.273,6.1274],[102.2954,6.1161],[102.2944,6.1041],[102.306,6.1014],[102.3108,6.1135],[102.3383,6.1119],[102.3386,6.1371],[102.3324,6.1478],[102.3449,6.1679],[102.2679,6.1977],[102.2383,6.2184],[102.2323,6.2192],[102.2395,6.2087],[102.2265,6.2175],[102.2374,6.1854],[102.2498,6.1752],[102.2365,6.1514],[102.2351,6.1348]]]]}},{"type":"Feature","properties":{"c":"P.021","n":"Kota Bharu","s":"Kelantan","w":"PN","p":"PAS","cand":"Takiyuddin bin Hassan","pct":53.7,"maj":22613,"nc":6,"tv":78019,"unc":false,"rw":"PH","rp":"AMANAH","rcand":"Hafidzah binti Mustakim","rpct":24.7},"geometry":{"type":"Polygon","coordinates":[[[102.2219,6.0891],[102.2233,6.0841],[102.2415,6.084],[102.2671,6.0955],[102.2719,6.1059],[102.2939,6.11],[102.2954,6.1161],[102.273,6.1274],[102.2719,6.1503],[102.2657,6.1526],[102.2568,6.1447],[102.2495,6.1515],[102.2418,6.1446],[102.2221,6.1036],[102.2219,6.0891]]]}},{"type":"Feature","properties":{"c":"P.022","n":"Pasir Mas","s":"Kelantan","w":"PN","p":"PAS","cand":"Ahmad Fadhli bin Shaari","pct":68.2,"maj":30717,"nc":4,"tv":65153,"unc":false,"rw":"BN","rp":"UMNO","rcand":"Abdul Ghani bin Harun","rpct":21.1},"geometry":{"type":"Polygon","coordinates":[[[102.0932,6.1483],[102.0621,6.1037],[102.0544,6.0792],[102.0249,6.063],[102.044,6.028],[102.1464,6.0365],[102.1547,6.0442],[102.1947,6.044],[102.2211,6.0641],[102.2219,6.0891],[102.1909,6.0969],[102.189,6.1121],[102.1558,6.1133],[102.1418,6.1268],[102.1269,6.1272],[102.1238,6.1364],[102.1368,6.1428],[102.129,6.1494],[102.0932,6.1483]]]}},{"type":"Feature","properties":{"c":"P.023","n":"Rantau Panjang","s":"Kelantan","w":"PN","p":"PAS","cand":"Siti Zailah binti Mohd Yusoff (Kak Lah)","pct":62.4,"maj":20636,"nc":5,"tv":60527,"unc":false,"rw":"BN","rp":"UMNO","rcand":"Zulkarnain Yusoff","rpct":28.3},"geometry":{"type":"MultiPolygon","coordinates":[[[[102.0249,6.063],[102.0201,6.0524],[102.0051,6.0511],[101.999,6.0397],[101.9915,6.0406],[101.9724,6.0194],[101.9723,6.0055],[101.9468,5.9855],[101.9408,5.9717],[101.9446,5.955],[101.9299,5.949],[101.9301,5.925],[101.9233,5.9235],[101.9223,5.9111],[101.9392,5.9046],[101.9752,5.9351],[102.0056,5.9209],[102.034,5.8949],[102.0944,5.8939],[102.1006,5.8997],[102.1108,5.897],[102.1128,5.9063],[102.1294,5.9045],[102.1288,5.897],[102.1354,5.8965],[102.1478,5.9061],[102.1526,5.8982],[102.1721,5.893],[102.174,5.8849],[102.1843,5.8866],[102.1969,5.9095],[102.2094,5.9641],[102.1856,6.0089],[102.1426,6.0383],[102.044,6.028],[102.0249,6.063]]]]}},{"type":"Feature","properties":{"c":"P.024","n":"Kubang Kerian","s":"Kelantan","w":"PN","p":"PAS","cand":"Tuan Ibrahim bin Tuan Man","pct":68.4,"maj":40847,"nc":4,"tv":81384,"unc":false,"rw":"BN","rp":"UMNO","rcand":"Nurul Amal binti Mohd Fauzi","rpct":18.2},"geometry":{"type":"Polygon","coordinates":[[[102.2939,6.11],[102.2719,6.1059],[102.2671,6.0955],[102.2415,6.084],[102.2233,6.0841],[102.2211,6.0641],[102.2038,6.0481],[102.1547,6.0442],[102.1464,6.0365],[102.149,6.0311],[102.1856,6.0089],[102.2083,5.9721],[102.2229,5.9768],[102.2272,6.0048],[102.2371,6.0056],[102.2356,6.0245],[102.265,6.0222],[102.2939,6.0315],[102.3079,6.0207],[102.3195,6.0222],[102.3207,6.0486],[102.3445,6.0538],[102.3498,6.0642],[102.3439,6.061],[102.3459,6.0714],[102.3372,6.0815],[102.3072,6.102],[102.2944,6.1041],[102.2939,6.11]]]}},{"type":"Feature","properties":{"c":"P.025","n":"Bachok","s":"Kelantan","w":"PN","p":"PAS","cand":"Syahir Sulaiman","pct":63.9,"maj":30163,"nc":5,"tv":89913,"unc":false,"rw":"BN","rp":"UMNO","rcand":"Mohd Zain bin Yasin","rpct":30.4},"geometry":{"type":"Polygon","coordinates":[[[102.3072,6.102],[102.3372,6.0815],[102.3459,6.0714],[102.3439,6.061],[102.3498,6.0642],[102.3445,6.0538],[102.3319,6.048],[102.3263,6.0519],[102.3189,6.0431],[102.3187,6.0322],[102.344,6.0077],[102.335,6.0075],[102.3287,5.9698],[102.3057,5.9666],[102.2963,5.9517],[102.2809,5.9527],[102.2835,5.9388],[102.3304,5.9353],[102.3477,5.9407],[102.3664,5.913],[102.3792,5.9095],[102.3912,5.8903],[102.4051,5.8838],[102.4703,5.9166],[102.3742,6.126],[102.3449,6.1679],[102.3324,6.1478],[102.3386,6.1371],[102.3383,6.1119],[102.3108,6.1135],[102.3072,6.102]]]}},{"type":"Feature","properties":{"c":"P.026","n":"Ketereh","s":"Kelantan","w":"PN","p":"BERSATU","cand":"Khlir bin Mohd Nor","pct":64.5,"maj":23107,"nc":4,"tv":62862,"unc":false,"rw":"BN","rp":"UMNO","rcand":"Marzuani Ardila binti Ariffin","rpct":27.7},"geometry":{"type":"Polygon","coordinates":[[[102.1984,5.9153],[102.2104,5.9136],[102.2096,5.9058],[102.2387,5.8947],[102.2386,5.8885],[102.2429,5.8969],[102.257,5.8922],[102.257,5.8992],[102.2652,5.8937],[102.2751,5.9043],[102.2726,5.9306],[102.2819,5.9312],[102.2809,5.9527],[102.2963,5.9517],[102.3057,5.9666],[102.3287,5.9698],[102.335,6.0075],[102.344,6.0077],[102.3421,6.0149],[102.3229,6.0323],[102.3143,6.0207],[102.2939,6.0315],[102.265,6.0222],[102.2356,6.0245],[102.2371,6.0056],[102.2272,6.0048],[102.2229,5.9768],[102.2083,5.9721],[102.1984,5.9153]]]}},{"type":"Feature","properties":{"c":"P.027","n":"Tanah Merah","s":"Kelantan","w":"PN","p":"BERSATU","cand":"Ikmal Hisham bin Abdul Aziz","pct":77.9,"maj":44498,"nc":5,"tv":69686,"unc":false,"rw":"BN","rp":"UMNO","rcand":"Mohd Bakri bin Mustapha","rpct":14.0},"geometry":{"type":"Polygon","coordinates":[[[101.9617,5.9241],[101.9618,5.903],[101.9783,5.8543],[101.992,5.8481],[101.9948,5.8297],[102.0213,5.8303],[102.0266,5.8204],[102.0075,5.8037],[102.0163,5.7711],[102.0055,5.7387],[101.9904,5.7298],[101.9688,5.7274],[101.9723,5.7169],[101.9571,5.7035],[101.9613,5.6798],[101.9771,5.6527],[101.9681,5.646],[101.9677,5.6276],[101.961,5.623],[101.9518,5.6272],[101.9467,5.6107],[101.9508,5.5989],[101.9642,5.595],[101.9731,5.5688],[101.9751,5.5563],[101.966,5.5501],[101.9717,5.5375],[101.9811,5.5412],[101.9882,5.5288],[102.0012,5.533],[102.0167,5.512],[102.0329,5.5179],[102.0306,5.5334],[102.0392,5.5447],[102.0355,5.5516],[102.0457,5.5588],[102.0547,5.5808],[102.0766,5.5814],[102.1013,5.5992],[102.0958,5.617],[102.1078,5.625],[102.1146,5.6399],[102.1075,5.6624],[102.1099,5.6886],[102.1273,5.6935],[102.1471,5.6894],[102.1477,5.7562],[102.1546,5.7861],[102.1725,5.7994],[102.1731,5.8115],[102.1653,5.8225],[102.1832,5.8433],[102.1789,5.8564],[102.1843,5.8866],[102.174,5.8849],[102.1721,5.893],[102.1526,5.8982],[102.1478,5.9061],[102.1354,5.8965],[102.1288,5.897],[102.1294,5.9045],[102.1128,5.9063],[102.1108,5.897],[102.1006,5.8997],[102.0944,5.8939],[102.034,5.8949],[101.9855,5.9326],[101.9752,5.9351],[101.9617,5.9241]]]}},{"type":"Feature","properties":{"c":"P.028","n":"Pasir Puteh","s":"Kelantan","w":"PN","p":"PAS","cand":"Nik Muhammad Zawawi bin Salleh","pct":65.3,"maj":29120,"nc":4,"tv":81319,"unc":false,"rw":"BN","rp":"UMNO","rcand":"Zawawi bin Othman","rpct":29.5},"geometry":{"type":"Polygon","coordinates":[[[102.2835,5.9388],[102.2819,5.9312],[102.2726,5.9306],[102.2751,5.9043],[102.2651,5.898],[102.2836,5.8751],[102.2759,5.8563],[102.2833,5.8296],[102.2803,5.8171],[102.2944,5.8023],[102.3047,5.808],[102.3028,5.7822],[102.3108,5.7815],[102.3127,5.7604],[102.328,5.748],[102.3404,5.7521],[102.3591,5.7457],[102.3668,5.7509],[102.377,5.7417],[102.3808,5.746],[102.375,5.7665],[102.3989,5.7732],[102.3959,5.7473],[102.4059,5.7557],[102.4062,5.7399],[102.4157,5.7472],[102.428,5.7437],[102.4892,5.7913],[102.5355,5.8463],[102.4703,5.9166],[102.4051,5.8838],[102.3912,5.8903],[102.3792,5.9095],[102.3664,5.913],[102.3477,5.9407],[102.3304,5.9353],[102.2835,5.9388]]]}},{"type":"Feature","properties":{"c":"P.029","n":"Machang","s":"Kelantan","w":"PN","p":"BERSATU","cand":"Wan Ahmad Fayhsal bin Wan Ahmad Kamal","pct":54.7,"maj":10154,"nc":4,"tv":65114,"unc":false,"rw":"BN","rp":"UMNO","rcand":"Ahmad Jazlan bin Yaakub","rpct":39.1},"geometry":{"type":"Polygon","coordinates":[[[102.1843,5.8866],[102.1789,5.8564],[102.1832,5.8433],[102.1653,5.8225],[102.1731,5.8115],[102.1725,5.7994],[102.1546,5.7861],[102.1477,5.7562],[102.1471,5.6894],[102.1152,5.6921],[102.1082,5.6815],[102.1075,5.6624],[102.1228,5.6272],[102.161,5.6436],[102.1593,5.6507],[102.1642,5.6513],[102.172,5.6295],[102.1826,5.6376],[102.1963,5.6348],[102.1916,5.6464],[102.2021,5.6493],[102.1963,5.6507],[102.1914,5.6693],[102.2231,5.6614],[102.2429,5.6705],[102.2446,5.6609],[102.2779,5.654],[102.2848,5.6634],[102.3034,5.663],[102.3102,5.6701],[102.3306,5.6636],[102.3355,5.6703],[102.3608,5.6697],[102.3696,5.6822],[102.3804,5.6827],[102.3802,5.6933],[102.392,5.6997],[102.3965,5.6962],[102.4326,5.7463],[102.4157,5.7472],[102.4062,5.7399],[102.4059,5.7557],[102.3959,5.7473],[102.3989,5.7732],[102.375,5.7665],[102.3808,5.746],[102.377,5.7417],[102.3668,5.7509],[102.3591,5.7457],[102.3404,5.7521],[102.328,5.748],[102.3127,5.7604],[102.3108,5.7815],[102.3028,5.7822],[102.3047,5.808],[102.2944,5.8023],[102.2806,5.8159],[102.2833,5.8296],[102.2759,5.8563],[102.2826,5.8674],[102.28,5.8829],[102.257,5.8992],[102.257,5.8922],[102.2429,5.8969],[102.2386,5.8885],[102.2387,5.8947],[102.2096,5.9058],[102.2104,5.9136],[102.1984,5.9153],[102.1843,5.8866]]]}},{"type":"Feature","properties":{"c":"P.030","n":"Jeli","s":"Kelantan","w":"PN","p":"BERSATU","cand":"Zahari bin Kechik","pct":63.0,"maj":12464,"nc":4,"tv":42953,"unc":false,"rw":"BN","rp":"UMNO","rcand":"Norwahida binti Patuan","rpct":34.0},"geometry":{"type":"Polygon","coordinates":[[[101.9325,5.9054],[101.9442,5.8725],[101.9384,5.8617],[101.9304,5.8605],[101.9302,5.8533],[101.9169,5.842],[101.896,5.8454],[101.8805,5.8324],[101.881,5.8102],[101.8614,5.8005],[101.8664,5.7907],[101.8364,5.7893],[101.8187,5.7555],[101.8246,5.7515],[101.8255,5.733],[101.816,5.7332],[101.7765,5.7656],[101.7766,5.7837],[101.761,5.7952],[101.7447,5.794],[101.7387,5.7814],[101.7265,5.7844],[101.7229,5.7799],[101.7181,5.7878],[101.7155,5.764],[101.7002,5.752],[101.6919,5.7547],[101.6937,5.7307],[101.6891,5.7244],[101.6952,5.7028],[101.6599,5.6683],[101.6569,5.6428],[101.6631,5.6309],[101.6547,5.6201],[101.6567,5.6136],[101.6506,5.6134],[101.6886,5.5867],[101.656,5.5208],[101.6646,5.5074],[101.6804,5.5106],[101.6932,5.4985],[101.7027,5.5081],[101.7209,5.5128],[101.7231,5.5001],[101.7294,5.497],[101.7407,5.5096],[101.7483,5.4999],[101.7472,5.4712],[101.7346,5.4583],[101.7445,5.42],[101.7401,5.3984],[101.8613,5.3517],[101.9056,5.348],[101.9776,5.4359],[101.9632,5.4343],[101.9608,5.4556],[101.9901,5.4579],[101.9896,5.4732],[101.9957,5.475],[101.9898,5.5036],[101.9964,5.5293],[101.9882,5.5288],[101.9811,5.5412],[101.9717,5.5375],[101.9664,5.545],[101.9751,5.5563],[101.9731,5.5688],[101.9642,5.595],[101.9508,5.5989],[101.9467,5.6107],[101.9518,5.6272],[101.961,5.623],[101.9677,5.6276],[101.9681,5.646],[101.9771,5.6527],[101.9613,5.6798],[101.9571,5.7035],[101.9723,5.7169],[101.9688,5.7274],[101.9904,5.7298],[102.0055,5.7387],[102.0163,5.7711],[102.0075,5.8037],[102.0266,5.8204],[102.0213,5.8303],[101.9948,5.8297],[101.992,5.8481],[101.9783,5.8543],[101.9618,5.903],[101.9617,5.9241],[101.9392,5.9046],[101.9325,5.9054]]]}},{"type":"Feature","properties":{"c":"P.031","n":"Kuala Krai","s":"Kelantan","w":"PN","p":"PAS","cand":"Abdul Latiff bin Abdul Rahman","pct":66.1,"maj":25188,"nc":4,"tv":64681,"unc":false,"rw":"BN","rp":"UMNO","rcand":"Mohd Zulkepli bin Omar","rpct":27.1},"geometry":{"type":"Polygon","coordinates":[[[101.9964,5.5293],[101.9898,5.5036],[101.9957,5.475],[101.9896,5.4732],[101.9901,5.4579],[101.9608,5.4556],[101.9632,5.4343],[101.9776,5.4359],[101.9056,5.348],[101.854,5.3528],[101.7401,5.3984],[101.7883,5.3586],[101.8227,5.2884],[101.884,5.2668],[102.0126,5.1865],[102.0758,5.1756],[102.1404,5.175],[102.1334,5.2546],[102.2936,5.2548],[102.3513,5.2938],[102.4184,5.2991],[102.4224,5.3196],[102.4296,5.3222],[102.4286,5.3568],[102.4427,5.3601],[102.4376,5.3728],[102.4286,5.3714],[102.4201,5.3928],[102.4115,5.392],[102.385,5.411],[102.385,5.427],[102.3928,5.4262],[102.4019,5.444],[102.4005,5.4626],[102.3884,5.4762],[102.393,5.4995],[102.3808,5.5187],[102.3983,5.5289],[102.4077,5.5445],[102.3964,5.5821],[102.4023,5.6139],[102.387,5.6341],[102.387,5.671],[102.3804,5.6827],[102.3696,5.6822],[102.3608,5.6697],[102.3355,5.6703],[102.3306,5.6636],[102.3102,5.6701],[102.3034,5.663],[102.2912,5.6663],[102.2779,5.654],[102.2446,5.6609],[102.2429,5.6705],[102.2231,5.6614],[102.1914,5.6693],[102.1963,5.6507],[102.2021,5.6493],[102.1916,5.6464],[102.1963,5.6348],[102.1826,5.6376],[102.172,5.6295],[102.1642,5.6513],[102.1593,5.6507],[102.161,5.6436],[102.1228,5.6272],[102.1123,5.6391],[102.1078,5.625],[102.0974,5.6217],[102.1013,5.5992],[102.0895,5.5939],[102.0891,5.5864],[102.0766,5.5814],[102.0611,5.5845],[102.0469,5.5716],[102.0306,5.5334],[102.0329,5.5179],[102.0167,5.512],[102.0012,5.533],[101.9964,5.5293]]]}},{"type":"Feature","properties":{"c":"P.032","n":"Gua Musang","s":"Kelantan","w":"PN","p":"BERSATU","cand":"Mohd Azizi bin Abu Naim","pct":45.1,"maj":163,"nc":4,"tv":48377,"unc":false,"rw":"BN","rp":"UMNO","rcand":"Tengku Razaleigh bin Mohd. Hamzah (Ku Li)","rpct":44.8},"geometry":{"type":"Polygon","coordinates":[[[101.7398,5.3967],[101.7429,5.3804],[101.7526,5.3713],[101.7349,5.351],[101.7026,5.3388],[101.6993,5.3304],[101.6779,5.3338],[101.6727,5.3242],[101.6461,5.3448],[101.6394,5.3385],[101.6277,5.341],[101.6194,5.3512],[101.6052,5.346],[101.5996,5.3306],[101.5752,5.3279],[101.5692,5.3001],[101.5734,5.2914],[101.5474,5.2786],[101.5473,5.2629],[101.5345,5.2613],[101.5284,5.2722],[101.521,5.2679],[101.5219,5.2421],[101.51,5.2317],[101.5161,5.2156],[101.4818,5.1519],[101.4866,5.1326],[101.4773,5.1086],[101.4852,5.0892],[101.4605,5.0645],[101.4645,5.0595],[101.4587,5.0482],[101.4602,5.031],[101.4472,5.0125],[101.4528,5.0052],[101.4487,4.9974],[101.4233,4.9842],[101.4257,4.9731],[101.4472,4.9555],[101.4491,4.9471],[101.4455,4.9403],[101.4535,4.9209],[101.4535,4.8916],[101.4448,4.8784],[101.4365,4.8779],[101.4465,4.8589],[101.4287,4.8572],[101.4242,4.8506],[101.4107,4.8556],[101.4124,4.844],[101.4021,4.8431],[101.4001,4.8336],[101.4151,4.8133],[101.3958,4.7731],[101.398,4.7624],[101.3746,4.7613],[101.3875,4.7231],[101.3792,4.7081],[101.3654,4.714],[101.3506,4.7064],[101.3434,4.7134],[101.3337,4.6953],[101.334,4.6842],[101.3578,4.6602],[101.3645,4.6349],[101.3767,4.6299],[101.3702,4.6212],[101.3738,4.6101],[101.4012,4.6182],[101.4253,4.6052],[101.4521,4.5733],[101.4734,4.5758],[101.4807,4.6006],[101.4953,4.6017],[101.5014,4.6106],[101.5223,4.6113],[101.5437,4.5934],[101.548,4.5778],[101.5716,4.5744],[101.591,4.5518],[101.5939,4.5579],[101.6075,4.5606],[101.6245,4.5466],[101.636,4.5591],[101.6531,4.5568],[101.6682,4.5706],[101.6747,4.5952],[101.7263,4.6104],[101.7256,4.6212],[101.7319,4.6232],[101.7414,4.6124],[101.7546,4.6112],[101.7528,4.6219],[101.7628,4.6226],[101.7744,4.6598],[101.77,4.679],[101.7776,4.7071],[101.7751,4.7512],[101.7807,4.7586],[101.7969,4.7559],[101.8021,4.7632],[101.8165,4.7595],[101.8217,4.7509],[101.8192,4.7254],[101.8237,4.7172],[101.8418,4.7195],[101.8469,4.6872],[101.8508,4.684],[101.8624,4.6933],[101.8701,4.6772],[101.8893,4.6718],[101.8928,4.6513],[101.8881,4.6356],[101.901,4.6098],[101.9121,4.6115],[101.9279,4.6585],[101.9385,4.6578],[101.9536,4.7141],[101.9478,4.7489],[101.9505,4.7579],[101.9637,4.7647],[101.9703,4.7505],[101.9872,4.7399],[101.9874,4.76],[102.0018,4.7614],[102.0128,4.7369],[102.02,4.732],[102.0234,4.7417],[102.0289,4.7415],[102.034,4.7324],[102.0506,4.7256],[102.058,4.7435],[102.063,4.7389],[102.0947,4.7584],[102.1161,4.762],[102.1312,4.7125],[102.151,4.7016],[102.1746,4.6761],[102.1746,4.6589],[102.2168,4.6293],[102.2348,4.6335],[102.2296,4.6454],[102.2338,4.6513],[102.2726,4.6621],[102.3189,4.6352],[102.3358,4.6438],[102.3444,4.6416],[102.3464,4.6573],[102.3644,4.6703],[102.372,4.6843],[102.3624,4.7053],[102.3792,4.7145],[102.4463,4.7139],[102.5003,4.6691],[102.5298,4.6775],[102.5488,4.7118],[102.5722,4.6904],[102.5812,4.6965],[102.6041,4.6877],[102.6062,4.7021],[102.5956,4.739],[102.605,4.76],[102.5989,4.7708],[102.612,4.7805],[102.6581,4.7595],[102.6642,4.7701],[102.6595,4.8009],[102.6523,4.8127],[102.644,4.8133],[102.6509,4.8457],[102.6149,4.862],[102.6062,4.8741],[102.5927,4.8732],[102.5715,4.8957],[102.5359,4.9074],[102.5296,4.8961],[102.506,4.9031],[102.5134,4.9382],[102.5211,4.9416],[102.5139,4.9524],[102.5224,4.9606],[102.5033,4.9816],[102.4988,5.0082],[102.5121,5.0092],[102.5202,5.0264],[102.5087,5.0483],[102.5141,5.0546],[102.4992,5.0761],[102.5188,5.0894],[102.5292,5.1082],[102.5139,5.1281],[102.4875,5.1363],[102.4842,5.148],[102.4574,5.17],[102.4445,5.1682],[102.4378,5.1797],[102.4105,5.1833],[102.4229,5.2048],[102.4144,5.23],[102.4184,5.2991],[102.3513,5.2938],[102.2936,5.2548],[102.1334,5.2546],[102.1404,5.175],[102.0758,5.1756],[102.0126,5.1865],[101.884,5.2668],[101.8227,5.2884],[101.7883,5.3586],[101.7398,5.3967]]]}},{"type":"Feature","properties":{"c":"P.033","n":"Besut","s":"Terengganu","w":"PN","p":"PAS","cand":"Che Mohamad Zulkifly bin Jusoh","pct":58.1,"maj":18666,"nc":4,"tv":85364,"unc":false,"rw":"BN","rp":"UMNO","rcand":"Nawi bin Mohamad","rpct":36.2},"geometry":{"type":"MultiPolygon","coordinates":[[[[102.4326,5.7463],[102.3965,5.6962],[102.392,5.6997],[102.3802,5.6933],[102.3906,5.6403],[102.387,5.6341],[102.4023,5.6139],[102.3964,5.5821],[102.4077,5.5445],[102.3983,5.5289],[102.3808,5.5187],[102.393,5.4995],[102.3884,5.4762],[102.4005,5.4626],[102.4019,5.444],[102.3928,5.4262],[102.385,5.427],[102.385,5.411],[102.4115,5.392],[102.4201,5.3928],[102.4286,5.3714],[102.4376,5.3728],[102.4427,5.3601],[102.4563,5.3499],[102.4816,5.3617],[102.488,5.3543],[102.5082,5.3505],[102.5137,5.3426],[102.5101,5.3364],[102.5253,5.3332],[102.5434,5.3591],[102.566,5.3707],[102.5849,5.371],[102.5759,5.3859],[102.588,5.403],[102.5766,5.4196],[102.5927,5.4295],[102.5884,5.4414],[102.5966,5.4542],[102.5873,5.4713],[102.5942,5.4824],[102.5882,5.4857],[102.596,5.4908],[102.6021,5.5117],[102.6228,5.5235],[102.6092,5.5352],[102.6215,5.5633],[102.616,5.5783],[102.5481,5.6095],[102.5413,5.645],[102.5302,5.6574],[102.5178,5.6982],[102.5374,5.7069],[102.5394,5.7276],[102.55,5.7422],[102.5693,5.74],[102.5673,5.7338],[102.5864,5.7245],[102.6319,5.7252],[102.6323,5.7112],[102.6443,5.7084],[102.6503,5.7126],[102.6433,5.7265],[102.6496,5.721],[102.6603,5.7277],[102.6629,5.72],[102.6644,5.7261],[102.672,5.7252],[102.6297,5.7827],[102.5619,5.8368],[102.559,5.8323],[102.5355,5.8463],[102.4892,5.7913],[102.4326,5.7463]]],[[[102.7398,5.9025],[102.7421,5.8816],[102.7539,5.8952],[102.7698,5.8846],[102.771,5.9113],[102.7593,5.924],[102.7538,5.9118],[102.7398,5.9025]]],[[[102.7164,5.9119],[102.7156,5.8961],[102.7262,5.8934],[102.733,5.9036],[102.7222,5.9186],[102.7268,5.9376],[102.7191,5.9369],[102.7164,5.9119]]]]}},{"type":"Feature","properties":{"c":"P.034","n":"Setiu","s":"Terengganu","w":"PN","p":"PAS","cand":"Shaharizukirnain bin Abdul Kadir","pct":59.8,"maj":19032,"nc":4,"tv":84832,"unc":false,"rw":"BN","rp":"UMNO","rcand":"Abdul Rahman bin Mat Yasin","rpct":37.4},"geometry":{"type":"MultiPolygon","coordinates":[[[[102.5942,5.4824],[102.6211,5.4737],[102.6251,5.4599],[102.6512,5.4375],[102.6573,5.4173],[102.6492,5.3988],[102.6541,5.3909],[102.6736,5.4014],[102.6814,5.3979],[102.6811,5.3453],[102.6936,5.3394],[102.7129,5.3409],[102.7219,5.3335],[102.7281,5.3167],[102.7256,5.2587],[102.7353,5.2585],[102.7743,5.2232],[102.7909,5.2216],[102.8526,5.2671],[102.8747,5.2423],[102.88,5.2466],[102.8896,5.2395],[102.8958,5.2448],[102.9002,5.2352],[102.8939,5.2289],[102.9021,5.2127],[102.9061,5.2155],[102.9188,5.195],[102.9318,5.1867],[102.9447,5.2021],[102.9697,5.1991],[102.9876,5.2224],[102.9616,5.2468],[102.9513,5.245],[102.9521,5.2571],[102.9321,5.2718],[102.9301,5.2965],[102.9077,5.306],[102.9266,5.3227],[102.92,5.3275],[102.9226,5.3524],[102.915,5.362],[102.9226,5.3756],[102.91,5.446],[102.9148,5.4531],[102.9477,5.4294],[102.9685,5.4357],[102.9842,5.3699],[102.9933,5.3703],[102.9939,5.39],[103.0172,5.3948],[103.0564,5.3822],[103.0516,5.4136],[103.0779,5.419],[103.0868,5.4138],[102.9712,5.526],[102.9466,5.5402],[102.9372,5.5329],[102.9145,5.5383],[102.8505,5.5749],[102.7903,5.6316],[102.7149,5.6819],[102.672,5.7252],[102.6644,5.7261],[102.6629,5.72],[102.6603,5.7277],[102.6496,5.721],[102.6433,5.7265],[102.6503,5.7126],[102.6443,5.7084],[102.6323,5.7112],[102.6319,5.7252],[102.5864,5.7245],[102.5673,5.7338],[102.5693,5.74],[102.55,5.7422],[102.5394,5.7276],[102.5374,5.7069],[102.5178,5.6982],[102.5302,5.6574],[102.5413,5.645],[102.5481,5.6095],[102.612,5.5827],[102.6215,5.5633],[102.6092,5.5403],[102.6214,5.519],[102.6021,5.5117],[102.596,5.4908],[102.5882,5.4857],[102.5942,5.4824]]],[[[102.994,5.7899],[102.9885,5.7839],[102.9984,5.75],[103.0046,5.7599],[103.0057,5.7518],[103.0125,5.7496],[103.0309,5.7636],[103.0439,5.7893],[103.0261,5.7938],[103.0203,5.784],[103.0144,5.7857],[103.0188,5.8075],[103.0106,5.8175],[103.007,5.8129],[103.0002,5.8178],[102.993,5.8054],[102.994,5.7899]]],[[[103.0571,5.6235],[103.0565,5.6159],[103.0686,5.613],[103.0687,5.6266],[103.0571,5.6235]]]]}},{"type":"Feature","properties":{"c":"P.035","n":"Kuala Nerus","s":"Terengganu","w":"PN","p":"PAS","cand":"Alias bin Razak","pct":64.7,"maj":29765,"nc":4,"tv":87628,"unc":false,"rw":"BN","rp":"UMNO","rcand":"Mohd Khairuddin bin Aman Razali","rpct":30.7},"geometry":{"type":"Polygon","coordinates":[[[102.9876,5.2224],[103.0065,5.2332],[103.033,5.2806],[103.0529,5.2884],[103.0504,5.2987],[103.0589,5.298],[103.0841,5.3179],[103.1301,5.3267],[103.1367,5.342],[103.1484,5.3455],[103.1331,5.3519],[103.1151,5.3861],[103.1169,5.3959],[103.1039,5.4024],[103.1043,5.398],[103.0817,5.419],[103.0516,5.4136],[103.0564,5.3822],[103.0172,5.3948],[102.9939,5.39],[102.9933,5.3703],[102.9842,5.3699],[102.9685,5.4357],[102.9477,5.4294],[102.9148,5.4531],[102.91,5.446],[102.9226,5.3756],[102.915,5.362],[102.9226,5.3524],[102.92,5.3275],[102.9266,5.3227],[102.9077,5.306],[102.9301,5.2965],[102.9321,5.2718],[102.9521,5.2571],[102.9513,5.245],[102.9616,5.2468],[102.9876,5.2224]]]}},{"type":"Feature","properties":{"c":"P.036","n":"Kuala Terengganu","s":"Terengganu","w":"PN","p":"PAS","cand":"Ahmad Amzad bin Mohamed @ Hashim","pct":65.3,"maj":40907,"nc":4,"tv":96552,"unc":false,"rw":"BN","rp":"UMNO","rcand":"Mohd Zubir bin Embong","rpct":22.9},"geometry":{"type":"Polygon","coordinates":[[[103.0911,5.3158],[103.088,5.3005],[103.0957,5.2858],[103.1161,5.2737],[103.1399,5.2752],[103.1449,5.2811],[103.1547,5.2685],[103.1578,5.2489],[103.1672,5.2563],[103.1766,5.2499],[103.1864,5.2676],[103.1462,5.3414],[103.1367,5.342],[103.1301,5.3267],[103.1077,5.325],[103.0911,5.3158]]]}},{"type":"Feature","properties":{"c":"P.037","n":"Marang","s":"Terengganu","w":"PN","p":"PAS","cand":"Abdul Hadi bin Awang","pct":67.0,"maj":41729,"nc":4,"tv":109068,"unc":false,"rw":"BN","rp":"UMNO","rcand":"Jasmira bin Othman","rpct":28.8},"geometry":{"type":"MultiPolygon","coordinates":[[[[103.0957,5.2858],[103.0621,5.2671],[103.0442,5.268],[103.0375,5.2583],[103.0402,5.2168],[103.0476,5.2148],[103.045,5.2057],[103.0517,5.2034],[103.0484,5.193],[103.0562,5.1764],[103.0523,5.1511],[103.0809,5.1098],[103.1007,5.0968],[103.1168,5.1072],[103.1515,5.0489],[103.1589,5.053],[103.1809,5.0184],[103.2055,4.9999],[103.215,4.9867],[103.2186,4.9628],[103.2303,4.9552],[103.2363,4.9095],[103.2708,4.8976],[103.2895,4.8672],[103.3126,4.8785],[103.3428,4.8493],[103.371,4.857],[103.3761,4.8705],[103.3886,4.8763],[103.293,5.0477],[103.2152,5.2095],[103.2089,5.2109],[103.1883,5.2434],[103.1827,5.2566],[103.1864,5.2672],[103.1766,5.2499],[103.1672,5.2563],[103.1578,5.2489],[103.1547,5.2685],[103.1449,5.2811],[103.1399,5.2752],[103.1161,5.2737],[103.0957,5.2858]]]]}},{"type":"Feature","properties":{"c":"P.038","n":"Hulu Terengganu","s":"Terengganu","w":"PN","p":"BERSATU","cand":"Rosol bin Wahid","pct":59.6,"maj":15734,"nc":4,"tv":72008,"unc":false,"rw":"BN","rp":"UMNO","rcand":"Rozi bin Mamat","rpct":37.7},"geometry":{"type":"Polygon","coordinates":[[[102.4184,5.2991],[102.4144,5.23],[102.4229,5.2048],[102.4105,5.1833],[102.4378,5.1797],[102.4445,5.1682],[102.4574,5.17],[102.4842,5.148],[102.4875,5.1363],[102.5139,5.1281],[102.5292,5.1082],[102.5188,5.0894],[102.4992,5.0761],[102.5141,5.0546],[102.5087,5.0483],[102.5202,5.0264],[102.5121,5.0092],[102.4988,5.0082],[102.5033,4.9816],[102.5224,4.9606],[102.5139,4.9524],[102.5211,4.9416],[102.5134,4.9382],[102.506,4.9031],[102.5296,4.8961],[102.5359,4.9074],[102.5715,4.8957],[102.5927,4.8732],[102.6062,4.8741],[102.6149,4.862],[102.6478,4.8502],[102.6525,4.8353],[102.644,4.8133],[102.6523,4.8127],[102.6665,4.7801],[102.6581,4.7595],[102.6653,4.7378],[102.6822,4.7154],[102.7006,4.7154],[102.7144,4.6939],[102.7344,4.6834],[102.7452,4.6895],[102.7478,4.683],[102.7621,4.6835],[102.779,4.6704],[102.8255,4.6815],[102.8417,4.6799],[102.8426,4.7268],[102.8672,4.7339],[102.894,4.7536],[102.8871,4.7756],[102.8964,4.7982],[102.8942,4.8151],[102.9222,4.8165],[102.9407,4.8097],[102.9625,4.8218],[102.9776,4.8216],[102.9853,4.8431],[102.9935,4.8464],[103.0305,4.8351],[103.0406,4.8437],[103.0366,4.8573],[103.0456,4.8633],[103.056,4.8547],[103.0701,4.8577],[103.072,4.864],[103.0826,4.8603],[103.0872,4.8834],[103.078,4.912],[103.0808,4.9257],[103.0995,4.9185],[103.1214,4.8944],[103.1256,4.9034],[103.1402,4.89],[103.1695,4.8988],[103.1776,4.8947],[103.1808,4.9152],[103.2134,4.9282],[103.2123,4.9479],[103.2303,4.9552],[103.2186,4.9628],[103.215,4.9867],[103.2055,4.9999],[103.1809,5.0184],[103.1589,5.053],[103.1515,5.0489],[103.1351,5.0695],[103.1168,5.1072],[103.1007,5.0968],[103.0809,5.1098],[103.0523,5.1511],[103.0562,5.1764],[103.0484,5.193],[103.0517,5.2034],[103.045,5.2057],[103.0476,5.2148],[103.0402,5.2168],[103.0375,5.2583],[103.0442,5.268],[103.0621,5.2671],[103.0957,5.2858],[103.088,5.3005],[103.0911,5.3158],[103.0841,5.3179],[103.0589,5.298],[103.0504,5.2987],[103.0529,5.2884],[103.033,5.2806],[103.0065,5.2332],[102.9974,5.2317],[102.9697,5.1991],[102.9447,5.2021],[102.9318,5.1867],[102.9188,5.195],[102.9061,5.2155],[102.9021,5.2127],[102.8939,5.2289],[102.9002,5.2352],[102.8958,5.2448],[102.8896,5.2395],[102.88,5.2466],[102.8747,5.2423],[102.8526,5.2671],[102.7909,5.2216],[102.7743,5.2232],[102.7353,5.2585],[102.7256,5.2587],[102.7281,5.3167],[102.7129,5.3409],[102.6936,5.3394],[102.6811,5.3453],[102.6814,5.3979],[102.6736,5.4014],[102.6541,5.3909],[102.6492,5.3988],[102.6573,5.4173],[102.6512,5.4375],[102.6251,5.4599],[102.6211,5.4737],[102.5942,5.4824],[102.5873,5.4713],[102.5966,5.4542],[102.5884,5.4414],[102.5927,5.4295],[102.5766,5.4196],[102.588,5.403],[102.5759,5.3859],[102.5849,5.371],[102.566,5.3707],[102.5434,5.3591],[102.5253,5.3332],[102.5101,5.3364],[102.5137,5.3426],[102.5082,5.3505],[102.488,5.3543],[102.4816,5.3617],[102.4583,5.3499],[102.4439,5.3629],[102.4286,5.3568],[102.4296,5.3222],[102.4224,5.3196],[102.4184,5.2991]]]}},{"type":"Feature","properties":{"c":"P.039","n":"Dungun","s":"Terengganu","w":"PN","p":"PAS","cand":"Wan Hassan bin Mohd Ramli","pct":65.4,"maj":34105,"nc":5,"tv":91269,"unc":false,"rw":"BN","rp":"UMNO","rcand":"Nurhisam bin Johari","rpct":28.1},"geometry":{"type":"MultiPolygon","coordinates":[[[[103.2303,4.9552],[103.2123,4.9479],[103.2134,4.9282],[103.1808,4.9152],[103.1776,4.8947],[103.1695,4.8988],[103.1402,4.89],[103.1256,4.9034],[103.1214,4.8944],[103.0995,4.9185],[103.0808,4.9257],[103.078,4.912],[103.0872,4.8834],[103.0826,4.8603],[103.072,4.864],[103.0701,4.8577],[103.056,4.8547],[103.0456,4.8633],[103.0366,4.8573],[103.0406,4.8437],[103.0305,4.8351],[102.9935,4.8464],[102.9853,4.8431],[102.9776,4.8216],[102.9625,4.8218],[102.9407,4.8097],[102.9149,4.8172],[102.8907,4.8121],[102.8964,4.7982],[102.8871,4.7756],[102.8942,4.7609],[102.8915,4.7482],[102.8409,4.7228],[102.8439,4.6714],[102.8556,4.6645],[102.8721,4.6383],[102.8664,4.6276],[102.8841,4.6087],[102.8604,4.6041],[102.859,4.5975],[102.8737,4.5805],[102.8664,4.5618],[102.8549,4.5623],[102.853,4.5771],[102.8401,4.573],[102.8367,4.5355],[102.8466,4.5201],[102.8461,4.4982],[102.8761,4.4822],[102.8725,4.4699],[102.8782,4.4634],[102.891,4.4694],[102.914,4.464],[102.9296,4.4676],[102.9425,4.45],[102.9513,4.4522],[102.9554,4.4722],[102.9682,4.4739],[102.9696,4.4807],[102.9899,4.4511],[103.0003,4.4504],[103.011,4.4338],[103.0079,4.4163],[103.0175,4.4058],[103.0265,4.4094],[103.0454,4.436],[103.0686,4.4319],[103.0746,4.4214],[103.0827,4.4206],[103.1157,4.4425],[103.1295,4.443],[103.1451,4.4208],[103.1572,4.4173],[103.1585,4.4317],[103.1698,4.438],[103.1753,4.4591],[103.1864,4.4672],[103.1894,4.4848],[103.202,4.4858],[103.2093,4.4946],[103.2164,4.4956],[103.2274,4.4503],[103.2649,4.4634],[103.2707,4.4538],[103.2871,4.4659],[103.2866,4.4941],[103.3002,4.5155],[103.2921,4.5344],[103.2955,4.5533],[103.3115,4.566],[103.3295,4.5689],[103.3458,4.5972],[103.3686,4.579],[103.3766,4.5847],[103.4558,4.5938],[103.4385,4.6439],[103.4425,4.6577],[103.4491,4.6574],[103.4474,4.6966],[103.4216,4.7639],[103.4294,4.7805],[103.44,4.7814],[103.3886,4.8763],[103.3761,4.8705],[103.371,4.857],[103.3556,4.8499],[103.3428,4.8493],[103.3126,4.8785],[103.2895,4.8672],[103.2708,4.8976],[103.2363,4.9095],[103.2303,4.9552]]],[[[103.678,4.8102],[103.6726,4.8025],[103.6813,4.7934],[103.6906,4.8105],[103.6806,4.8174],[103.678,4.8102]]]]}},{"type":"Feature","properties":{"c":"P.040","n":"Kemaman","s":"Terengganu","w":"PN","p":"PAS","cand":"Che Alias bin Hamid","pct":58.1,"maj":27179,"nc":4,"tv":113095,"unc":false,"rw":"BN","rp":"UMNO","rcand":"Ahmad bin Said","rpct":34.1},"geometry":{"type":"Polygon","coordinates":[[[103.0265,4.4094],[103.0259,4.3983],[103.0024,4.3802],[103.0051,4.3425],[103.0152,4.3356],[103.0051,4.3292],[102.9769,4.3374],[102.9633,4.3255],[102.9484,4.2851],[102.9372,4.2896],[102.9281,4.2782],[102.9308,4.2453],[102.9273,4.2349],[102.9178,4.2328],[102.9202,4.2256],[102.9108,4.2142],[102.9186,4.1967],[102.9196,4.1576],[102.8885,4.1372],[102.9162,4.1024],[102.9267,4.0994],[102.9625,4.1167],[102.9849,4.1183],[102.9937,4.1282],[103.0083,4.1263],[103.0176,4.1159],[103.0246,4.1204],[103.044,4.1141],[103.0517,4.1181],[103.0701,4.1114],[103.0722,4.0944],[103.0847,4.0952],[103.0959,4.0862],[103.1021,4.0899],[103.1212,4.0777],[103.1335,4.0516],[103.1391,4.0538],[103.1561,4.0423],[103.1633,4.0304],[103.1897,4.0251],[103.195,4.0389],[103.2019,4.0354],[103.2054,4.0129],[103.2158,4.0097],[103.2248,4.019],[103.2408,4.0152],[103.2464,3.9913],[103.2648,3.9807],[103.2744,3.9666],[103.264,3.9494],[103.2768,3.9401],[103.3111,3.8795],[103.3178,3.8949],[103.3042,3.9207],[103.3266,3.9294],[103.3348,3.9488],[103.3335,3.9812],[103.3228,4.0123],[103.3279,4.0394],[103.3162,4.0639],[103.3058,4.0644],[103.2986,4.0859],[103.3053,4.0859],[103.3066,4.1181],[103.3236,4.1252],[103.3242,4.1422],[103.3287,4.1428],[103.3196,4.194],[103.3452,4.1776],[103.4011,4.1781],[103.4402,4.1867],[103.4443,4.1803],[103.4384,4.2139],[103.442,4.2306],[103.4464,4.2383],[103.4608,4.2389],[103.4626,4.2561],[103.4704,4.2569],[103.4706,4.2505],[103.4774,4.2852],[103.4915,4.3106],[103.4917,4.3302],[103.4553,4.3959],[103.4584,4.4178],[103.445,4.4675],[103.4524,4.5132],[103.4687,4.516],[103.4751,4.5261],[103.4558,4.5938],[103.3766,4.5847],[103.3686,4.579],[103.3458,4.5972],[103.3295,4.5689],[103.3115,4.566],[103.2955,4.5533],[103.2921,4.5344],[103.3002,4.5155],[103.2866,4.4941],[103.2901,4.4712],[103.2707,4.4538],[103.2649,4.4634],[103.2274,4.4503],[103.2164,4.4956],[103.2093,4.4946],[103.202,4.4858],[103.1894,4.4848],[103.1864,4.4672],[103.1753,4.4591],[103.1698,4.438],[103.1585,4.4317],[103.1572,4.4173],[103.1451,4.4208],[103.1295,4.443],[103.1157,4.4425],[103.0827,4.4206],[103.0746,4.4214],[103.0686,4.4319],[103.0454,4.436],[103.0265,4.4094]]]}},{"type":"Feature","properties":{"c":"P.041","n":"Kepala Batas","s":"Pulau Pinang","w":"PN","p":"PAS","cand":"Siti Mastura binti Muhammad","pct":41.3,"maj":2867,"nc":4,"tv":69302,"unc":false,"rw":"BN","rp":"UMNO","rcand":"Reezal Merican bin Naina Merican","rpct":37.1},"geometry":{"type":"Polygon","coordinates":[[[100.34,5.5774],[100.3405,5.5697],[100.3613,5.5601],[100.3673,5.5486],[100.3775,5.4966],[100.3991,5.5066],[100.4039,5.5022],[100.4167,5.5059],[100.4351,5.5017],[100.4315,5.496],[100.4574,5.4972],[100.4577,5.4884],[100.4776,5.4875],[100.4896,5.4978],[100.4917,5.5093],[100.504,5.5029],[100.499,5.485],[100.5214,5.4989],[100.5275,5.4943],[100.5292,5.5562],[100.5257,5.5494],[100.5239,5.558],[100.509,5.559],[100.5048,5.5671],[100.4871,5.5701],[100.4853,5.5609],[100.4518,5.5676],[100.4479,5.5608],[100.443,5.5672],[100.4334,5.5607],[100.4317,5.5654],[100.4098,5.5663],[100.3837,5.5849],[100.3793,5.5796],[100.3702,5.5852],[100.3612,5.5735],[100.34,5.5774]]]}},{"type":"Feature","properties":{"c":"P.042","n":"Tasek Gelugor","s":"Pulau Pinang","w":"PN","p":"BERSATU","cand":"Wan Saifulruddin bin Wan Jan","pct":46.4,"maj":12252,"nc":5,"tv":67112,"unc":false,"rw":"BN","rp":"UMNO","rcand":"Muhamad Yusoff bin Mohd Noor (Yb Chop)","rpct":28.1},"geometry":{"type":"Polygon","coordinates":[[[100.5275,5.4943],[100.5214,5.4989],[100.499,5.485],[100.504,5.5029],[100.4917,5.5093],[100.4896,5.4978],[100.4789,5.4882],[100.4577,5.4884],[100.4574,5.4972],[100.4315,5.496],[100.4351,5.5017],[100.43,5.504],[100.4039,5.5022],[100.3991,5.5066],[100.3774,5.4963],[100.3796,5.4448],[100.3941,5.4467],[100.3901,5.4515],[100.3989,5.4565],[100.4105,5.4271],[100.4152,5.4346],[100.4248,5.4295],[100.4283,5.4371],[100.4307,5.4314],[100.435,5.4376],[100.4359,5.4318],[100.4435,5.4363],[100.4455,5.4436],[100.4375,5.4396],[100.4368,5.4451],[100.4427,5.4532],[100.453,5.4429],[100.4606,5.4456],[100.462,5.4395],[100.487,5.4287],[100.4985,5.4363],[100.5255,5.4279],[100.5275,5.4943]]]}},{"type":"Feature","properties":{"c":"P.043","n":"Bagan","s":"Pulau Pinang","w":"PH","p":"DAP","cand":"Lim Guan Eng","pct":81.3,"maj":49648,"nc":4,"tv":68654,"unc":false,"rw":"PN","rp":"BERSATU","rcand":"Alan Oh Teik Choon","rpct":9.0},"geometry":{"type":"Polygon","coordinates":[[[100.3796,5.4448],[100.3636,5.3996],[100.3694,5.3844],[100.3777,5.396],[100.3911,5.3985],[100.3862,5.408],[100.3907,5.413],[100.4029,5.4063],[100.3996,5.4271],[100.4092,5.4274],[100.3989,5.4565],[100.3901,5.4515],[100.3941,5.4467],[100.3796,5.4448]]]}},{"type":"Feature","properties":{"c":"P.044","n":"Permatang Pauh","s":"Pulau Pinang","w":"PN","p":"PAS","cand":"Muhammad Fawwaz bin Mohamad Jan","pct":43.0,"maj":5272,"nc":4,"tv":87448,"unc":false,"rw":"PH","rp":"PKR","rcand":"Nurul Izzah binti Anwar","rpct":37.0},"geometry":{"type":"Polygon","coordinates":[[[100.5255,5.4279],[100.4985,5.4363],[100.487,5.4287],[100.4417,5.4532],[100.4369,5.4441],[100.4375,5.4396],[100.4455,5.4436],[100.4435,5.4363],[100.4002,5.4286],[100.3987,5.4127],[100.4048,5.4086],[100.3978,5.4058],[100.3937,5.4134],[100.3865,5.4057],[100.3986,5.3889],[100.3945,5.3809],[100.4276,5.3624],[100.4672,5.3671],[100.4701,5.386],[100.4893,5.388],[100.5034,5.3772],[100.5245,5.3743],[100.5255,5.4279]]]}},{"type":"Feature","properties":{"c":"P.045","n":"Bukit Mertajam","s":"Pulau Pinang","w":"PH","p":"DAP","cand":"Sim Chee Keong","pct":77.3,"maj":57685,"nc":3,"tv":92745,"unc":false,"rw":"PN","rp":"PAS","rcand":"Koh Tien Yew (Steven Koh)","rpct":15.1},"geometry":{"type":"Polygon","coordinates":[[[100.5245,5.3743],[100.5034,5.3772],[100.4882,5.3882],[100.4701,5.386],[100.4672,5.3671],[100.4393,5.3663],[100.4354,5.3535],[100.4436,5.3502],[100.4394,5.3395],[100.479,5.2925],[100.5177,5.299],[100.534,5.285],[100.5245,5.3743]]]}},{"type":"Feature","properties":{"c":"P.046","n":"Batu Kawan","s":"Pulau Pinang","w":"PH","p":"DAP","cand":"Chow Kon Yeow","pct":73.7,"maj":40400,"nc":5,"tv":68831,"unc":false,"rw":"PN","rp":"GERAKAN","rcand":"Wong Chia Zhen","rpct":15.0},"geometry":{"type":"MultiPolygon","coordinates":[[[[100.3694,5.3844],[100.3812,5.3627],[100.4058,5.34],[100.4034,5.3207],[100.4118,5.3138],[100.4203,5.2806],[100.4061,5.2658],[100.4209,5.2384],[100.4242,5.2165],[100.4306,5.2107],[100.4428,5.2127],[100.4633,5.2322],[100.4784,5.2141],[100.4985,5.2253],[100.5088,5.2174],[100.5155,5.2253],[100.5167,5.2425],[100.4969,5.2407],[100.501,5.25],[100.4816,5.2604],[100.4777,5.2805],[100.482,5.2916],[100.4481,5.3238],[100.4394,5.3395],[100.4436,5.3507],[100.4354,5.3535],[100.4393,5.3663],[100.4276,5.3624],[100.4057,5.3708],[100.3945,5.3809],[100.3986,5.3889],[100.393,5.3978],[100.3777,5.396],[100.3694,5.3844]]]]}},{"type":"Feature","properties":{"c":"P.047","n":"Nibong Tebal","s":"Pulau Pinang","w":"PH","p":"PKR","cand":"Fadhlina binti Sidek","pct":53.2,"maj":16293,"nc":4,"tv":79308,"unc":false,"rw":"PN","rp":"BERSATU","rcand":"Mansor bin Othman","rpct":32.7},"geometry":{"type":"Polygon","coordinates":[[[100.534,5.285],[100.5177,5.299],[100.482,5.2916],[100.4777,5.2805],[100.4816,5.2604],[100.501,5.25],[100.4969,5.2407],[100.5167,5.2425],[100.5155,5.2253],[100.5077,5.2169],[100.4985,5.2253],[100.4784,5.2141],[100.4633,5.2322],[100.4445,5.2138],[100.4243,5.2079],[100.4185,5.1778],[100.4303,5.1665],[100.4177,5.163],[100.4007,5.126],[100.4921,5.1328],[100.5072,5.1451],[100.5391,5.1377],[100.5507,5.1428],[100.534,5.285]]]}},{"type":"Feature","properties":{"c":"P.048","n":"Bukit Bendera","s":"Pulau Pinang","w":"PH","p":"DAP","cand":"Syerleena binti Abdul Rashid","pct":79.0,"maj":42610,"nc":5,"tv":62489,"unc":false,"rw":"PN","rp":"GERAKAN","rcand":"Hng Chee Wey","rpct":10.8},"geometry":{"type":"MultiPolygon","coordinates":[[[[100.3213,5.4299],[100.3066,5.4508],[100.3095,5.4452],[100.3142,5.4615],[100.2794,5.4672],[100.275,5.4776],[100.2546,5.4818],[100.2379,5.4653],[100.2427,5.4628],[100.2384,5.4449],[100.242,5.4197],[100.2478,5.4164],[100.2417,5.4146],[100.2351,5.3958],[100.2422,5.3818],[100.2443,5.3865],[100.2549,5.3784],[100.2533,5.3862],[100.2618,5.3963],[100.3027,5.4087],[100.3037,5.4222],[100.3162,5.4133],[100.3213,5.4299]]]]}},{"type":"Feature","properties":{"c":"P.049","n":"Tanjong","s":"Pulau Pinang","w":"PH","p":"DAP","cand":"Lim Hui Ying","pct":84.8,"maj":28754,"nc":3,"tv":37683,"unc":false,"rw":"BN","rp":"MCA","rcand":"Tan Kim Nee","rpct":8.5},"geometry":{"type":"Polygon","coordinates":[[[100.3162,5.4133],[100.3342,5.4017],[100.3463,5.4198],[100.3213,5.4299],[100.3162,5.4133]]]}},{"type":"Feature","properties":{"c":"P.050","n":"Jelutong","s":"Pulau Pinang","w":"PH","p":"DAP","cand":"Sanisvara Nethaji Rayer a/l Rajaji (RSN Rayer)","pct":71.2,"maj":38604,"nc":6,"tv":70707,"unc":false,"rw":"PN","rp":"GERAKAN","rcand":"Baljit Singh a/l Jigiri Singh","rpct":16.6},"geometry":{"type":"Polygon","coordinates":[[[100.3027,5.4087],[100.3077,5.3802],[100.3178,5.3796],[100.3203,5.3906],[100.3331,5.401],[100.324,5.4129],[100.3037,5.4222],[100.3027,5.4087]]]}},{"type":"Feature","properties":{"c":"P.051","n":"Bukit Gelugor","s":"Pulau Pinang","w":"PH","p":"DAP","cand":"Ramkarpal Singh a/l Karpal Singh","pct":82.7,"maj":63112,"nc":3,"tv":86073,"unc":false,"rw":"PN","rp":"BERSATU","rcand":"Thinagaranabhan a/l Padmanabhan","rpct":9.4},"geometry":{"type":"Polygon","coordinates":[[[100.2553,5.3824],[100.2588,5.3536],[100.2769,5.3314],[100.2817,5.3438],[100.2923,5.3459],[100.2928,5.3576],[100.2883,5.3586],[100.296,5.3663],[100.2949,5.3772],[100.31,5.3696],[100.3132,5.3573],[100.3169,5.3618],[100.3178,5.3796],[100.3077,5.3802],[100.3027,5.4087],[100.2661,5.3989],[100.2553,5.3824]]]}},{"type":"Feature","properties":{"c":"P.052","n":"Bayan Baru","s":"Pulau Pinang","w":"PH","p":"PKR","cand":"Sim Tze Tzin","pct":61.5,"maj":34902,"nc":6,"tv":89708,"unc":false,"rw":"PN","rp":"GERAKAN","rcand":"Oh Tong Keong","rpct":22.6},"geometry":{"type":"MultiPolygon","coordinates":[[[[100.3134,5.3257],[100.3071,5.3121],[100.3095,5.301],[100.3132,5.3122],[100.3252,5.3178],[100.3237,5.3358],[100.3134,5.3257]]],[[[100.2769,5.3314],[100.2715,5.324],[100.2581,5.3245],[100.2554,5.3145],[100.2749,5.3012],[100.2549,5.2819],[100.2808,5.2572],[100.3165,5.3581],[100.2982,5.3779],[100.2883,5.3586],[100.2928,5.3576],[100.2923,5.3459],[100.2817,5.3438],[100.2769,5.3314]]]]}},{"type":"Feature","properties":{"c":"P.053","n":"Balik Pulau","s":"Pulau Pinang","w":"PH","p":"PKR","cand":"Muhammad Bakhtiar bin Wan Chik","pct":38.4,"maj":1582,"nc":6,"tv":63911,"unc":false,"rw":"PN","rp":"BERSATU","rcand":"Muhammad Harris Idaham bin Abdul Rashid","rpct":36.0},"geometry":{"type":"Polygon","coordinates":[[[100.2379,5.4653],[100.2091,5.4588],[100.1958,5.4727],[100.1865,5.4712],[100.1854,5.4783],[100.1757,5.4738],[100.184,5.4543],[100.177,5.4337],[100.188,5.4311],[100.1968,5.4197],[100.1879,5.3661],[100.1967,5.3393],[100.1974,5.311],[100.1828,5.3046],[100.1857,5.2968],[100.1777,5.2827],[100.1853,5.2667],[100.1882,5.2804],[100.2216,5.2801],[100.2253,5.2876],[100.2379,5.2838],[100.2448,5.2734],[100.2749,5.3012],[100.2554,5.3145],[100.2581,5.3245],[100.2715,5.324],[100.2769,5.3314],[100.2588,5.3536],[100.2583,5.3822],[100.2507,5.3784],[100.2439,5.3865],[100.2422,5.3818],[100.2351,5.3958],[100.2417,5.4146],[100.2478,5.4164],[100.242,5.4197],[100.2384,5.4449],[100.2427,5.4628],[100.2379,5.4653]]]}},{"type":"Feature","properties":{"c":"P.054","n":"Gerik","s":"Perak","w":"PN","p":"BERSATU","cand":"Fathul Huzir bin Ayob","pct":43.6,"maj":1377,"nc":3,"tv":34612,"unc":false,"rw":"BN","rp":"UMNO","rcand":"Asyraf Wajdi Dusuki","rpct":39.7},"geometry":{"type":"Polygon","coordinates":[[[100.931,5.5159],[100.9369,5.5047],[100.9502,5.5059],[100.9595,5.4979],[100.9958,5.5089],[101.0024,5.4995],[101.0394,5.503],[101.0928,5.4606],[101.0857,5.4586],[101.1131,5.4268],[101.1514,5.4204],[101.1605,5.4362],[101.1739,5.4365],[101.1767,5.4132],[101.1919,5.4191],[101.2143,5.4064],[101.2381,5.4286],[101.2575,5.4248],[101.2593,5.4187],[101.2504,5.4103],[101.2398,5.4084],[101.2529,5.3893],[101.2395,5.3828],[101.2287,5.3662],[101.2486,5.3574],[101.2551,5.345],[101.2536,5.3345],[101.2394,5.3206],[101.2526,5.3054],[101.247,5.2959],[101.2512,5.2834],[101.2462,5.2561],[101.2568,5.2451],[101.2759,5.1861],[101.2955,5.1702],[101.3003,5.1776],[101.314,5.1765],[101.3275,5.1569],[101.3376,5.1532],[101.3502,5.1131],[101.3594,5.1037],[101.3685,5.1166],[101.3971,5.1004],[101.411,5.0837],[101.4254,5.0298],[101.4491,5.0149],[101.4602,5.031],[101.4656,5.0749],[101.4852,5.0892],[101.4773,5.1086],[101.4866,5.1326],[101.4818,5.1519],[101.5161,5.2156],[101.51,5.2317],[101.5219,5.2421],[101.521,5.2679],[101.5284,5.2722],[101.5345,5.2613],[101.5473,5.2629],[101.5474,5.2786],[101.5734,5.2914],[101.5692,5.3001],[101.5752,5.3279],[101.5996,5.3306],[101.6052,5.346],[101.6194,5.3512],[101.6277,5.341],[101.6394,5.3385],[101.6461,5.3448],[101.6727,5.3242],[101.6779,5.3338],[101.6993,5.3304],[101.7026,5.3388],[101.7349,5.351],[101.7526,5.3713],[101.7429,5.3804],[101.7445,5.42],[101.7346,5.4583],[101.7472,5.4712],[101.7483,5.4999],[101.7407,5.5096],[101.7294,5.497],[101.7231,5.5001],[101.7209,5.5128],[101.7027,5.5081],[101.6932,5.4985],[101.6804,5.5106],[101.6646,5.5074],[101.656,5.5208],[101.6886,5.5867],[101.6506,5.6134],[101.6567,5.6136],[101.6547,5.6201],[101.6631,5.6309],[101.6569,5.6428],[101.6584,5.6615],[101.6952,5.7028],[101.6891,5.7244],[101.6937,5.7307],[101.6876,5.7811],[101.6788,5.7809],[101.6691,5.7906],[101.6677,5.8078],[101.6627,5.8148],[101.6578,5.8123],[101.6614,5.8482],[101.6556,5.8579],[101.6623,5.868],[101.655,5.8774],[101.6422,5.8702],[101.6224,5.8775],[101.6154,5.9109],[101.5974,5.9122],[101.5817,5.9344],[101.5591,5.919],[101.5405,5.919],[101.5267,5.9091],[101.524,5.8988],[101.5137,5.9032],[101.4944,5.8816],[101.4874,5.8836],[101.4859,5.8698],[101.4642,5.8764],[101.4553,5.8673],[101.427,5.8754],[101.3914,5.8757],[101.3904,5.8589],[101.3801,5.8502],[101.3754,5.8335],[101.3501,5.8269],[101.3461,5.8084],[101.3369,5.8066],[101.3256,5.8137],[101.3135,5.8019],[101.3047,5.8135],[101.2765,5.8119],[101.2638,5.8007],[101.2498,5.7597],[101.2603,5.7319],[101.26,5.7115],[101.2419,5.6913],[101.2185,5.6875],[101.2224,5.6757],[101.215,5.6615],[101.2048,5.6601],[101.1965,5.6493],[101.1723,5.6476],[101.1676,5.6335],[101.1446,5.6229],[101.1423,5.6135],[101.1326,5.6145],[101.1189,5.6706],[101.0987,5.6894],[101.0957,5.7028],[101.086,5.7119],[101.0808,5.7098],[101.0829,5.7201],[101.0622,5.7267],[101.0602,5.7442],[101.0339,5.7379],[101.0176,5.7673],[101.0072,5.7698],[100.9945,5.7854],[100.9799,5.7728],[100.9624,5.7759],[100.9446,5.7674],[100.941,5.7635],[100.9503,5.7543],[100.9485,5.7434],[100.9649,5.7281],[100.9836,5.7223],[100.9785,5.7182],[100.9756,5.6843],[100.9672,5.6744],[100.9664,5.6485],[100.9576,5.6421],[100.9385,5.6472],[100.9472,5.628],[100.9239,5.6171],[100.9224,5.6022],[100.9408,5.5902],[100.9448,5.58],[100.9342,5.5718],[100.9414,5.5535],[100.931,5.5159]]]}},{"type":"Feature","properties":{"c":"P.055","n":"Lenggong","s":"Perak","w":"BN","p":"UMNO","cand":"Shamsul Anuar bin Nasarah","pct":45.5,"maj":879,"nc":3,"tv":27679,"unc":false,"rw":"PN","rp":"PAS","rcand":"Muhammad Rif'aat bin Razman","rpct":42.3},"geometry":{"type":"Polygon","coordinates":[[[100.931,5.5159],[100.9104,5.4917],[100.8956,5.4918],[100.8932,5.4977],[100.8825,5.4924],[100.8848,5.484],[100.8748,5.4795],[100.8658,5.4603],[100.8672,5.4288],[100.875,5.4205],[100.8843,5.4144],[100.8989,5.4217],[100.9118,5.4121],[100.9117,5.3907],[100.9353,5.3434],[100.9261,5.3382],[100.9282,5.3282],[100.9355,5.3048],[100.9454,5.2975],[100.9512,5.2666],[100.9486,5.2522],[100.9261,5.2455],[100.9129,5.2197],[100.8911,5.2068],[100.9301,5.1645],[100.9318,5.1548],[100.9206,5.1473],[100.9255,5.1403],[100.9211,5.1315],[100.9272,5.129],[100.9219,5.1188],[100.9276,5.1127],[100.9174,5.0946],[100.9217,5.0866],[100.9108,5.0818],[100.9108,5.0689],[100.9003,5.066],[100.8966,5.0572],[100.8878,5.0574],[100.8883,5.0445],[100.881,5.041],[100.8793,5.0309],[100.8888,5.0246],[100.8834,5.0183],[100.8909,5.0192],[100.8936,5.0074],[100.876,5.0028],[100.8762,4.9912],[100.8655,4.9813],[100.8726,4.968],[100.9194,4.9851],[100.9676,4.9748],[100.9896,4.9819],[101.0109,4.9667],[101.0263,4.9696],[101.0431,4.9994],[101.0471,5.0215],[101.0643,5.0237],[101.0659,5.0439],[101.075,5.0468],[101.0812,5.067],[101.1001,5.0759],[101.1072,5.0667],[101.1176,5.074],[101.1399,5.0619],[101.1551,5.063],[101.1572,5.0743],[101.1899,5.0997],[101.1951,5.089],[101.2097,5.0944],[101.2309,5.1393],[101.2698,5.138],[101.2892,5.1509],[101.2979,5.1651],[101.2785,5.1809],[101.2568,5.2451],[101.2462,5.2561],[101.2512,5.2834],[101.247,5.2959],[101.2526,5.3054],[101.2394,5.3206],[101.2536,5.3345],[101.2551,5.345],[101.2486,5.3574],[101.2287,5.3662],[101.2395,5.3828],[101.2529,5.3893],[101.2398,5.4084],[101.2504,5.4103],[101.2593,5.4187],[101.2575,5.4248],[101.2381,5.4286],[101.2143,5.4064],[101.1919,5.4191],[101.1767,5.4132],[101.1739,5.4365],[101.1605,5.4362],[101.1514,5.4204],[101.1131,5.4268],[101.0857,5.4586],[101.0928,5.4606],[101.0394,5.503],[101.0024,5.4995],[100.9958,5.5089],[100.9595,5.4979],[100.9502,5.5059],[100.9369,5.5047],[100.931,5.5159]]]}},{"type":"Feature","properties":{"c":"P.056","n":"Larut","s":"Perak","w":"PN","p":"BERSATU","cand":"Hamzah bin Zainudin","pct":54.7,"maj":11598,"nc":4,"tv":51875,"unc":false,"rw":"BN","rp":"UMNO","rcand":"Mohd Shafiq Fhadly bin Mahmud","rpct":32.3},"geometry":{"type":"Polygon","coordinates":[[[100.6249,5.1428],[100.6325,5.1316],[100.6802,5.1334],[100.7139,5.1174],[100.734,5.0047],[100.73,4.9655],[100.7129,4.9378],[100.7178,4.9358],[100.7162,4.9205],[100.7493,4.9354],[100.7728,4.8962],[100.8047,4.8591],[100.849,4.8787],[100.8558,4.8881],[100.8567,4.9131],[100.8667,4.9233],[100.8575,4.9381],[100.8728,4.95],[100.8668,4.9853],[100.8762,4.9912],[100.876,5.0028],[100.8936,5.0074],[100.8909,5.0192],[100.8834,5.0183],[100.8888,5.0246],[100.8793,5.0309],[100.881,5.041],[100.8883,5.0445],[100.8878,5.0574],[100.8966,5.0572],[100.9003,5.066],[100.9108,5.0689],[100.9108,5.0818],[100.9217,5.0866],[100.9174,5.0946],[100.9276,5.1127],[100.9219,5.1188],[100.9272,5.129],[100.9211,5.1315],[100.9255,5.1403],[100.9206,5.1473],[100.9318,5.1548],[100.9301,5.1645],[100.8911,5.2068],[100.9129,5.2197],[100.9261,5.2455],[100.9486,5.2522],[100.9512,5.2666],[100.9454,5.2975],[100.9355,5.3048],[100.9282,5.3282],[100.9261,5.3382],[100.9353,5.3434],[100.9117,5.3907],[100.9118,5.4121],[100.8989,5.4217],[100.8843,5.4144],[100.8686,5.4302],[100.8532,5.4069],[100.8609,5.3989],[100.848,5.379],[100.8487,5.3516],[100.822,5.3322],[100.8186,5.3209],[100.7862,5.3233],[100.783,5.3145],[100.7511,5.3197],[100.7348,5.312],[100.7305,5.2677],[100.691,5.2455],[100.6867,5.2218],[100.679,5.2193],[100.661,5.1817],[100.6515,5.1835],[100.6466,5.1724],[100.6288,5.1643],[100.6249,5.1428]]]}},{"type":"Feature","properties":{"c":"P.057","n":"Parit Buntar","s":"Perak","w":"PN","p":"PAS","cand":"Mohd Misbahul Munir bin Masduki (Ustaz Misbah)","pct":43.9,"maj":5395,"nc":4,"tv":52903,"unc":false,"rw":"PH","rp":"AMANAH","rcand":"Mujahid bin Yusof","rpct":33.7},"geometry":{"type":"Polygon","coordinates":[[[100.4921,5.1328],[100.4079,5.1228],[100.3917,5.129],[100.3806,5.1106],[100.3647,5.1009],[100.3616,5.0871],[100.3799,5.0771],[100.374,5.0746],[100.3826,5.0445],[100.4056,4.9982],[100.4114,4.9957],[100.4301,5.0175],[100.4414,5.0221],[100.4434,5.0327],[100.4615,5.0314],[100.4651,5.0596],[100.4764,5.0768],[100.4725,5.0834],[100.481,5.1005],[100.4993,5.1041],[100.512,5.0978],[100.5115,5.1113],[100.5193,5.1161],[100.5093,5.1263],[100.4994,5.1182],[100.4921,5.1328]]]}},{"type":"Feature","properties":{"c":"P.058","n":"Bagan Serai","s":"Perak","w":"PN","p":"PAS","cand":"Idris bin Ahmad","pct":54.0,"maj":18551,"nc":4,"tv":62533,"unc":false,"rw":"BN","rp":"UMNO","rcand":"Zul Helmi bin Ghazali","rpct":24.3},"geometry":{"type":"Polygon","coordinates":[[[100.6249,5.1428],[100.619,5.1326],[100.6062,5.1331],[100.6048,5.127],[100.5893,5.1211],[100.585,5.0973],[100.5515,5.0765],[100.5544,5.0905],[100.5452,5.0881],[100.5429,5.096],[100.5288,5.0876],[100.5225,5.096],[100.4993,5.1041],[100.481,5.1005],[100.4725,5.0834],[100.4764,5.0768],[100.4651,5.0596],[100.4615,5.0314],[100.4434,5.0327],[100.4414,5.0221],[100.4139,5.0022],[100.4114,4.9957],[100.4214,4.9898],[100.4247,4.9482],[100.443,4.9168],[100.4641,4.9235],[100.4675,4.9306],[100.5032,4.9157],[100.4816,4.8999],[100.4863,4.8644],[100.5191,4.8609],[100.5293,4.8785],[100.547,4.8826],[100.5509,4.863],[100.5585,4.859],[100.5726,4.8635],[100.5848,4.8449],[100.6211,4.8422],[100.6268,4.8735],[100.6345,4.872],[100.6371,4.8804],[100.6293,4.8861],[100.6393,4.8907],[100.6352,4.8982],[100.652,4.9098],[100.6581,4.9046],[100.6816,4.9243],[100.7022,4.9287],[100.7176,4.9424],[100.73,4.9655],[100.7324,5.0207],[100.7192,5.0685],[100.7139,5.1174],[100.6802,5.1334],[100.6325,5.1316],[100.6249,5.1428]]]}},{"type":"Feature","properties":{"c":"P.059","n":"Bukit Gantang","s":"Perak","w":"PN","p":"BERSATU","cand":"Syed Abu Hussin bin Hafiz Syed Abdul Fasal","pct":45.6,"maj":12756,"nc":4,"tv":71567,"unc":false,"rw":"BN","rp":"UMNO","rcand":"Mohammad Sollehin bin Mohamad Tajie","rpct":27.8},"geometry":{"type":"MultiPolygon","coordinates":[[[[100.7129,4.9378],[100.7022,4.9287],[100.6816,4.9243],[100.6581,4.9046],[100.652,4.9098],[100.6352,4.8982],[100.6393,4.8907],[100.6293,4.8861],[100.6371,4.8804],[100.6345,4.872],[100.6268,4.8735],[100.6211,4.8422],[100.5848,4.8449],[100.5726,4.863],[100.5495,4.847],[100.5601,4.7892],[100.5964,4.7819],[100.6084,4.7916],[100.6245,4.791],[100.6107,4.7809],[100.6066,4.764],[100.5986,4.7603],[100.5853,4.7655],[100.5805,4.7586],[100.5769,4.7444],[100.5856,4.699],[100.5966,4.6702],[100.6224,4.6787],[100.6377,4.6752],[100.6479,4.6846],[100.656,4.6829],[100.6515,4.6758],[100.6574,4.6733],[100.602,4.6356],[100.5875,4.6027],[100.5843,4.5689],[100.6184,4.5546],[100.6406,4.5653],[100.6574,4.5649],[100.6468,4.5426],[100.6335,4.5325],[100.644,4.5269],[100.7392,4.5246],[100.7728,4.5831],[100.7821,4.5816],[100.7886,4.5879],[100.7897,4.6031],[100.7977,4.609],[100.8105,4.6457],[100.7968,4.6693],[100.8063,4.6837],[100.7849,4.6946],[100.7807,4.707],[100.7936,4.7192],[100.7973,4.7433],[100.8112,4.7613],[100.8065,4.8077],[100.7541,4.7978],[100.751,4.8149],[100.7405,4.8149],[100.729,4.8364],[100.7109,4.8264],[100.7208,4.8151],[100.7098,4.8103],[100.6932,4.8486],[100.7009,4.8499],[100.6953,4.8619],[100.7096,4.8778],[100.7213,4.8793],[100.7178,4.9358],[100.7129,4.9378]]]]}},{"type":"Feature","properties":{"c":"P.060","n":"Taiping","s":"Perak","w":"PH","p":"DAP","cand":"Wong Kah Woh","pct":55.6,"maj":25529,"nc":6,"tv":84769,"unc":false,"rw":"PN","rp":"GERAKAN","rcand":"See Tean Seng","rpct":25.4},"geometry":{"type":"Polygon","coordinates":[[[100.7162,4.9205],[100.7213,4.8793],[100.7096,4.8778],[100.6953,4.8619],[100.7009,4.8499],[100.6932,4.8486],[100.7098,4.8103],[100.7208,4.8151],[100.7109,4.8264],[100.729,4.8364],[100.7405,4.8149],[100.751,4.8149],[100.7541,4.7978],[100.8065,4.8077],[100.8064,4.8591],[100.7728,4.8962],[100.7671,4.9118],[100.7613,4.9124],[100.757,4.9296],[100.7476,4.9354],[100.7162,4.9205]]]}},{"type":"Feature","properties":{"c":"P.061","n":"Padang Rengas","s":"Perak","w":"PN","p":"BERSATU","cand":"Azahari bin Hasan","pct":43.3,"maj":3046,"nc":3,"tv":29878,"unc":false,"rw":"BN","rp":"UMNO","rcand":"Mohd Arrif bin Abdul Majid","rpct":33.1},"geometry":{"type":"Polygon","coordinates":[[[100.8726,4.968],[100.8686,4.9591],[100.8728,4.95],[100.8575,4.9381],[100.8667,4.9233],[100.8545,4.9075],[100.8558,4.8881],[100.849,4.8787],[100.8327,4.8756],[100.8064,4.8591],[100.8042,4.7929],[100.8114,4.7811],[100.8112,4.7613],[100.7973,4.7433],[100.7936,4.7192],[100.7807,4.707],[100.7849,4.6946],[100.8063,4.6837],[100.8728,4.7119],[100.8725,4.7309],[100.8804,4.7403],[100.877,4.7449],[100.8849,4.7479],[100.8932,4.7686],[100.9016,4.7673],[100.8982,4.7888],[100.9039,4.7953],[100.9176,4.7762],[100.9456,4.7802],[100.9479,4.796],[100.966,4.8248],[100.9478,4.861],[100.956,4.8997],[100.9805,4.8924],[100.9834,4.8849],[100.9947,4.8904],[100.9926,4.9057],[100.981,4.9147],[100.9776,4.968],[100.96,4.9606],[100.9552,4.9652],[100.9615,4.9752],[100.9194,4.9851],[100.8726,4.968]]]}},{"type":"Feature","properties":{"c":"P.062","n":"Sungai Siput","s":"Perak","w":"PH","p":"PKR","cand":"Kesavan a/l Subramaniam","pct":41.9,"maj":1846,"nc":7,"tv":51649,"unc":false,"rw":"BN","rp":"MIC","rcand":"Vigneswaran a/l Sanasee","rpct":38.3},"geometry":{"type":"Polygon","coordinates":[[[101.4491,5.0149],[101.4254,5.0298],[101.411,5.0837],[101.3971,5.1004],[101.3685,5.1166],[101.3594,5.1037],[101.3502,5.1131],[101.3376,5.1532],[101.3275,5.1569],[101.314,5.1765],[101.3003,5.1776],[101.2962,5.1602],[101.2806,5.1437],[101.2698,5.138],[101.2309,5.1393],[101.2097,5.0944],[101.1951,5.089],[101.1899,5.0997],[101.1572,5.0743],[101.1551,5.063],[101.1399,5.0619],[101.1176,5.074],[101.1072,5.0667],[101.1001,5.0759],[101.0812,5.067],[101.075,5.0468],[101.0659,5.0439],[101.0643,5.0237],[101.0471,5.0215],[101.0431,4.9994],[101.0263,4.9696],[101.0109,4.9667],[100.9896,4.9819],[100.9615,4.9752],[100.9552,4.9652],[100.96,4.9606],[100.9776,4.968],[100.981,4.9147],[100.9926,4.9057],[100.9947,4.8904],[100.9834,4.8849],[100.9805,4.8924],[100.956,4.8997],[100.9478,4.861],[100.966,4.8248],[100.9479,4.796],[100.9456,4.7802],[100.9805,4.7888],[100.9871,4.8002],[101.0154,4.8046],[101.0496,4.7814],[101.0488,4.7687],[101.0571,4.76],[101.0656,4.769],[101.0781,4.764],[101.1248,4.7841],[101.1919,4.7753],[101.1986,4.7634],[101.2131,4.76],[101.2178,4.7492],[101.2326,4.7552],[101.2519,4.7324],[101.2673,4.7326],[101.2707,4.7175],[101.2917,4.7084],[101.2973,4.6891],[101.3109,4.6783],[101.3304,4.6808],[101.3434,4.7134],[101.3506,4.7064],[101.3654,4.714],[101.3792,4.7081],[101.3875,4.7231],[101.3746,4.7613],[101.398,4.7624],[101.3958,4.7731],[101.4111,4.7986],[101.4151,4.8133],[101.4001,4.8336],[101.4021,4.8431],[101.4124,4.844],[101.4107,4.8556],[101.4242,4.8506],[101.4287,4.8572],[101.4465,4.8589],[101.4365,4.8779],[101.4448,4.8784],[101.4535,4.8916],[101.4535,4.9209],[101.4455,4.9403],[101.4491,4.9471],[101.4232,4.9785],[101.4327,4.9924],[101.4487,4.9974],[101.4491,5.0149]]]}},{"type":"Feature","properties":{"c":"P.063","n":"Tambun","s":"Perak","w":"PH","p":"PKR","cand":"Anwar bin Ibrahim","pct":39.8,"maj":3716,"nc":4,"tv":124819,"unc":false,"rw":"PN","rp":"BERSATU","rcand":"Ahmad Faizal bin Azumu (Peja)","rpct":36.8},"geometry":{"type":"Polygon","coordinates":[[[101.334,4.6842],[101.3109,4.6783],[101.2973,4.6891],[101.2917,4.7084],[101.2707,4.7175],[101.2673,4.7326],[101.2519,4.7324],[101.2326,4.7552],[101.2178,4.7492],[101.2131,4.76],[101.1986,4.7634],[101.1919,4.7753],[101.1248,4.7841],[101.0781,4.764],[101.0656,4.769],[101.0593,4.7625],[101.0529,4.7447],[101.039,4.7327],[101.0332,4.7133],[101.042,4.6975],[101.0298,4.6951],[101.0284,4.6734],[101.0183,4.6688],[101.02,4.6599],[101.0344,4.6508],[101.0536,4.6425],[101.0612,4.646],[101.0655,4.6392],[101.055,4.6124],[101.062,4.6083],[101.0725,4.6156],[101.0904,4.6529],[101.1387,4.6497],[101.1358,4.6185],[101.1233,4.612],[101.121,4.6008],[101.1369,4.5923],[101.1455,4.5724],[101.198,4.6035],[101.2218,4.6314],[101.2375,4.6182],[101.2406,4.6056],[101.2531,4.6093],[101.2765,4.5981],[101.2934,4.6041],[101.3216,4.5782],[101.3437,4.5754],[101.3539,4.5556],[101.3565,4.5693],[101.3488,4.592],[101.3738,4.6101],[101.3702,4.6212],[101.3767,4.6299],[101.3645,4.6349],[101.3578,4.6602],[101.334,4.6842]]]}},{"type":"Feature","properties":{"c":"P.064","n":"Ipoh Timor","s":"Perak","w":"PH","p":"DAP","cand":"Howard Lee Chuan How","pct":72.1,"maj":43888,"nc":3,"tv":79780,"unc":false,"rw":"PN","rp":"BERSATU","rcand":"Nor Afzainizam bin Salleh","rpct":17.1},"geometry":{"type":"Polygon","coordinates":[[[101.1369,4.6271],[101.1287,4.6217],[101.106,4.6265],[101.1024,4.5977],[101.0873,4.589],[101.0737,4.601],[101.0656,4.5914],[101.0682,4.5846],[101.052,4.5408],[101.0406,4.5411],[101.0383,4.5354],[101.0398,4.5287],[101.0494,4.5267],[101.0458,4.4927],[101.0527,4.4936],[101.0558,4.5088],[101.0651,4.5151],[101.0827,4.5647],[101.094,4.5753],[101.135,4.5886],[101.1369,4.5923],[101.1231,4.5954],[101.1206,4.6082],[101.1358,4.6185],[101.1369,4.6271]]]}},{"type":"Feature","properties":{"c":"P.065","n":"Ipoh Barat","s":"Perak","w":"PH","p":"DAP","cand":"M. Kulasegaran a/l V. Murugeson ","pct":81.6,"maj":56667,"nc":4,"tv":78356,"unc":false,"rw":"BN","rp":"MCA","rcand":"Low Guo Nan","rpct":9.3},"geometry":{"type":"Polygon","coordinates":[[[101.062,4.6083],[101.0554,4.5937],[101.0427,4.6059],[101.0382,4.5867],[101.0646,4.5781],[101.0656,4.5914],[101.0737,4.601],[101.0873,4.589],[101.1024,4.5977],[101.106,4.6265],[101.1287,4.6217],[101.1387,4.6284],[101.1387,4.6497],[101.0904,4.6529],[101.0725,4.6156],[101.062,4.6083]]]}},{"type":"Feature","properties":{"c":"P.066","n":"Batu Gajah","s":"Perak","w":"PH","p":"DAP","cand":"Sivakumar a/l Varatharaju Naidu","pct":81.4,"maj":53836,"nc":3,"tv":74955,"unc":false,"rw":"PN","rp":"GERAKAN","rcand":"Woo Cheong Yuen","rpct":9.6},"geometry":{"type":"Polygon","coordinates":[[[101.02,4.6599],[101.0088,4.6428],[101.0144,4.6364],[101.0086,4.6119],[101.0139,4.597],[100.9979,4.5848],[100.9954,4.5584],[100.947,4.4524],[100.9422,4.3924],[100.9784,4.3892],[100.9776,4.3683],[101.0001,4.3548],[100.998,4.3639],[101.0271,4.363],[101.0091,4.4512],[101.0217,4.4508],[101.0233,4.4686],[101.0447,4.4602],[101.0399,4.4795],[101.0257,4.4915],[101.0266,4.4997],[101.0291,4.5086],[101.0439,4.5017],[101.0494,4.5267],[101.0398,4.5287],[101.0383,4.5354],[101.0406,4.5411],[101.052,4.5408],[101.0646,4.5781],[101.0382,4.5867],[101.0427,4.6059],[101.0554,4.5937],[101.062,4.6083],[101.055,4.6124],[101.0564,4.6195],[101.0655,4.6392],[101.0612,4.646],[101.0536,4.6425],[101.02,4.6599]]]}},{"type":"Feature","properties":{"c":"P.067","n":"Kuala Kangsar","s":"Perak","w":"PN","p":"BERSATU","cand":"Iskandar Dzulkarnain bin Abdul Khalid","pct":40.2,"maj":3566,"nc":4,"tv":35754,"unc":false,"rw":"BN","rp":"UMNO","rcand":"Maslin Sham bin Razman","rpct":30.2},"geometry":{"type":"Polygon","coordinates":[[[100.921,4.5562],[100.9929,4.5556],[100.9979,4.5848],[101.0139,4.597],[101.0086,4.6119],[101.0144,4.6364],[101.0088,4.6428],[101.0194,4.6554],[101.0183,4.6688],[101.0284,4.6734],[101.0271,4.6916],[101.042,4.6975],[101.0332,4.7133],[101.0571,4.76],[101.0488,4.7687],[101.0496,4.7814],[101.0154,4.8046],[100.9871,4.8002],[100.9805,4.7888],[100.9281,4.7756],[100.9176,4.7762],[100.9039,4.7953],[100.8982,4.7888],[100.9016,4.7673],[100.8932,4.7686],[100.8849,4.7479],[100.877,4.7449],[100.8804,4.7403],[100.8725,4.7309],[100.8728,4.7119],[100.7973,4.6751],[100.8105,4.6457],[100.7977,4.609],[100.7897,4.6031],[100.7886,4.5879],[100.7821,4.5816],[100.7728,4.5831],[100.7392,4.5246],[100.9027,4.5662],[100.921,4.5562]]]}},{"type":"Feature","properties":{"c":"P.068","n":"Beruas","s":"Perak","w":"PH","p":"DAP","cand":"Ngeh Koo Ham","pct":64.7,"maj":33971,"nc":3,"tv":72173,"unc":false,"rw":"PN","rp":"GERAKAN","rcand":"Ong Kean Sing","rpct":17.7},"geometry":{"type":"Polygon","coordinates":[[[100.6283,4.5363],[100.6189,4.5153],[100.6181,4.4471],[100.6069,4.4244],[100.594,4.4228],[100.5925,4.4299],[100.5855,4.4242],[100.5827,4.4167],[100.5945,4.3984],[100.5866,4.3972],[100.5854,4.375],[100.5649,4.3282],[100.5714,4.322],[100.577,4.3255],[100.5772,4.3113],[100.5948,4.3147],[100.5893,4.3036],[100.5951,4.293],[100.6114,4.2932],[100.6187,4.3006],[100.6145,4.3199],[100.6321,4.3207],[100.6323,4.3262],[100.6507,4.3346],[100.6581,4.3278],[100.6572,4.3383],[100.6754,4.3467],[100.6754,4.3346],[100.6696,4.3318],[100.6736,4.3181],[100.6945,4.3184],[100.7004,4.2942],[100.7387,4.2603],[100.7241,4.2369],[100.7339,4.2295],[100.7299,4.2237],[100.7091,4.2377],[100.6941,4.2241],[100.6699,4.2253],[100.6659,4.2111],[100.6753,4.2025],[100.6661,4.1801],[100.6787,4.1769],[100.6769,4.1825],[100.6919,4.1843],[100.7051,4.1773],[100.7109,4.1643],[100.7349,4.1673],[100.7448,4.1562],[100.7507,4.1792],[100.7468,4.187],[100.7537,4.1956],[100.7494,4.199],[100.7582,4.2115],[100.7681,4.2106],[100.7632,4.2149],[100.7737,4.2316],[100.7699,4.234],[100.7871,4.2529],[100.7967,4.2605],[100.8244,4.2399],[100.8188,4.3574],[100.8022,4.3701],[100.8032,4.4822],[100.8175,4.4866],[100.8269,4.4773],[100.8352,4.49],[100.8487,4.4871],[100.8563,4.5001],[100.855,4.5444],[100.8609,4.555],[100.7392,4.5246],[100.644,4.5269],[100.6283,4.5363]]]}},{"type":"Feature","properties":{"c":"P.069","n":"Parit","s":"Perak","w":"PN","p":"PAS","cand":"Muhammad Ismi bin Mat Taib","pct":45.8,"maj":2155,"nc":4,"tv":37545,"unc":false,"rw":"BN","rp":"UMNO","rcand":"Mohd Nizar bin Zakaria","rpct":40.0},"geometry":{"type":"Polygon","coordinates":[[[100.9929,4.5556],[100.9224,4.5554],[100.9027,4.5662],[100.8609,4.555],[100.855,4.5444],[100.8563,4.5001],[100.8487,4.4871],[100.8352,4.49],[100.8269,4.4773],[100.8175,4.4866],[100.8032,4.4822],[100.8022,4.3701],[100.8188,4.3574],[100.8248,4.236],[100.9036,4.2511],[100.9178,4.2578],[100.9146,4.2657],[101.0072,4.2972],[101.0113,4.325],[101.0069,4.3424],[101.0001,4.3548],[100.9776,4.3683],[100.9784,4.3892],[100.9422,4.3924],[100.947,4.4524],[100.9929,4.5556]]]}},{"type":"Feature","properties":{"c":"P.070","n":"Kampar","s":"Perak","w":"PH","p":"DAP","cand":"Chong Zhenmin","pct":51.3,"maj":14330,"nc":4,"tv":59386,"unc":false,"rw":"BN","rp":"MCA","rcand":"Lee Chee Leong","rpct":27.2},"geometry":{"type":"Polygon","coordinates":[[[101.0001,4.3548],[101.0113,4.325],[101.0072,4.2972],[100.9909,4.2881],[101.0002,4.2701],[101.0398,4.2677],[101.0408,4.255],[101.0673,4.2493],[101.1168,4.2472],[101.1336,4.2575],[101.1463,4.2573],[101.152,4.2742],[101.194,4.2845],[101.1932,4.325],[101.2001,4.3332],[101.2292,4.3442],[101.2977,4.3479],[101.2973,4.3604],[101.3153,4.3695],[101.3081,4.3827],[101.3183,4.4118],[101.2036,4.4122],[101.1927,4.4334],[101.2048,4.445],[101.1975,4.4435],[101.1921,4.4506],[101.1428,4.4449],[101.1392,4.4546],[101.1332,4.4436],[101.1241,4.4509],[101.1222,4.4673],[101.1092,4.4647],[101.0999,4.4864],[101.0828,4.4747],[101.0675,4.474],[101.0627,4.4506],[101.0471,4.4502],[101.0447,4.4602],[101.0233,4.4686],[101.0217,4.4508],[101.0093,4.4523],[101.0271,4.363],[100.998,4.3639],[101.0001,4.3548]]]}},{"type":"Feature","properties":{"c":"P.071","n":"Gopeng","s":"Perak","w":"PH","p":"PKR","cand":"Tan Kar Hing","pct":53.9,"maj":27148,"nc":4,"tv":103638,"unc":false,"rw":"PN","rp":"BERSATU","rcand":"Muhammad Farhan bin Abdul Rahim","rpct":27.7},"geometry":{"type":"Polygon","coordinates":[[[101.135,4.5886],[101.094,4.5753],[101.0827,4.5647],[101.0838,4.5563],[101.0752,4.5492],[101.0518,4.4926],[101.0291,4.5086],[101.0257,4.4915],[101.0399,4.4795],[101.0471,4.4502],[101.0627,4.4506],[101.0675,4.474],[101.0828,4.4747],[101.0999,4.4864],[101.1092,4.4647],[101.1222,4.4673],[101.1241,4.4509],[101.1332,4.4436],[101.1392,4.4546],[101.1428,4.4449],[101.1921,4.4506],[101.1975,4.4435],[101.2048,4.445],[101.1927,4.4334],[101.2036,4.4122],[101.3183,4.4118],[101.3251,4.4213],[101.3582,4.3968],[101.3494,4.4123],[101.3528,4.4286],[101.3327,4.4321],[101.3328,4.446],[101.3582,4.46],[101.3591,4.4756],[101.3684,4.4858],[101.3607,4.4971],[101.3744,4.4966],[101.3868,4.5054],[101.3821,4.5235],[101.3652,4.5282],[101.3437,4.5754],[101.3216,4.5782],[101.2934,4.6041],[101.2765,4.5981],[101.2531,4.6093],[101.2406,4.6056],[101.2375,4.6182],[101.2218,4.6314],[101.173,4.5849],[101.1617,4.5855],[101.1455,4.5724],[101.135,4.5886]]]}},{"type":"Feature","properties":{"c":"P.072","n":"Tapah","s":"Perak","w":"BN","p":"MIC","cand":"Saravanan a/l Murugan","pct":41.4,"maj":5064,"nc":6,"tv":44481,"unc":false,"rw":"PH","rp":"PKR","rcand":"Saraswathy a/p Kandasami","rpct":30.0},"geometry":{"type":"Polygon","coordinates":[[[101.0673,4.2493],[101.0999,4.1801],[101.1084,4.1841],[101.1217,4.1613],[101.1152,4.1504],[101.1212,4.1467],[101.1176,4.1404],[101.1367,4.1309],[101.1314,4.1169],[101.1422,4.1223],[101.2345,4.0296],[101.2493,4.032],[101.2716,4.0479],[101.2403,4.0526],[101.2428,4.0758],[101.2671,4.0964],[101.2635,4.1081],[101.2777,4.1078],[101.286,4.1198],[101.2994,4.1184],[101.3003,4.1421],[101.2925,4.1488],[101.303,4.1597],[101.4395,4.2218],[101.4421,4.2283],[101.4519,4.2249],[101.4528,4.2429],[101.4649,4.2567],[101.4446,4.2746],[101.4503,4.3148],[101.4446,4.3321],[101.4212,4.3459],[101.4341,4.3566],[101.437,4.3735],[101.4438,4.3775],[101.4374,4.3916],[101.4073,4.3927],[101.3924,4.4087],[101.3686,4.4053],[101.3668,4.3984],[101.3582,4.3968],[101.3251,4.4213],[101.3081,4.3827],[101.3153,4.3695],[101.2973,4.3604],[101.2977,4.3479],[101.2292,4.3442],[101.2001,4.3332],[101.1932,4.325],[101.194,4.2845],[101.152,4.2742],[101.1463,4.2573],[101.1336,4.2575],[101.1168,4.2472],[101.0673,4.2493]]]}},{"type":"Feature","properties":{"c":"P.073","n":"Pasir Salak","s":"Perak","w":"PN","p":"PAS","cand":"Jamaludin bin Yahya","pct":43.7,"maj":5003,"nc":4,"tv":57023,"unc":false,"rw":"BN","rp":"UMNO","rcand":"Khairul Azwan bin Harun","rpct":34.9},"geometry":{"type":"Polygon","coordinates":[[[100.7669,4.2191],[100.781,4.2081],[100.7693,4.1873],[100.7727,4.1676],[100.7617,4.1343],[100.7863,4.1127],[100.787,4.0886],[100.7952,4.0907],[100.7976,4.0808],[100.8105,4.0841],[100.8199,4.0733],[100.8265,4.0522],[100.8142,4.0538],[100.8053,4.0423],[100.8193,4.034],[100.8384,4.0418],[100.8539,4.0375],[100.8589,4.019],[100.8522,3.9807],[100.867,3.9625],[100.8829,3.9654],[100.9064,3.956],[100.9256,3.9656],[100.9422,3.9423],[100.9604,3.9484],[100.9595,3.9569],[100.9446,3.9662],[100.9462,3.9743],[100.9686,3.9672],[100.9729,3.9819],[100.9844,3.9876],[100.9777,4.009],[101.0006,3.9998],[101.0132,4.0199],[100.9684,4.0517],[100.9748,4.0648],[100.9987,4.0611],[101.0093,4.0804],[101.0073,4.1067],[101.0212,4.0954],[101.0194,4.0839],[101.0376,4.0744],[101.0476,4.0584],[101.0461,4.0426],[101.0588,4.03],[101.0928,4.0475],[101.0984,4.0346],[101.0939,4.0264],[101.116,4.0432],[101.1254,4.0338],[101.1167,4.0267],[101.1227,4.019],[101.1161,4.0094],[101.1267,4.01],[101.128,4.0002],[101.1555,4.0123],[101.1917,4.0157],[101.2125,4.0356],[101.2345,4.0296],[101.1422,4.1223],[101.1314,4.1169],[101.1367,4.1309],[101.1176,4.1404],[101.1212,4.1467],[101.1152,4.1504],[101.1217,4.1613],[101.1084,4.1841],[101.0999,4.1801],[101.0673,4.2493],[101.0408,4.255],[101.0398,4.2677],[101.0002,4.2701],[100.9909,4.2881],[100.9146,4.2657],[100.9178,4.2578],[100.9036,4.2511],[100.8248,4.236],[100.7967,4.2605],[100.7699,4.234],[100.7737,4.2316],[100.7669,4.2191]]]}},{"type":"Feature","properties":{"c":"P.074","n":"Lumut","s":"Perak","w":"PN","p":"BERSATU","cand":"Nordin bin Ahmad Ismail","pct":35.4,"maj":363,"nc":5,"tv":71162,"unc":false,"rw":"BN","rp":"UMNO","rcand":"Zambry bin Abdul Kadir","rpct":34.9},"geometry":{"type":"MultiPolygon","coordinates":[[[[100.5649,4.3282],[100.5583,4.3088],[100.5714,4.313],[100.579,4.2962],[100.5859,4.295],[100.5849,4.2783],[100.5921,4.2735],[100.5944,4.2546],[100.5904,4.2556],[100.5927,4.2308],[100.61,4.2142],[100.6027,4.1905],[100.6138,4.1675],[100.6258,4.1569],[100.6371,4.1705],[100.6648,4.1704],[100.7033,4.153],[100.7193,4.1353],[100.7259,4.117],[100.7502,4.1045],[100.7624,4.0886],[100.7673,4.0437],[100.7605,4.0175],[100.7489,4.006],[100.7729,3.9991],[100.7972,4.0086],[100.8193,4.034],[100.8053,4.0423],[100.8077,4.0503],[100.8267,4.0531],[100.8105,4.0841],[100.7976,4.0808],[100.7952,4.0907],[100.787,4.0886],[100.7863,4.1127],[100.7617,4.1343],[100.7727,4.1676],[100.7693,4.1873],[100.781,4.2081],[100.7669,4.2191],[100.7658,4.2073],[100.7582,4.2115],[100.7494,4.199],[100.7537,4.1956],[100.7468,4.187],[100.7507,4.1792],[100.7448,4.1562],[100.7349,4.1673],[100.7109,4.1643],[100.7051,4.1773],[100.6919,4.1843],[100.6769,4.1825],[100.6787,4.1769],[100.6673,4.1787],[100.6753,4.2025],[100.6659,4.2111],[100.6699,4.2253],[100.6941,4.2241],[100.7091,4.2377],[100.7299,4.2237],[100.7339,4.2295],[100.7241,4.2369],[100.7387,4.2603],[100.7004,4.2942],[100.6945,4.3184],[100.6736,4.3181],[100.6696,4.3318],[100.6754,4.3346],[100.6754,4.3467],[100.6572,4.3383],[100.6581,4.3278],[100.6507,4.3346],[100.6323,4.3262],[100.6321,4.3207],[100.6145,4.3199],[100.6187,4.3006],[100.6114,4.2932],[100.5951,4.293],[100.5893,4.3036],[100.5948,4.3147],[100.5772,4.3113],[100.577,4.3255],[100.5714,4.322],[100.5649,4.3282]]],[[[100.6372,4.1553],[100.6563,4.1555],[100.6563,4.1671],[100.6372,4.1695],[100.6372,4.1553]]],[[[100.5446,4.2392],[100.5392,4.2259],[100.5452,4.2119],[100.5578,4.2102],[100.564,4.1904],[100.5814,4.1883],[100.5689,4.2492],[100.5641,4.2536],[100.5537,4.2493],[100.5505,4.2631],[100.5405,4.266],[100.5361,4.2609],[100.5456,4.2491],[100.5357,4.2454],[100.5446,4.2392]]]]}},{"type":"Feature","properties":{"c":"P.075","n":"Bagan Datuk","s":"Perak","w":"BN","p":"UMNO","cand":"Ahmad Zahid bin Hamidi","pct":39.6,"maj":348,"nc":4,"tv":41856,"unc":false,"rw":"PH","rp":"PKR","rcand":"Shamsul Iskandar bin Mohd Akin","rpct":38.8},"geometry":{"type":"Polygon","coordinates":[[[100.8193,4.034],[100.7839,4.0018],[100.7657,3.9996],[100.7405,4.0065],[100.7174,4.0041],[100.7069,3.9955],[100.7004,3.9552],[100.7031,3.9052],[100.7081,3.9042],[100.7069,3.8948],[100.7269,3.8603],[100.7739,3.8461],[100.8037,3.8608],[100.8411,3.8494],[100.8659,3.8563],[100.8914,3.8541],[100.9317,3.8702],[100.9449,3.868],[100.9382,3.8419],[100.9414,3.8308],[100.9641,3.829],[100.9785,3.8167],[100.9763,3.8063],[100.9594,3.797],[100.9576,3.7819],[100.9691,3.7701],[100.9846,3.7744],[100.9853,3.7938],[100.9929,3.802],[101.0044,3.7992],[101.0256,3.8078],[101.031,3.7945],[101.0249,3.7841],[101.0444,3.7851],[101.0611,3.7955],[101.0996,3.884],[101.0159,3.9045],[100.9808,3.9218],[100.9558,3.9451],[100.9341,3.947],[100.9256,3.9656],[100.9008,3.9557],[100.8829,3.9654],[100.8597,3.9655],[100.8522,3.9807],[100.8589,4.019],[100.8539,4.0375],[100.8384,4.0418],[100.8193,4.034]]]}},{"type":"Feature","properties":{"c":"P.076","n":"Teluk Intan","s":"Perak","w":"PH","p":"DAP","cand":"Nga Kor Ming","pct":51.6,"maj":15169,"nc":4,"tv":64194,"unc":false,"rw":"PN","rp":"BERSATU","rcand":"Zainol Fadzi bin Paharudin","rpct":28.0},"geometry":{"type":"Polygon","coordinates":[[[100.9558,3.9451],[100.9808,3.9218],[101.0159,3.9045],[101.0996,3.884],[101.0534,3.778],[101.0597,3.7526],[101.0652,3.7632],[101.0777,3.7674],[101.0885,3.7823],[101.092,3.7798],[101.087,3.7675],[101.1019,3.7505],[101.0726,3.7593],[101.0791,3.7451],[101.0726,3.7361],[101.0749,3.7289],[101.0814,3.7297],[101.084,3.7422],[101.0978,3.7444],[101.0992,3.7354],[101.1073,3.7333],[101.1104,3.7473],[101.1232,3.735],[101.1329,3.7647],[101.1347,3.7517],[101.1451,3.7447],[101.1329,3.7365],[101.154,3.7289],[101.1504,3.7417],[101.1556,3.7438],[101.1637,3.7232],[101.1656,3.7496],[101.1707,3.7279],[101.1916,3.7311],[101.175,3.7155],[101.17,3.7205],[101.1755,3.7094],[101.1898,3.7189],[101.198,3.7166],[101.1973,3.7266],[101.2043,3.7254],[101.2022,3.7207],[101.213,3.7158],[101.216,3.7063],[101.2409,3.7191],[101.2472,3.7294],[101.2344,4.0192],[101.2296,4.0298],[101.2125,4.0356],[101.1917,4.0157],[101.1555,4.0123],[101.128,4.0002],[101.1267,4.01],[101.1161,4.0094],[101.1227,4.019],[101.1167,4.0267],[101.1254,4.0338],[101.116,4.0432],[101.0939,4.0264],[101.0984,4.0346],[101.0928,4.0475],[101.0588,4.03],[101.0461,4.0426],[101.0476,4.0584],[101.0376,4.0744],[101.0194,4.0839],[101.0201,4.0973],[101.0047,4.106],[101.0093,4.0804],[100.9987,4.0611],[100.9748,4.0648],[100.9684,4.0517],[101.0132,4.0199],[101.0006,3.9998],[100.9777,4.009],[100.9844,3.9876],[100.9729,3.9819],[100.9686,3.9672],[100.9462,3.9743],[100.9446,3.9662],[100.9604,3.9554],[100.9558,3.9451]]]}},{"type":"Feature","properties":{"c":"P.077","n":"Tanjong Malim","s":"Perak","w":"PH","p":"PKR","cand":"Chang Lih Kang","pct":36.1,"maj":3541,"nc":6,"tv":69671,"unc":false,"rw":"PN","rp":"BERSATU","rcand":"Nolee Ashilin Mohammed Radzi","rpct":31.0},"geometry":{"type":"Polygon","coordinates":[[[101.2345,4.0296],[101.2294,4.0245],[101.2344,4.0192],[101.2472,3.7294],[101.2402,3.7209],[101.2501,3.7157],[101.2445,3.7013],[101.2504,3.6736],[101.2821,3.6681],[101.2965,3.6776],[101.3006,3.6708],[101.3209,3.6907],[101.3373,3.6894],[101.3474,3.7097],[101.3373,3.7474],[101.3262,3.7553],[101.3267,3.785],[101.3548,3.8022],[101.3731,3.8017],[101.3877,3.7713],[101.4186,3.7584],[101.421,3.7516],[101.4401,3.751],[101.4618,3.7146],[101.4748,3.7135],[101.4788,3.702],[101.4957,3.6993],[101.5174,3.6797],[101.5358,3.6783],[101.5479,3.7],[101.5702,3.711],[101.5817,3.7254],[101.5815,3.7397],[101.5909,3.7435],[101.6065,3.774],[101.6265,3.7719],[101.6157,3.7934],[101.5919,3.8033],[101.5981,3.8135],[101.5891,3.8376],[101.6033,3.8485],[101.5986,3.8593],[101.6056,3.8747],[101.5766,3.9024],[101.572,3.9164],[101.5784,3.9261],[101.5712,3.9426],[101.5795,3.9584],[101.5729,3.999],[101.5586,4.0128],[101.5576,4.0284],[101.5802,4.0741],[101.5795,4.0857],[101.5759,4.0972],[101.5691,4.0957],[101.5606,4.1097],[101.5353,4.1269],[101.516,4.1185],[101.5066,4.133],[101.5038,4.1531],[101.4955,4.1625],[101.5095,4.2075],[101.4795,4.2111],[101.4421,4.2283],[101.4395,4.2218],[101.3451,4.1817],[101.3435,4.1753],[101.3111,4.1661],[101.3125,4.1608],[101.3064,4.1622],[101.2925,4.1488],[101.3003,4.1421],[101.2994,4.1184],[101.286,4.1198],[101.2777,4.1078],[101.2635,4.1081],[101.2671,4.0964],[101.2428,4.0758],[101.2403,4.0526],[101.2548,4.0518],[101.2565,4.0468],[101.2646,4.0507],[101.2707,4.0437],[101.2345,4.0296]]]}},{"type":"Feature","properties":{"c":"P.078","n":"Cameron Highlands","s":"Pahang","w":"BN","p":"UMNO","cand":"Ramli bin Mohd Nor","pct":48.5,"maj":4544,"nc":3,"tv":33265,"unc":false,"rw":"PH","rp":"DAP","rcand":"Chiong Yoke Kong","rpct":34.8},"geometry":{"type":"Polygon","coordinates":[[[101.3738,4.6101],[101.3488,4.592],[101.3565,4.5693],[101.3546,4.5484],[101.3652,4.5282],[101.3821,4.5235],[101.3868,4.5054],[101.3744,4.4966],[101.3607,4.4971],[101.3684,4.4858],[101.3591,4.4756],[101.3582,4.46],[101.3328,4.446],[101.3327,4.4321],[101.3528,4.4286],[101.3494,4.4123],[101.3582,4.3968],[101.3668,4.3984],[101.3686,4.4053],[101.3924,4.4087],[101.4073,4.3927],[101.4374,4.3916],[101.4438,4.3775],[101.437,4.3735],[101.4341,4.3566],[101.4212,4.3459],[101.4446,4.3321],[101.4503,4.3148],[101.4446,4.2746],[101.4649,4.2567],[101.4528,4.2429],[101.4519,4.2249],[101.4795,4.2111],[101.5095,4.2075],[101.4955,4.1625],[101.516,4.1185],[101.5353,4.1269],[101.5606,4.1097],[101.5603,4.1029],[101.5759,4.0972],[101.5802,4.0741],[101.5869,4.0808],[101.5951,4.076],[101.616,4.0881],[101.6244,4.086],[101.6267,4.0929],[101.6692,4.0733],[101.6802,4.077],[101.6882,4.0683],[101.701,4.0695],[101.7128,4.0923],[101.7388,4.1014],[101.7358,4.1161],[101.75,4.1174],[101.7695,4.0888],[101.8055,4.0871],[101.8094,4.0347],[101.8501,4.0295],[101.8553,4.0481],[101.8774,4.0689],[101.8756,4.0754],[101.8869,4.0789],[101.8882,4.0715],[101.8951,4.0737],[101.9059,4.0945],[101.9007,4.0984],[101.9124,4.1023],[101.9285,4.1243],[101.9272,4.1486],[101.9432,4.1685],[101.9397,4.1798],[101.9456,4.182],[101.943,4.1983],[101.9319,4.2107],[101.9495,4.2282],[101.9391,4.2321],[101.9332,4.2295],[101.9365,4.2243],[101.9254,4.2302],[101.943,4.2568],[101.9404,4.2738],[101.9554,4.2952],[101.9222,4.3147],[101.8682,4.3199],[101.8586,4.3426],[101.8662,4.3448],[101.8694,4.3615],[101.8653,4.3727],[101.8559,4.3777],[101.8572,4.3988],[101.8474,4.4037],[101.8343,4.4311],[101.8496,4.4329],[101.8393,4.454],[101.8429,4.4707],[101.8483,4.4707],[101.8487,4.4927],[101.8635,4.4972],[101.8631,4.5093],[101.8725,4.5102],[101.8671,4.5484],[101.8793,4.5538],[101.8802,4.5731],[101.8878,4.5763],[101.8963,4.5952],[101.9071,4.5965],[101.9058,4.6055],[101.9121,4.6115],[101.901,4.6098],[101.8938,4.6165],[101.8881,4.6356],[101.8928,4.6513],[101.8893,4.6718],[101.8701,4.6772],[101.8624,4.6933],[101.8508,4.684],[101.8469,4.6872],[101.8418,4.7195],[101.8237,4.7172],[101.8192,4.7254],[101.8217,4.7509],[101.8165,4.7595],[101.8021,4.7632],[101.7969,4.7559],[101.7807,4.7586],[101.7751,4.7512],[101.7776,4.7071],[101.77,4.679],[101.7744,4.6598],[101.7628,4.6226],[101.7528,4.6219],[101.7546,4.6112],[101.7414,4.6124],[101.7319,4.6232],[101.7256,4.6212],[101.7263,4.6104],[101.6747,4.5952],[101.6682,4.5706],[101.6531,4.5568],[101.636,4.5591],[101.6245,4.5466],[101.6075,4.5606],[101.5939,4.5579],[101.591,4.5518],[101.5716,4.5744],[101.548,4.5778],[101.5437,4.5934],[101.5223,4.6113],[101.5014,4.6106],[101.4953,4.6017],[101.4807,4.6006],[101.4734,4.5758],[101.4521,4.5733],[101.4253,4.6052],[101.4012,4.6182],[101.3738,4.6101]]]}},{"type":"Feature","properties":{"c":"P.079","n":"Lipis","s":"Pahang","w":"BN","p":"UMNO","cand":"Abdul Rahman bin Mohamad","pct":49.3,"maj":6118,"nc":4,"tv":35855,"unc":false,"rw":"PN","rp":"BERSATU","rcand":"Mohamad Shahrum bin Osman","rpct":32.2},"geometry":{"type":"Polygon","coordinates":[[[101.9121,4.6115],[101.9058,4.6055],[101.9071,4.5965],[101.8963,4.5952],[101.8878,4.5763],[101.8802,4.5731],[101.8793,4.5538],[101.8671,4.5484],[101.8725,4.5102],[101.8631,4.5093],[101.8635,4.4972],[101.8487,4.4927],[101.8483,4.4707],[101.8429,4.4707],[101.8393,4.454],[101.8496,4.4329],[101.8343,4.4311],[101.8474,4.4037],[101.8572,4.3988],[101.8559,4.3777],[101.8653,4.3727],[101.8694,4.3615],[101.8662,4.3448],[101.8586,4.3426],[101.8682,4.3199],[101.9222,4.3147],[101.9554,4.2952],[101.9404,4.2738],[101.943,4.2568],[101.9254,4.2302],[101.9365,4.2243],[101.9332,4.2295],[101.9391,4.2321],[101.9495,4.2282],[101.9319,4.2107],[101.943,4.1983],[101.9432,4.1685],[101.9272,4.1486],[101.9285,4.1243],[101.9124,4.1023],[101.9234,4.0967],[101.9238,4.0896],[101.9475,4.0909],[101.9455,4.0814],[101.9533,4.0787],[101.9387,4.0383],[101.9621,4.0047],[101.9614,3.9949],[101.9492,3.9847],[101.9506,3.9786],[101.9265,3.9667],[101.9322,3.9538],[101.9251,3.9548],[101.9258,3.9494],[101.9383,3.9504],[101.9451,3.944],[101.9567,3.9233],[101.9662,3.924],[101.9903,3.9375],[101.9991,3.962],[102.0188,3.9847],[102.0334,3.9844],[102.0388,3.9725],[102.0541,3.9732],[102.0544,3.9789],[102.0744,3.9711],[102.1092,3.9824],[102.1191,4.0012],[102.1699,4.0191],[102.1699,4.0304],[102.1826,4.0271],[102.1841,4.0323],[102.1935,4.029],[102.1939,4.0375],[102.2307,4.0394],[102.2387,4.0591],[102.2509,4.046],[102.2542,4.0582],[102.2664,4.0643],[102.282,4.0521],[102.2984,4.0709],[102.3093,4.0733],[102.306,4.0808],[102.313,4.0916],[102.2975,4.1057],[102.2953,4.124],[102.2848,4.1281],[102.2668,4.1165],[102.2528,4.1188],[102.2545,4.1671],[102.2702,4.184],[102.2702,4.2044],[102.2609,4.2154],[102.24,4.2952],[102.2336,4.2952],[102.2295,4.3039],[102.2365,4.315],[102.2307,4.322],[102.2336,4.3324],[102.2167,4.333],[102.2215,4.3637],[102.2101,4.3787],[102.2203,4.3988],[102.2152,4.4181],[102.2337,4.4201],[102.2353,4.4311],[102.2574,4.4307],[102.2593,4.4413],[102.24,4.4551],[102.244,4.4618],[102.2392,4.4662],[102.255,4.5166],[102.2629,4.5222],[102.2195,4.5688],[102.2147,4.6066],[102.2253,4.6304],[102.1988,4.6375],[102.1746,4.6589],[102.1746,4.6761],[102.1245,4.7222],[102.1274,4.7372],[102.1161,4.762],[102.0947,4.7584],[102.063,4.7389],[102.058,4.7435],[102.0506,4.7256],[102.034,4.7324],[102.0289,4.7415],[102.0234,4.7417],[102.02,4.732],[102.0128,4.7369],[102.0018,4.7614],[101.9874,4.76],[101.9872,4.7399],[101.9703,4.7505],[101.9637,4.7647],[101.9505,4.7579],[101.9478,4.7489],[101.9536,4.7141],[101.9451,4.6773],[101.9385,4.6578],[101.9279,4.6585],[101.9121,4.6115]]]}},{"type":"Feature","properties":{"c":"P.080","n":"Raub","s":"Pahang","w":"PH","p":"DAP","cand":"Chow Yu Hui","pct":38.4,"maj":4357,"nc":4,"tv":56235,"unc":false,"rw":"PN","rp":"BERSATU","rcand":"Mohd Fakrunizam bin Ibrahim","rpct":30.7},"geometry":{"type":"Polygon","coordinates":[[[101.6265,3.7719],[101.623,3.7637],[101.6406,3.7516],[101.6555,3.7259],[101.6761,3.7205],[101.6918,3.7059],[101.7358,3.7104],[101.7297,3.6955],[101.7343,3.7007],[101.7661,3.6782],[101.7668,3.6647],[101.7838,3.6489],[101.785,3.6286],[101.7947,3.6278],[101.7967,3.6155],[101.8115,3.613],[101.8115,3.621],[101.8228,3.6207],[101.8177,3.6279],[101.8347,3.6411],[101.8488,3.6364],[101.88,3.6539],[101.8609,3.6935],[101.874,3.6974],[101.8728,3.6902],[101.8792,3.6902],[101.8777,3.6843],[101.8851,3.682],[101.8931,3.6645],[101.9021,3.6681],[101.9147,3.6606],[101.9245,3.6668],[101.9366,3.6593],[101.9443,3.6313],[101.9415,3.622],[101.9512,3.5958],[101.9605,3.5904],[101.961,3.5752],[101.9736,3.5698],[101.968,3.5639],[101.9752,3.5546],[101.9813,3.5525],[101.9824,3.5667],[101.9886,3.5626],[101.9996,3.567],[102.0053,3.559],[102.0151,3.5585],[102.0153,3.5793],[102.0223,3.5803],[102.0292,3.594],[102.0163,3.6153],[102.0341,3.6336],[102.0336,3.6421],[102.0526,3.6444],[102.0403,3.6619],[102.0439,3.6822],[102.0338,3.6977],[102.042,3.7115],[102.0563,3.7133],[102.0594,3.7289],[102.0697,3.743],[102.0812,3.7471],[102.0862,3.7663],[102.0961,3.775],[102.0963,3.8131],[102.0913,3.8221],[102.1079,3.8343],[102.1013,3.8405],[102.0882,3.84],[102.0745,3.8519],[102.0882,3.8748],[102.0961,3.9113],[102.0622,3.9461],[102.0612,3.9732],[102.0544,3.9789],[102.0541,3.9732],[102.0388,3.9725],[102.0279,3.9874],[102.0188,3.9847],[101.9991,3.962],[101.9903,3.9375],[101.9662,3.924],[101.9567,3.9233],[101.9383,3.9504],[101.9258,3.9494],[101.9251,3.9548],[101.9322,3.9538],[101.9265,3.9667],[101.9506,3.9786],[101.9492,3.9847],[101.9614,3.9949],[101.9621,4.0047],[101.9387,4.0383],[101.9526,4.0743],[101.9455,4.0814],[101.9475,4.0909],[101.9238,4.0896],[101.9234,4.0967],[101.9124,4.1023],[101.9007,4.0984],[101.9059,4.0945],[101.8951,4.0737],[101.8882,4.0715],[101.8869,4.0789],[101.8756,4.0754],[101.8774,4.0689],[101.8553,4.0481],[101.8501,4.0295],[101.8423,4.0273],[101.8206,4.0364],[101.8094,4.0347],[101.8055,4.0871],[101.7695,4.0888],[101.75,4.1174],[101.7358,4.1161],[101.7388,4.1014],[101.7128,4.0923],[101.701,4.0695],[101.6882,4.0683],[101.6802,4.077],[101.6624,4.0754],[101.6267,4.0929],[101.6244,4.086],[101.616,4.0881],[101.5951,4.076],[101.5869,4.0808],[101.5576,4.0284],[101.5586,4.0128],[101.5729,3.999],[101.5795,3.9584],[101.5712,3.9426],[101.5784,3.9261],[101.572,3.9164],[101.5766,3.9024],[101.6056,3.8747],[101.5986,3.8593],[101.6033,3.8485],[101.5891,3.8376],[101.5981,3.8135],[101.5919,3.8033],[101.6157,3.7934],[101.6265,3.7719]]]}},{"type":"Feature","properties":{"c":"P.081","n":"Jerantut","s":"Pahang","w":"PN","p":"PAS","cand":"Khairil Nizam bin Khirudin","pct":47.5,"maj":8092,"nc":3,"tv":66754,"unc":false,"rw":"BN","rp":"UMNO","rcand":"Mohd Zukarmi bin Abu Bakar","rpct":35.4},"geometry":{"type":"Polygon","coordinates":[[[102.2253,4.6304],[102.2147,4.6066],[102.2195,4.5688],[102.2629,4.5222],[102.255,4.5166],[102.2392,4.4662],[102.244,4.4618],[102.24,4.4551],[102.2593,4.4413],[102.2574,4.4307],[102.2353,4.4311],[102.2337,4.4201],[102.2152,4.4181],[102.2203,4.3988],[102.2101,4.3787],[102.2215,4.3637],[102.2167,4.333],[102.2336,4.3324],[102.2307,4.322],[102.2365,4.315],[102.2295,4.3039],[102.2336,4.2952],[102.24,4.2952],[102.2609,4.2154],[102.2702,4.2044],[102.2702,4.184],[102.2545,4.1671],[102.2528,4.1188],[102.2668,4.1165],[102.2848,4.1281],[102.2953,4.124],[102.2975,4.1057],[102.313,4.0916],[102.306,4.0808],[102.3093,4.0733],[102.2984,4.0709],[102.282,4.0521],[102.2664,4.0643],[102.2542,4.0582],[102.2509,4.046],[102.2387,4.0591],[102.2307,4.0394],[102.1939,4.0375],[102.1935,4.029],[102.1841,4.0323],[102.1826,4.0271],[102.1699,4.0304],[102.1699,4.0191],[102.1191,4.0012],[102.1092,3.9824],[102.0744,3.9711],[102.0612,3.9732],[102.0622,3.9461],[102.0961,3.9113],[102.0882,3.8748],[102.0745,3.8519],[102.0882,3.84],[102.1013,3.8405],[102.1079,3.8343],[102.1229,3.8466],[102.181,3.8629],[102.1924,3.8576],[102.1981,3.8361],[102.2052,3.8352],[102.2135,3.8638],[102.2355,3.8708],[102.2408,3.8612],[102.2368,3.8299],[102.2448,3.8282],[102.2808,3.844],[102.2936,3.8387],[102.3218,3.8524],[102.3596,3.8528],[102.3715,3.848],[102.3759,3.8361],[102.3737,3.8216],[102.3591,3.8185],[102.3921,3.7573],[102.3904,3.75],[102.4392,3.7393],[102.4396,3.725],[102.4531,3.7193],[102.4609,3.7508],[102.4707,3.7524],[102.4883,3.777],[102.4936,3.8077],[102.5125,3.8155],[102.5321,3.8003],[102.5669,3.8139],[102.563,3.8349],[102.5836,3.8445],[102.6087,3.8249],[102.6153,3.8254],[102.6178,3.8344],[102.6424,3.8394],[102.6404,3.849],[102.653,3.8525],[102.6575,3.843],[102.6716,3.8465],[102.7123,3.8334],[102.7138,3.85],[102.7264,3.8545],[102.7294,3.8691],[102.7455,3.8782],[102.7415,3.9073],[102.7556,3.9144],[102.7535,3.9204],[102.7706,3.931],[102.7737,3.9415],[102.7928,3.9435],[102.8017,3.9657],[102.8183,3.9532],[102.8318,3.9315],[102.8444,3.9343],[102.862,3.9566],[102.8664,3.9968],[102.8814,4.0081],[102.9128,4.0125],[102.9204,4.0382],[102.9146,4.0535],[102.9169,4.0745],[102.9337,4.0989],[102.9162,4.1024],[102.8885,4.1372],[102.9196,4.1576],[102.9186,4.1967],[102.9108,4.2142],[102.9202,4.2256],[102.9178,4.2328],[102.9273,4.2349],[102.9308,4.2453],[102.9281,4.2782],[102.9372,4.2896],[102.9484,4.2851],[102.9633,4.3255],[102.9769,4.3374],[103.0051,4.3292],[103.0152,4.3356],[103.0051,4.3425],[103.0024,4.3802],[103.0259,4.3983],[103.0265,4.4094],[103.0175,4.4058],[103.0079,4.4163],[103.011,4.4338],[103.0003,4.4504],[102.9899,4.4511],[102.9696,4.4807],[102.9682,4.4739],[102.9554,4.4722],[102.9513,4.4522],[102.9425,4.45],[102.9296,4.4676],[102.914,4.464],[102.891,4.4694],[102.8782,4.4634],[102.8725,4.4699],[102.8761,4.4822],[102.8461,4.4982],[102.8466,4.5201],[102.8367,4.5355],[102.8401,4.573],[102.853,4.5771],[102.8549,4.5623],[102.8664,4.5618],[102.8737,4.5805],[102.859,4.5975],[102.8604,4.6041],[102.8841,4.6087],[102.8664,4.6276],[102.8721,4.6383],[102.8556,4.6645],[102.8439,4.6714],[102.8436,4.6798],[102.8255,4.6815],[102.779,4.6704],[102.7621,4.6835],[102.7478,4.683],[102.7452,4.6895],[102.7344,4.6834],[102.7144,4.6939],[102.7006,4.7154],[102.6822,4.7154],[102.6653,4.7378],[102.6581,4.7595],[102.612,4.7805],[102.5989,4.7708],[102.605,4.76],[102.5956,4.739],[102.6062,4.7021],[102.6041,4.6877],[102.5812,4.6965],[102.5722,4.6904],[102.5488,4.7118],[102.5298,4.6775],[102.5003,4.6691],[102.4463,4.7139],[102.3792,4.7145],[102.3624,4.7053],[102.372,4.6843],[102.3644,4.6703],[102.3464,4.6573],[102.3444,4.6416],[102.3358,4.6438],[102.3189,4.6352],[102.2726,4.6621],[102.2338,4.6513],[102.2296,4.6454],[102.2348,4.6335],[102.2253,4.6304]]]}},{"type":"Feature","properties":{"c":"P.082","n":"Indera Mahkota","s":"Pahang","w":"PN","p":"BERSATU","cand":"Saifuddin bin Abdullah","pct":44.7,"maj":8450,"nc":4,"tv":93327,"unc":false,"rw":"PH","rp":"PKR","rcand":"Zuraidi bin Ismail","rpct":35.6},"geometry":{"type":"Polygon","coordinates":[[[103.2977,3.9038],[103.2618,3.8812],[103.2558,3.8852],[103.2506,3.8704],[103.2342,3.8672],[103.2282,3.8584],[103.2446,3.8592],[103.253,3.8424],[103.2614,3.8392],[103.2562,3.8344],[103.267,3.8296],[103.2662,3.81],[103.2814,3.8024],[103.2818,3.7956],[103.2862,3.802],[103.2978,3.7864],[103.3274,3.8216],[103.3603,3.8272],[103.3623,3.8208],[103.3772,3.818],[103.3662,3.8806],[103.3679,3.916],[103.3989,3.9663],[103.4106,3.9687],[103.4301,3.9564],[103.4401,3.963],[103.4332,3.9704],[103.4215,3.9695],[103.4109,3.9831],[103.4165,3.9856],[103.4226,3.9754],[103.4311,3.9764],[103.3988,4.0393],[103.3843,4.1026],[103.3884,4.1213],[103.4077,4.1301],[103.4145,4.1729],[103.441,4.1738],[103.4402,4.1867],[103.4011,4.1781],[103.3452,4.1776],[103.3196,4.194],[103.3287,4.1428],[103.3242,4.1422],[103.3236,4.1252],[103.3066,4.1181],[103.3053,4.0859],[103.2986,4.0859],[103.3058,4.0644],[103.3162,4.0639],[103.3279,4.0394],[103.3228,4.0123],[103.3335,3.9812],[103.3348,3.9488],[103.3266,3.9294],[103.3042,3.9207],[103.3178,3.8949],[103.3111,3.8795],[103.2977,3.9038]]]}},{"type":"Feature","properties":{"c":"P.083","n":"Kuantan","s":"Pahang","w":"PN","p":"PAS","cand":"Wan Razali Wan Nor","pct":37.7,"maj":2866,"nc":4,"tv":67762,"unc":false,"rw":"PH","rp":"PKR","rcand":"Fuziah binti Salleh","rpct":33.4},"geometry":{"type":"Polygon","coordinates":[[[103.2734,3.804],[103.2785,3.7788],[103.26,3.7717],[103.2665,3.7622],[103.2624,3.7482],[103.2767,3.7029],[103.3083,3.6336],[103.3229,3.6176],[103.3235,3.6069],[103.3809,3.6072],[103.383,3.5977],[103.3993,3.5991],[103.399,3.6045],[103.4038,3.6005],[103.3514,3.6711],[103.3263,3.7381],[103.3249,3.7591],[103.3418,3.8056],[103.3592,3.8081],[103.3724,3.8004],[103.3743,3.817],[103.3623,3.8208],[103.3603,3.8272],[103.3274,3.8216],[103.2978,3.7864],[103.2862,3.802],[103.2818,3.7956],[103.2814,3.8024],[103.2734,3.804]]]}},{"type":"Feature","properties":{"c":"P.084","n":"Paya Besar","s":"Pahang","w":"BN","p":"UMNO","cand":"Mohd Shahar bin Abdullah","pct":43.4,"maj":1317,"nc":4,"tv":61983,"unc":false,"rw":"PN","rp":"PAS","rcand":"Aireroshairi bin Roslan","rpct":41.3},"geometry":{"type":"Polygon","coordinates":[[[102.9337,4.0989],[102.9169,4.0745],[102.9146,4.0535],[102.9204,4.0382],[102.9128,4.0125],[102.8814,4.0081],[102.8664,3.9968],[102.862,3.9566],[102.8444,3.9343],[102.8318,3.9315],[102.8183,3.9532],[102.8017,3.9657],[102.7928,3.9435],[102.7737,3.9415],[102.7706,3.931],[102.7535,3.9204],[102.7556,3.9144],[102.7415,3.9073],[102.7455,3.8782],[102.7294,3.8691],[102.7264,3.8545],[102.7108,3.8445],[102.7123,3.8104],[102.7328,3.7969],[102.7394,3.7878],[102.7344,3.7817],[102.7627,3.7497],[102.7955,3.7628],[102.8041,3.7489],[102.8013,3.7345],[102.8136,3.7223],[102.8283,3.7182],[102.8246,3.6985],[102.8443,3.7079],[102.8472,3.7202],[102.8668,3.7186],[102.875,3.7095],[102.8673,3.6972],[102.9219,3.6565],[103.1178,3.6193],[103.1161,3.6387],[103.1018,3.664],[103.1121,3.6857],[103.1201,3.6846],[103.1224,3.6932],[103.1358,3.6928],[103.139,3.6852],[103.1671,3.6909],[103.1751,3.7361],[103.1929,3.7447],[103.2009,3.7424],[103.1803,3.7722],[103.17,3.778],[103.1912,3.782],[103.1917,3.79],[103.1992,3.7917],[103.2141,3.7814],[103.2198,3.7642],[103.2785,3.7788],[103.2734,3.804],[103.2662,3.81],[103.269,3.8156],[103.2634,3.818],[103.267,3.8296],[103.2562,3.8344],[103.2614,3.8392],[103.253,3.8424],[103.2446,3.8592],[103.2282,3.8584],[103.2342,3.8672],[103.2506,3.8704],[103.2558,3.8852],[103.2618,3.8812],[103.2977,3.9038],[103.2768,3.9401],[103.264,3.9494],[103.2744,3.9666],[103.2648,3.9807],[103.2464,3.9913],[103.2408,4.0152],[103.2248,4.019],[103.2158,4.0097],[103.2054,4.0129],[103.2019,4.0354],[103.195,4.0389],[103.1897,4.0251],[103.1633,4.0304],[103.1561,4.0423],[103.1391,4.0538],[103.1335,4.0516],[103.1212,4.0777],[103.1021,4.0899],[103.0959,4.0862],[103.0847,4.0952],[103.0722,4.0944],[103.0701,4.1114],[103.0246,4.1204],[103.0176,4.1159],[103.0083,4.1263],[102.9937,4.1282],[102.9849,4.1183],[102.9625,4.1167],[102.9337,4.0989]]]}},{"type":"Feature","properties":{"c":"P.085","n":"Pekan","s":"Pahang","w":"BN","p":"UMNO","cand":"Sh Mohmed Puzi bin Sh Ali","pct":51.0,"maj":8949,"nc":5,"tv":93041,"unc":false,"rw":"PN","rp":"PAS","rcand":"Mohd Fadhil Noor bin Abdul Karim","rpct":41.3},"geometry":{"type":"MultiPolygon","coordinates":[[[[103.26,3.7717],[103.2198,3.7642],[103.2141,3.7814],[103.1992,3.7917],[103.1917,3.79],[103.1912,3.782],[103.17,3.778],[103.1803,3.7722],[103.2009,3.7424],[103.1929,3.7447],[103.1751,3.7361],[103.1671,3.6909],[103.139,3.6852],[103.1358,3.6928],[103.1224,3.6932],[103.1201,3.6846],[103.1121,3.6857],[103.1018,3.664],[103.1161,3.6387],[103.1178,3.6193],[102.9219,3.6565],[102.9195,3.6185],[102.9254,3.6053],[102.9234,3.5931],[102.9015,3.5723],[102.9049,3.5386],[102.8858,3.5236],[102.8702,3.5201],[102.8692,3.5003],[102.8557,3.4767],[102.834,3.4784],[102.8244,3.4716],[102.831,3.4569],[102.804,3.464],[102.7969,3.4616],[102.7991,3.4552],[102.7795,3.4537],[102.7778,3.4274],[102.8084,3.4071],[102.8174,3.3863],[102.831,3.3802],[102.8216,3.3609],[102.8476,3.319],[102.8628,3.3129],[102.8949,3.2712],[102.9057,3.2734],[102.9124,3.2647],[102.9258,3.2676],[102.9357,3.3024],[102.9496,3.3122],[102.9594,3.2981],[102.9575,3.2904],[102.9808,3.2753],[102.9834,3.2818],[102.9932,3.2796],[103.0064,3.2885],[103.0107,3.282],[103.0215,3.2844],[103.0237,3.2957],[103.0321,3.2911],[103.0323,3.2988],[103.0576,3.3151],[103.0678,3.3293],[103.0796,3.2956],[103.0749,3.281],[103.079,3.268],[103.0846,3.2706],[103.0902,3.2512],[103.1064,3.2486],[103.1157,3.2214],[103.1376,3.2124],[103.1179,3.1912],[103.1247,3.1858],[103.1251,3.1743],[103.1157,3.1657],[103.1206,3.1616],[103.1016,3.1467],[103.1083,3.1361],[103.1062,3.1186],[103.1256,3.0824],[103.1376,3.0826],[103.1363,3.0681],[103.1206,3.0663],[103.1718,3.0643],[103.1823,3.0556],[103.1786,3.0504],[103.2054,3.0365],[103.2123,3.0414],[103.2242,3.0354],[103.2339,3.0182],[103.218,3.0146],[103.215,2.9999],[103.224,2.988],[103.2194,2.9727],[103.2266,2.964],[103.3658,2.9656],[103.4334,2.9526],[103.4333,3.0547],[103.436,3.0682],[103.4425,3.0673],[103.4488,3.1005],[103.4435,3.1663],[103.4468,3.2056],[103.4237,3.3592],[103.4412,3.4498],[103.4708,3.4651],[103.4741,3.5102],[103.4618,3.5302],[103.4671,3.5331],[103.4418,3.5524],[103.4005,3.6045],[103.3993,3.5991],[103.383,3.5977],[103.3809,3.6072],[103.3235,3.6069],[103.3229,3.6176],[103.3083,3.6336],[103.2767,3.7029],[103.2624,3.7482],[103.2665,3.7622],[103.26,3.7717]]]]}},{"type":"Feature","properties":{"c":"P.086","n":"Maran","s":"Pahang","w":"PN","p":"PAS","cand":"Ismail bin Abdul Muttalib","pct":47.7,"maj":1821,"nc":4,"tv":41092,"unc":false,"rw":"BN","rp":"UMNO","rcand":"Shahaniza binti Shamsuddin","rpct":43.3},"geometry":{"type":"Polygon","coordinates":[[[102.5446,3.8052],[102.5594,3.7885],[102.5604,3.7589],[102.5754,3.7022],[102.588,3.6973],[102.5943,3.6813],[102.5972,3.6119],[102.573,3.5828],[102.5618,3.5906],[102.5497,3.5828],[102.5526,3.5731],[102.5371,3.5639],[102.507,3.5658],[102.4905,3.5576],[102.4816,3.5339],[102.4872,3.503],[102.5068,3.4738],[102.5036,3.464],[102.5142,3.4582],[102.5196,3.4636],[102.5516,3.4533],[102.5745,3.4541],[102.5922,3.4343],[102.5948,3.4256],[102.5842,3.4083],[102.5927,3.4047],[102.5935,3.3953],[102.6418,3.3924],[102.6535,3.3732],[102.6691,3.3724],[102.677,3.3562],[102.6923,3.3549],[102.6887,3.3302],[102.6941,3.3149],[102.713,3.3198],[102.7301,3.333],[102.7303,3.3683],[102.7365,3.3801],[102.7517,3.3813],[102.7729,3.3651],[102.7891,3.3648],[102.796,3.3756],[102.8026,3.3712],[102.8128,3.3772],[102.8299,3.3738],[102.831,3.3802],[102.8174,3.3863],[102.8084,3.4071],[102.7778,3.4274],[102.778,3.4495],[102.7991,3.4552],[102.7969,3.4616],[102.804,3.464],[102.831,3.4569],[102.8244,3.4716],[102.834,3.4784],[102.8557,3.4767],[102.8692,3.5003],[102.8702,3.5201],[102.8858,3.5236],[102.9049,3.5386],[102.9015,3.5723],[102.9234,3.5931],[102.9254,3.6053],[102.9195,3.6185],[102.9219,3.6565],[102.8673,3.6972],[102.875,3.7095],[102.8668,3.7186],[102.8472,3.7202],[102.8443,3.7079],[102.8246,3.6985],[102.8283,3.7182],[102.8136,3.7223],[102.8013,3.7345],[102.8041,3.7489],[102.7955,3.7628],[102.7627,3.7497],[102.7512,3.7571],[102.7476,3.771],[102.7344,3.7817],[102.7394,3.7878],[102.7328,3.7969],[102.7123,3.8104],[102.7123,3.8334],[102.6716,3.8465],[102.6575,3.843],[102.653,3.8525],[102.6404,3.849],[102.6424,3.8394],[102.6178,3.8344],[102.6153,3.8254],[102.6087,3.8249],[102.5836,3.8445],[102.563,3.8349],[102.5669,3.8139],[102.5446,3.8052]]]}},{"type":"Feature","properties":{"c":"P.087","n":"Kuala Krau","s":"Pahang","w":"PN","p":"PAS","cand":"Kamal bin Ashaari","pct":47.1,"maj":1024,"nc":4,"tv":47743,"unc":false,"rw":"BN","rp":"UMNO","rcand":"Ismail bin Mohamed Said","rpct":45.0},"geometry":{"type":"Polygon","coordinates":[[[102.0812,3.7471],[102.0946,3.7475],[102.0953,3.7341],[102.1039,3.7256],[102.0992,3.6977],[102.1087,3.6799],[102.1333,3.6806],[102.1799,3.6312],[102.1836,3.6391],[102.2081,3.6372],[102.2164,3.643],[102.2279,3.6341],[102.2305,3.6393],[102.2521,3.6414],[102.2576,3.6203],[102.2451,3.614],[102.2456,3.5908],[102.2545,3.5914],[102.2717,3.5713],[102.2795,3.5371],[102.2983,3.5277],[102.3146,3.5285],[102.3197,3.5189],[102.3261,3.5199],[102.3331,3.5409],[102.3553,3.5418],[102.3948,3.5307],[102.4059,3.5444],[102.4202,3.546],[102.4256,3.5558],[102.4326,3.551],[102.4333,3.5285],[102.4702,3.5126],[102.4794,3.5138],[102.4905,3.5576],[102.507,3.5658],[102.5371,3.5639],[102.5526,3.5731],[102.5497,3.5828],[102.5618,3.5906],[102.573,3.5828],[102.5972,3.6119],[102.5943,3.6813],[102.588,3.6973],[102.5754,3.7022],[102.5604,3.7589],[102.5594,3.7885],[102.5446,3.8052],[102.5321,3.8003],[102.5125,3.8155],[102.4936,3.8077],[102.4883,3.777],[102.4707,3.7524],[102.4609,3.7508],[102.4531,3.7193],[102.4396,3.725],[102.4392,3.7393],[102.3904,3.75],[102.3921,3.7573],[102.3591,3.8185],[102.3737,3.8216],[102.3715,3.848],[102.3218,3.8524],[102.309,3.8418],[102.2936,3.8387],[102.2808,3.844],[102.2448,3.8282],[102.2368,3.8299],[102.2408,3.8612],[102.2355,3.8708],[102.2135,3.8638],[102.2052,3.8352],[102.1981,3.8361],[102.1924,3.8576],[102.181,3.8629],[102.1229,3.8466],[102.1167,3.8374],[102.0945,3.8271],[102.0961,3.775],[102.0862,3.7663],[102.0812,3.7471]]]}},{"type":"Feature","properties":{"c":"P.088","n":"Temerloh","s":"Pahang","w":"PN","p":"PAS","cand":"Salamiah binti Mohd Nor","pct":37.4,"maj":5520,"nc":4,"tv":82637,"unc":false,"rw":"PH","rp":"AMANAH","rcand":"Mohd Hasbie bin Muda","rpct":30.7},"geometry":{"type":"Polygon","coordinates":[[[102.0151,3.5585],[102.021,3.5549],[102.0278,3.5646],[102.0368,3.5352],[102.0425,3.5359],[102.0594,3.5119],[102.0565,3.498],[102.0805,3.5062],[102.0895,3.5309],[102.0941,3.523],[102.1303,3.5298],[102.1382,3.5155],[102.155,3.5159],[102.1593,3.5105],[102.1565,3.5012],[102.1371,3.4933],[102.1378,3.4879],[102.1328,3.4933],[102.1346,3.4843],[102.1188,3.4775],[102.102,3.4818],[102.1059,3.4517],[102.0981,3.4442],[102.1027,3.4363],[102.0934,3.4213],[102.0981,3.4037],[102.0938,3.3926],[102.1052,3.3826],[102.1174,3.3453],[102.1292,3.3539],[102.1325,3.3428],[102.1439,3.3622],[102.1751,3.3636],[102.1751,3.3693],[102.2256,3.3844],[102.2274,3.3923],[102.241,3.3761],[102.2632,3.3704],[102.2643,3.3632],[102.2837,3.3639],[102.2941,3.3446],[102.3059,3.3381],[102.3048,3.3518],[102.3211,3.3538],[102.3151,3.3675],[102.323,3.376],[102.3379,3.3782],[102.3506,3.3697],[102.3605,3.3824],[102.3706,3.3706],[102.3804,3.3751],[102.4734,3.3646],[102.4658,3.3719],[102.4722,3.377],[102.4826,3.4211],[102.4874,3.4211],[102.4884,3.4062],[102.5033,3.4068],[102.5099,3.4154],[102.5042,3.4243],[102.5068,3.4738],[102.4872,3.503],[102.4842,3.5176],[102.4702,3.5126],[102.4333,3.5285],[102.4326,3.551],[102.4256,3.5558],[102.4202,3.546],[102.4059,3.5444],[102.3948,3.5307],[102.3553,3.5418],[102.3331,3.5409],[102.3261,3.5199],[102.3197,3.5189],[102.3146,3.5285],[102.2845,3.534],[102.2761,3.5457],[102.2717,3.5713],[102.2425,3.5976],[102.2467,3.6169],[102.2576,3.6203],[102.2521,3.6414],[102.2305,3.6393],[102.2279,3.6341],[102.2164,3.643],[102.2081,3.6372],[102.1836,3.6391],[102.1799,3.6312],[102.1333,3.6806],[102.1087,3.6799],[102.0992,3.6977],[102.105,3.7208],[102.0953,3.7341],[102.0946,3.7475],[102.0697,3.743],[102.0563,3.7133],[102.042,3.7115],[102.0338,3.6977],[102.0439,3.6822],[102.0403,3.6619],[102.0526,3.6444],[102.0336,3.6421],[102.0341,3.6336],[102.0163,3.6153],[102.0292,3.594],[102.0223,3.5803],[102.0153,3.5793],[102.0151,3.5585]]]}},{"type":"Feature","properties":{"c":"P.089","n":"Bentong","s":"Pahang","w":"PH","p":"DAP","cand":"Young Syefura binti Othman","pct":37.6,"maj":692,"nc":5,"tv":66657,"unc":false,"rw":"BN","rp":"MCA","rcand":"Liow Tiong Lai","rpct":36.6},"geometry":{"type":"Polygon","coordinates":[[[101.8053,3.6111],[101.8064,3.6036],[101.815,3.6036],[101.8154,3.5947],[101.8057,3.5522],[101.7866,3.5469],[101.762,3.5082],[101.7616,3.4959],[101.7889,3.4235],[101.7661,3.3989],[101.7597,3.3743],[101.7803,3.3575],[101.7807,3.3389],[101.7971,3.3333],[101.8229,3.2969],[101.8882,3.2602],[101.9,3.2667],[101.9095,3.2594],[101.9293,3.2725],[101.936,3.2884],[101.9488,3.2721],[101.97,3.2735],[101.9771,3.2524],[101.973,3.243],[102.0089,3.2262],[102.0429,3.2248],[102.0552,3.1669],[102.0758,3.1647],[102.0754,3.1766],[102.0963,3.1919],[102.1139,3.1882],[102.1154,3.1979],[102.1217,3.1983],[102.1269,3.1927],[102.1408,3.1964],[102.1546,3.1781],[102.2837,3.1388],[102.3012,3.1558],[102.3068,3.1547],[102.3043,3.1671],[102.2814,3.1705],[102.2789,3.1835],[102.2676,3.1891],[102.2899,3.2103],[102.2868,3.2275],[102.2936,3.2408],[102.2873,3.2541],[102.3051,3.2687],[102.3015,3.2916],[102.3189,3.2964],[102.3354,3.3173],[102.3436,3.316],[102.3414,3.3221],[102.3217,3.3313],[102.3148,3.3503],[102.3048,3.3518],[102.3087,3.341],[102.2994,3.3396],[102.2898,3.3596],[102.2747,3.3665],[102.2643,3.3632],[102.2632,3.3704],[102.241,3.3761],[102.2274,3.3923],[102.2256,3.3844],[102.1751,3.3693],[102.1751,3.3636],[102.1439,3.3622],[102.1325,3.3428],[102.1292,3.3539],[102.1174,3.3453],[102.1052,3.3826],[102.0938,3.3926],[102.0981,3.4037],[102.0934,3.4213],[102.1027,3.4363],[102.0981,3.4442],[102.1059,3.4517],[102.102,3.4818],[102.1188,3.4775],[102.1346,3.4843],[102.1328,3.4933],[102.1378,3.4879],[102.1371,3.4933],[102.1565,3.5012],[102.155,3.5159],[102.1382,3.5155],[102.1303,3.5298],[102.0941,3.523],[102.0895,3.5309],[102.0805,3.5062],[102.0565,3.498],[102.0594,3.5119],[102.0425,3.5359],[102.0368,3.5352],[102.0278,3.5646],[102.0167,3.5531],[101.9996,3.567],[101.9886,3.5626],[101.9824,3.5667],[101.9813,3.5525],[101.9752,3.5546],[101.968,3.5639],[101.9736,3.5698],[101.961,3.5752],[101.9605,3.5904],[101.9512,3.5958],[101.9415,3.622],[101.9443,3.6313],[101.9366,3.6593],[101.9245,3.6668],[101.9147,3.6606],[101.9021,3.6681],[101.8931,3.6645],[101.8851,3.682],[101.8777,3.6843],[101.8792,3.6902],[101.8728,3.6902],[101.874,3.6974],[101.8609,3.6935],[101.88,3.6539],[101.8488,3.6364],[101.8347,3.6411],[101.8177,3.6279],[101.8228,3.6207],[101.8115,3.621],[101.8115,3.613],[101.8053,3.6111]]]}},{"type":"Feature","properties":{"c":"P.090","n":"Bera","s":"Pahang","w":"BN","p":"UMNO","cand":"Ismail Sabri bin Yaakob","pct":53.3,"maj":16695,"nc":3,"tv":59548,"unc":false,"rw":"PH","rp":"PKR","rcand":"Abas bin Awang","rpct":25.3},"geometry":{"type":"Polygon","coordinates":[[[102.5036,3.464],[102.5042,3.4243],[102.5099,3.4154],[102.5033,3.4068],[102.4884,3.4062],[102.4874,3.4211],[102.4826,3.4211],[102.4722,3.377],[102.4658,3.3719],[102.4734,3.3646],[102.3804,3.3751],[102.3706,3.3706],[102.3605,3.3824],[102.3506,3.3697],[102.3379,3.3782],[102.323,3.376],[102.3151,3.3675],[102.3217,3.3313],[102.3436,3.316],[102.3354,3.3173],[102.3189,3.2964],[102.3015,3.2916],[102.3051,3.2687],[102.2882,3.2588],[102.2936,3.2408],[102.2868,3.2275],[102.2899,3.2103],[102.2684,3.1843],[102.2789,3.1835],[102.2814,3.1705],[102.3043,3.1671],[102.3074,3.1595],[102.2837,3.1388],[102.388,3.1181],[102.4665,3.0195],[102.6675,2.8857],[102.679,2.8965],[102.6917,2.8801],[102.6981,2.8335],[102.7851,2.8047],[102.7804,2.8192],[102.772,2.8192],[102.7646,2.8331],[102.7553,2.8359],[102.7566,2.8529],[102.7445,2.8532],[102.7408,2.8637],[102.751,2.8952],[102.7445,2.9026],[102.758,2.9139],[102.7584,2.9801],[102.7767,3.0082],[102.7899,3.0453],[102.7646,3.0538],[102.7614,3.0761],[102.7516,3.0803],[102.7499,3.0754],[102.746,3.0828],[102.7446,3.101],[102.7544,3.1052],[102.7488,3.1111],[102.7534,3.1223],[102.7495,3.1258],[102.7359,3.1136],[102.7261,3.1213],[102.7362,3.1325],[102.7334,3.1454],[102.7429,3.1524],[102.7551,3.144],[102.7632,3.1461],[102.7737,3.1573],[102.8094,3.1703],[102.774,3.2035],[102.7576,3.207],[102.7485,3.2196],[102.7418,3.2182],[102.7243,3.2612],[102.711,3.2623],[102.7027,3.2703],[102.6946,3.2973],[102.7062,3.3116],[102.7042,3.32],[102.6941,3.3149],[102.6887,3.3302],[102.6923,3.3549],[102.677,3.3562],[102.6691,3.3724],[102.6535,3.3732],[102.6418,3.3924],[102.5935,3.3953],[102.5927,3.4047],[102.5842,3.4083],[102.5948,3.4256],[102.5922,3.4343],[102.5745,3.4541],[102.5516,3.4533],[102.5196,3.4636],[102.5142,3.4582],[102.5036,3.464]]]}},{"type":"Feature","properties":{"c":"P.091","n":"Rompin","s":"Pahang","w":"PN","p":"BERSATU","cand":"Abdul Khalib bin Abdullah","pct":47.2,"maj":1438,"nc":4,"tv":66927,"unc":false,"rw":"BN","rp":"UMNO","rcand":"Hasan bin Arifin","rpct":45.1},"geometry":{"type":"MultiPolygon","coordinates":[[[[102.8299,3.3738],[102.8128,3.3772],[102.8026,3.3712],[102.796,3.3756],[102.7891,3.3648],[102.7729,3.3651],[102.7517,3.3813],[102.7365,3.3801],[102.7303,3.3683],[102.7301,3.333],[102.713,3.3198],[102.7042,3.32],[102.7048,3.3064],[102.6946,3.2973],[102.7027,3.2703],[102.711,3.2623],[102.7243,3.2612],[102.7303,3.2521],[102.7418,3.2182],[102.7485,3.2196],[102.7576,3.207],[102.774,3.2035],[102.8094,3.1703],[102.7737,3.1573],[102.7632,3.1461],[102.7551,3.144],[102.7429,3.1524],[102.7334,3.1454],[102.7362,3.1325],[102.7261,3.1213],[102.7359,3.1136],[102.7495,3.1258],[102.7534,3.1223],[102.7488,3.1111],[102.7544,3.1052],[102.7446,3.101],[102.746,3.0828],[102.7499,3.0754],[102.7516,3.0803],[102.7614,3.0761],[102.7646,3.0538],[102.7899,3.0453],[102.7767,3.0082],[102.7584,2.9801],[102.758,2.9139],[102.7445,2.9026],[102.751,2.8952],[102.7411,2.8739],[102.7414,2.8578],[102.7566,2.8529],[102.7553,2.8359],[102.7646,2.8331],[102.772,2.8192],[102.7804,2.8192],[102.7851,2.8047],[102.7933,2.8055],[102.9674,2.5954],[103.146,2.5182],[103.2905,2.5769],[103.3529,2.5913],[103.4142,2.5577],[103.4478,2.5544],[103.4698,2.5275],[103.6077,2.4566],[103.6237,2.4611],[103.6417,2.4864],[103.6323,2.4909],[103.6323,2.5062],[103.6185,2.5178],[103.6275,2.5316],[103.6077,2.5335],[103.5935,2.5279],[103.5909,2.5357],[103.598,2.5424],[103.5942,2.5514],[103.6099,2.5655],[103.6122,2.557],[103.6204,2.5562],[103.6189,2.5756],[103.6118,2.579],[103.6036,2.5689],[103.6006,2.5801],[103.6103,2.5883],[103.6234,2.5835],[103.6282,2.5894],[103.6129,2.5984],[103.6308,2.6066],[103.6151,2.6215],[103.626,2.6301],[103.6163,2.6361],[103.6181,2.651],[103.6062,2.6506],[103.6051,2.6346],[103.5965,2.6372],[103.592,2.6521],[103.5946,2.6626],[103.6047,2.6656],[103.6204,2.6566],[103.6369,2.6644],[103.5273,2.7665],[103.4799,2.824],[103.4466,2.8803],[103.4319,2.9279],[103.4334,2.9526],[103.3658,2.9656],[103.2266,2.964],[103.2194,2.9727],[103.224,2.988],[103.215,2.9999],[103.218,3.0146],[103.2339,3.0182],[103.2242,3.0354],[103.2123,3.0414],[103.2054,3.0365],[103.1786,3.0504],[103.1823,3.0556],[103.1718,3.0643],[103.1206,3.0663],[103.1363,3.0681],[103.1376,3.0826],[103.1256,3.0824],[103.1062,3.1186],[103.1083,3.1361],[103.1016,3.1467],[103.1206,3.1616],[103.1157,3.1657],[103.1251,3.1743],[103.1247,3.1858],[103.1179,3.1912],[103.1376,3.2124],[103.1157,3.2214],[103.1064,3.2486],[103.0902,3.2512],[103.0846,3.2706],[103.079,3.268],[103.0749,3.281],[103.0796,3.2956],[103.0678,3.3293],[103.0576,3.3151],[103.0323,3.2988],[103.0321,3.2911],[103.0237,3.2957],[103.0215,3.2844],[103.0107,3.282],[103.0064,3.2885],[102.9932,3.2796],[102.9834,3.2818],[102.9808,3.2753],[102.9575,3.2904],[102.9594,3.2981],[102.9496,3.3122],[102.9357,3.3024],[102.9258,3.2676],[102.9124,3.2647],[102.9057,3.2734],[102.8949,3.2712],[102.8628,3.3129],[102.8476,3.319],[102.8216,3.3609],[102.8299,3.3738]]],[[[104.1225,2.7903],[104.1177,2.7832],[104.1212,2.7479],[104.1503,2.7207],[104.1625,2.716],[104.2147,2.7214],[104.2203,2.7375],[104.2144,2.7446],[104.2231,2.7693],[104.22,2.7768],[104.2052,2.7816],[104.2045,2.7968],[104.2147,2.8012],[104.2051,2.8055],[104.2087,2.8112],[104.1928,2.8321],[104.1977,2.8348],[104.1845,2.8639],[104.1896,2.8684],[104.1825,2.8749],[104.1882,2.8767],[104.1714,2.8962],[104.1559,2.8928],[104.1546,2.8765],[104.1463,2.87],[104.1541,2.8649],[104.1479,2.8549],[104.1586,2.848],[104.1627,2.8252],[104.128,2.8007],[104.1225,2.7903]]],[[[103.9039,2.6988],[103.9049,2.6758],[103.9114,2.6725],[103.9116,2.6865],[103.9124,2.6781],[103.9207,2.6737],[103.9221,2.6946],[103.9039,2.6988]]],[[[103.884,2.6993],[103.8811,2.6879],[103.8895,2.6825],[103.8953,2.6974],[103.884,2.6993]]]]}},{"type":"Feature","properties":{"c":"P.092","n":"Sabak Bernam","s":"Selangor","w":"PN","p":"BERSATU","cand":"Kalam bin Salan","pct":43.9,"maj":5056,"nc":4,"tv":40977,"unc":false,"rw":"BN","rp":"UMNO","rcand":"Abdul Rahman bin Bakri","rpct":31.5},"geometry":{"type":"Polygon","coordinates":[[[100.8295,3.85],[100.8291,3.845],[100.82,3.8456],[100.8165,3.8359],[100.8106,3.8066],[100.8139,3.7846],[100.8273,3.7771],[100.8416,3.7811],[100.8911,3.754],[100.9169,3.7253],[100.9333,3.6893],[100.9514,3.6803],[100.9554,3.684],[100.9633,3.6779],[100.9708,3.6853],[100.9756,3.6811],[100.9853,3.6904],[101.0145,3.6667],[101.05,3.7114],[101.0461,3.7164],[101.0598,3.7329],[101.074,3.7318],[101.0791,3.7451],[101.0726,3.7593],[101.1019,3.7505],[101.087,3.7675],[101.0885,3.7823],[101.0597,3.7526],[101.0534,3.778],[101.0611,3.7955],[101.0444,3.7851],[101.0249,3.7841],[101.031,3.7945],[101.0256,3.8078],[101.0044,3.7992],[100.9929,3.802],[100.9853,3.7938],[100.9846,3.7744],[100.9691,3.7701],[100.9576,3.7819],[100.9594,3.797],[100.9763,3.8063],[100.9785,3.8167],[100.9641,3.829],[100.9414,3.8308],[100.9382,3.8419],[100.9449,3.868],[100.9317,3.8702],[100.8914,3.8541],[100.8295,3.85]]]}},{"type":"Feature","properties":{"c":"P.093","n":"Sungai Besar","s":"Selangor","w":"PN","p":"BERSATU","cand":"Muslimin bin Yahaya","pct":38.8,"maj":2721,"nc":4,"tv":51070,"unc":false,"rw":"PH","rp":"PKR","rcand":"Saipolyazan bin Mat Yusop","rpct":33.4},"geometry":{"type":"MultiPolygon","coordinates":[[[[101.074,3.7318],[101.0598,3.7329],[101.0461,3.7164],[101.05,3.7114],[101.0145,3.6667],[100.9853,3.6904],[100.9633,3.6779],[101.0193,3.6387],[101.0552,3.5949],[101.1003,3.4877],[101.1772,3.5382],[101.35,3.6005],[101.3423,3.6599],[101.35,3.6804],[101.3428,3.6971],[101.3373,3.6894],[101.3209,3.6907],[101.3006,3.6708],[101.2965,3.6776],[101.2821,3.6681],[101.2652,3.6681],[101.2504,3.6736],[101.2445,3.7013],[101.2476,3.7182],[101.2209,3.7128],[101.216,3.7063],[101.213,3.7158],[101.2022,3.7207],[101.2043,3.7254],[101.1973,3.7266],[101.198,3.7166],[101.1898,3.7189],[101.1755,3.7094],[101.17,3.7205],[101.175,3.7155],[101.1916,3.7311],[101.1707,3.7279],[101.1656,3.7496],[101.1637,3.7232],[101.1556,3.7438],[101.1504,3.7417],[101.154,3.7289],[101.1329,3.7365],[101.1451,3.7447],[101.1347,3.7517],[101.1329,3.7647],[101.1232,3.735],[101.1104,3.7473],[101.1073,3.7333],[101.0992,3.7354],[101.0978,3.7444],[101.084,3.7422],[101.0814,3.7297],[101.074,3.7318]]]]}},{"type":"Feature","properties":{"c":"P.094","n":"Hulu Selangor","s":"Selangor","w":"PN","p":"PAS","cand":"Mohd Hasnizan bin Harun","pct":38.2,"maj":1562,"nc":6,"tv":122442,"unc":false,"rw":"PH","rp":"PKR","rcand":"Sathia Prakash a/l Nadarajan","rpct":37.0},"geometry":{"type":"Polygon","coordinates":[[[101.3409,3.6969],[101.35,3.6804],[101.3423,3.6599],[101.35,3.6005],[101.4583,3.4968],[101.5176,3.4922],[101.5114,3.4653],[101.4984,3.4619],[101.5033,3.4436],[101.4984,3.4262],[101.4779,3.4123],[101.4778,3.4007],[101.4685,3.3968],[101.4812,3.3702],[101.4963,3.3665],[101.5048,3.3512],[101.5528,3.348],[101.5682,3.3404],[101.587,3.3454],[101.5906,3.3283],[101.6396,3.3218],[101.6497,3.3363],[101.6691,3.3286],[101.6772,3.3394],[101.6819,3.3325],[101.7007,3.3513],[101.7184,3.3892],[101.7392,3.3746],[101.7597,3.3743],[101.7661,3.3989],[101.7889,3.4235],[101.7616,3.4959],[101.762,3.5082],[101.7866,3.5469],[101.8057,3.5522],[101.815,3.6036],[101.8064,3.6036],[101.7947,3.6278],[101.785,3.6286],[101.7838,3.6489],[101.7668,3.6647],[101.7661,3.6782],[101.7343,3.7007],[101.7297,3.6955],[101.7358,3.7104],[101.6918,3.7059],[101.6761,3.7205],[101.6555,3.7259],[101.6406,3.7516],[101.623,3.7637],[101.6265,3.7719],[101.6065,3.774],[101.5909,3.7435],[101.5815,3.7397],[101.5817,3.7254],[101.5702,3.711],[101.5479,3.7],[101.5358,3.6783],[101.5174,3.6797],[101.4957,3.6993],[101.4788,3.702],[101.4748,3.7135],[101.4618,3.7146],[101.4401,3.751],[101.421,3.7516],[101.4186,3.7584],[101.3877,3.7713],[101.3731,3.8017],[101.3548,3.8022],[101.3267,3.785],[101.3262,3.7553],[101.3373,3.7474],[101.3474,3.7097],[101.3409,3.6969]]]}},{"type":"Feature","properties":{"c":"P.095","n":"Tanjong Karang","s":"Selangor","w":"PN","p":"BERSATU","cand":"Zulkafperi bin Hanapi","pct":35.3,"maj":2180,"nc":5,"tv":51205,"unc":false,"rw":"BN","rp":"UMNO","rcand":"Habibah binti Mohd Yusof","rpct":31.0},"geometry":{"type":"Polygon","coordinates":[[[101.1003,3.4877],[101.1627,3.3988],[101.1768,3.3903],[101.1947,3.3464],[101.2311,3.3398],[101.2335,3.3515],[101.2427,3.3559],[101.257,3.336],[101.2633,3.3387],[101.2558,3.3548],[101.2604,3.3682],[101.2745,3.3645],[101.2825,3.3751],[101.2815,3.3861],[101.2971,3.3872],[101.2865,3.3779],[101.2997,3.3741],[101.2986,3.3632],[101.3077,3.3763],[101.3134,3.3657],[101.317,3.377],[101.3303,3.3732],[101.3285,3.3629],[101.3325,3.3668],[101.3401,3.3617],[101.3464,3.3693],[101.3552,3.3663],[101.3565,3.3723],[101.3619,3.3662],[101.3641,3.3769],[101.3719,3.3731],[101.377,3.3837],[101.3849,3.3813],[101.3921,3.39],[101.4143,3.3848],[101.4226,3.4052],[101.435,3.4099],[101.4415,3.4014],[101.4753,3.3984],[101.4779,3.4123],[101.4984,3.4262],[101.5033,3.4436],[101.4984,3.4619],[101.5114,3.4653],[101.5177,3.4897],[101.5126,3.4947],[101.4583,3.4968],[101.35,3.6005],[101.1772,3.5382],[101.1003,3.4877]]]}},{"type":"Feature","properties":{"c":"P.096","n":"Kuala Selangor","s":"Selangor","w":"PH","p":"AMANAH","cand":"Dzulkefly bin Ahmad","pct":35.9,"maj":1002,"nc":4,"tv":86481,"unc":false,"rw":"BN","rp":"UMNO","rcand":"Tengku Zafrul bin Tengku Abdul Aziz","rpct":34.7},"geometry":{"type":"Polygon","coordinates":[[[101.2311,3.3398],[101.2291,3.3329],[101.2647,3.2998],[101.2988,3.2541],[101.3069,3.1643],[101.3148,3.1663],[101.3228,3.1578],[101.3275,3.1635],[101.3426,3.163],[101.3426,3.176],[101.3692,3.1759],[101.3693,3.1868],[101.4319,3.193],[101.4388,3.2127],[101.4698,3.2473],[101.4921,3.2204],[101.4923,3.2758],[101.4625,3.2762],[101.4622,3.3002],[101.4301,3.3053],[101.446,3.335],[101.4439,3.3981],[101.4496,3.4015],[101.4415,3.4014],[101.4382,3.4093],[101.4226,3.4052],[101.4143,3.3848],[101.3921,3.39],[101.3849,3.3813],[101.377,3.3837],[101.3719,3.3731],[101.3641,3.3769],[101.3619,3.3662],[101.3565,3.3723],[101.3552,3.3663],[101.3464,3.3693],[101.3401,3.3617],[101.3325,3.3668],[101.3285,3.3629],[101.3303,3.3732],[101.317,3.377],[101.3134,3.3657],[101.3077,3.3763],[101.2986,3.3632],[101.2997,3.3741],[101.2865,3.3779],[101.2971,3.3872],[101.2815,3.3861],[101.2825,3.3751],[101.2745,3.3645],[101.259,3.3648],[101.2558,3.3548],[101.2616,3.3369],[101.2542,3.3371],[101.2427,3.3559],[101.2335,3.3515],[101.2311,3.3398]]]}},{"type":"Feature","properties":{"c":"P.097","n":"Selayang","s":"Selangor","w":"PH","p":"PKR","cand":"William Leong Jee Keen","pct":50.2,"maj":23619,"nc":5,"tv":144881,"unc":false,"rw":"PN","rp":"BERSATU","rcand":"Abdul Rashid bin Asari","rpct":33.9},"geometry":{"type":"Polygon","coordinates":[[[101.4685,3.3968],[101.4584,3.4033],[101.4439,3.3981],[101.446,3.335],[101.4301,3.3053],[101.4622,3.3002],[101.4625,3.2762],[101.4923,3.2758],[101.4914,3.2343],[101.4975,3.2227],[101.5472,3.2188],[101.5523,3.2328],[101.5593,3.2326],[101.5547,3.2556],[101.5736,3.2505],[101.5796,3.2358],[101.6123,3.2505],[101.6344,3.2498],[101.654,3.237],[101.6663,3.2509],[101.6751,3.2487],[101.6724,3.2599],[101.6791,3.2635],[101.6786,3.2725],[101.6631,3.2764],[101.6701,3.2878],[101.6649,3.3098],[101.6691,3.3286],[101.6497,3.3363],[101.6396,3.3218],[101.6147,3.3234],[101.5906,3.3283],[101.587,3.3454],[101.5682,3.3404],[101.5528,3.348],[101.5048,3.3512],[101.4963,3.3665],[101.4812,3.3702],[101.4685,3.3968]]]}},{"type":"Feature","properties":{"c":"P.098","n":"Gombak","s":"Selangor","w":"PH","p":"PKR","cand":"Amirudin bin Shari","pct":43.7,"maj":12729,"nc":5,"tv":165426,"unc":false,"rw":"PN","rp":"BERSATU","rcand":"Mohamed Azmin bin Ali","rpct":36.0},"geometry":{"type":"Polygon","coordinates":[[[101.7597,3.3743],[101.7392,3.3746],[101.7167,3.3884],[101.7007,3.3513],[101.6819,3.3325],[101.6772,3.3394],[101.6691,3.3286],[101.6649,3.3098],[101.6701,3.2878],[101.6631,3.2764],[101.6786,3.2725],[101.6791,3.2635],[101.6724,3.2599],[101.6751,3.2487],[101.6663,3.2509],[101.6646,3.2445],[101.6721,3.2281],[101.6972,3.2286],[101.7026,3.2166],[101.7148,3.2129],[101.7301,3.2333],[101.7436,3.2293],[101.7384,3.2158],[101.7587,3.188],[101.7525,3.1767],[101.734,3.1781],[101.7311,3.1727],[101.735,3.1648],[101.7507,3.1603],[101.7426,3.1661],[101.755,3.1711],[101.762,3.1956],[101.7686,3.1918],[101.7698,3.2071],[101.7808,3.2181],[101.7888,3.2179],[101.7893,3.2083],[101.8161,3.2288],[101.8303,3.2578],[101.8548,3.2768],[101.8499,3.2861],[101.8229,3.2969],[101.7971,3.3333],[101.7807,3.3389],[101.7803,3.3575],[101.7597,3.3743]]]}},{"type":"Feature","properties":{"c":"P.099","n":"Ampang","s":"Selangor","w":"PH","p":"PKR","cand":"Rodziah binti Ismail","pct":54.3,"maj":29681,"nc":9,"tv":104430,"unc":false,"rw":"PN","rp":"BERSATU","rcand":"Sasha Lyna binti Abdul Latif","rpct":25.9},"geometry":{"type":"Polygon","coordinates":[[[101.7507,3.1603],[101.7581,3.1522],[101.7526,3.1408],[101.7564,3.1338],[101.7695,3.1293],[101.7667,3.1207],[101.7751,3.1219],[101.7742,3.1318],[101.7932,3.1297],[101.8118,3.1569],[101.802,3.1836],[101.8137,3.2064],[101.8161,3.2288],[101.7893,3.2083],[101.7888,3.2179],[101.7729,3.2105],[101.755,3.1711],[101.7426,3.1661],[101.7507,3.1603]]]}},{"type":"Feature","properties":{"c":"P.100","n":"Pandan","s":"Selangor","w":"PH","p":"PKR","cand":"Mohd Rafizi bin Ramli","pct":64.0,"maj":48296,"nc":5,"tv":115656,"unc":false,"rw":"PN","rp":"PAS","rcand":"Muhammad Farique bin Zubir Albakri","rpct":22.2},"geometry":{"type":"Polygon","coordinates":[[[101.7503,3.1575],[101.7468,3.1496],[101.7407,3.1509],[101.735,3.1356],[101.7409,3.1241],[101.7381,3.1136],[101.7536,3.1045],[101.7451,3.0862],[101.7477,3.0789],[101.7908,3.128],[101.7742,3.1318],[101.7751,3.1219],[101.7667,3.1207],[101.7695,3.1293],[101.7564,3.1338],[101.7526,3.1408],[101.7581,3.1522],[101.7503,3.1575]]]}},{"type":"Feature","properties":{"c":"P.101","n":"Hulu Langat","s":"Selangor","w":"PH","p":"AMANAH","cand":"Mohd Sany bin Hamzan","pct":42.7,"maj":14888,"nc":6,"tv":136787,"unc":false,"rw":"PN","rp":"BERSATU","rcand":"Mohd Radzi bin Abd Latif","rpct":31.8},"geometry":{"type":"Polygon","coordinates":[[[101.8548,3.2768],[101.8303,3.2578],[101.8107,3.2157],[101.8137,3.2064],[101.802,3.1836],[101.8118,3.1569],[101.8082,3.1473],[101.7472,3.0833],[101.7498,3.0683],[101.7571,3.06],[101.7702,3.0588],[101.7758,3.0492],[101.7841,3.0649],[101.7819,3.0754],[101.8018,3.0991],[101.8081,3.098],[101.8112,3.1087],[101.8359,3.1103],[101.8392,3.098],[101.8317,3.0564],[101.8439,3.0528],[101.8342,3.0377],[101.7944,3.0114],[101.8123,2.9971],[101.8193,3.0095],[101.836,3.0089],[101.8452,2.9952],[101.8329,2.9761],[101.8285,2.9504],[101.821,2.9529],[101.8199,2.9373],[101.8085,2.9294],[101.793,2.9295],[101.8001,2.8964],[101.7816,2.8874],[101.7662,2.8966],[101.7679,2.8849],[101.788,2.8697],[101.8816,2.8667],[101.9282,2.9778],[101.9308,2.9985],[101.939,2.9985],[101.9433,3.0064],[101.9396,3.0155],[101.9551,3.0261],[101.9682,3.0259],[101.9656,3.0558],[101.9588,3.0614],[101.9622,3.078],[101.9482,3.1122],[101.9588,3.1167],[101.9641,3.1395],[101.9404,3.1857],[101.9473,3.1912],[101.9473,3.2188],[101.9314,3.244],[101.934,3.2503],[101.9258,3.2596],[101.9095,3.2594],[101.9,3.2667],[101.8882,3.2602],[101.8548,3.2768]]]}},{"type":"Feature","properties":{"c":"P.102","n":"Bangi","s":"Selangor","w":"PH","p":"DAP","cand":"Syahredzan bin Johan","pct":58.0,"maj":69701,"nc":8,"tv":244291,"unc":false,"rw":"PN","rp":"PAS","rcand":"Muhammad Nazrul Hakim bin Md Nazir","rpct":29.4},"geometry":{"type":"Polygon","coordinates":[[[101.7498,3.0683],[101.7496,3.0549],[101.7305,3.055],[101.7306,3.037],[101.7377,3.0368],[101.7378,3.0252],[101.728,3.0235],[101.7234,3.015],[101.7337,3.0097],[101.7224,3.0081],[101.7415,2.9819],[101.7553,2.9159],[101.7662,2.8966],[101.7816,2.8874],[101.8001,2.8964],[101.793,2.9295],[101.8085,2.9294],[101.8199,2.9373],[101.821,2.9529],[101.8285,2.9504],[101.8329,2.9761],[101.8452,2.9952],[101.836,3.0089],[101.8193,3.0095],[101.8123,2.9971],[101.7944,3.0114],[101.8342,3.0377],[101.8439,3.0528],[101.8317,3.0564],[101.8402,3.0821],[101.8359,3.1103],[101.8112,3.1087],[101.8081,3.098],[101.796,3.0939],[101.7819,3.0754],[101.7841,3.0649],[101.7758,3.0492],[101.7702,3.0588],[101.7571,3.06],[101.7498,3.0683]]]}},{"type":"Feature","properties":{"c":"P.103","n":"Puchong","s":"Selangor","w":"PH","p":"DAP","cand":"Yeo Bee Yin","pct":65.7,"maj":57957,"nc":4,"tv":120949,"unc":false,"rw":"BN","rp":"KIMMA","rcand":"Syed Ibrahim bin Kader","rpct":17.7},"geometry":{"type":"Polygon","coordinates":[[[101.7306,3.037],[101.7224,3.0336],[101.7135,3.054],[101.7081,3.0461],[101.6841,3.0441],[101.6875,3.0322],[101.6804,3.0268],[101.6799,3.0095],[101.6274,3.0315],[101.6314,2.9994],[101.6207,2.9965],[101.6178,3.0043],[101.6001,3.0038],[101.5958,3.0131],[101.5994,3.0391],[101.594,3.0394],[101.5744,2.9789],[101.7133,2.9831],[101.7186,3.0111],[101.7337,3.0097],[101.7234,3.015],[101.728,3.0235],[101.7378,3.0252],[101.7377,3.0368],[101.7306,3.037]]]}},{"type":"Feature","properties":{"c":"P.104","n":"Subang","s":"Selangor","w":"PH","p":"PKR","cand":"Wong Chen","pct":77.7,"maj":115074,"nc":3,"tv":177983,"unc":false,"rw":"PN","rp":"GERAKAN","rcand":"Alex Ang Hiang Ni","rpct":13.0},"geometry":{"type":"Polygon","coordinates":[[[101.6841,3.0441],[101.6685,3.0406],[101.6687,3.0455],[101.651,3.0461],[101.6592,3.0493],[101.6594,3.0589],[101.6481,3.0571],[101.651,3.0695],[101.5979,3.0731],[101.6042,3.083],[101.5853,3.0851],[101.5721,3.082],[101.5717,3.0634],[101.5643,3.0506],[101.5803,3.022],[101.5867,3.022],[101.5884,3.0333],[101.5994,3.0391],[101.5959,3.0121],[101.6001,3.0038],[101.6178,3.0043],[101.6207,2.9965],[101.6314,2.9994],[101.6292,3.032],[101.6799,3.0095],[101.6804,3.0268],[101.6875,3.0322],[101.6841,3.0441]]]}},{"type":"Feature","properties":{"c":"P.105","n":"Petaling Jaya","s":"Selangor","w":"PH","p":"PKR","cand":"Lee Chean Chung","pct":57.1,"maj":50575,"nc":6,"tv":145862,"unc":false,"rw":"PN","rp":"BERSATU","rcand":"Theng Book","rpct":22.4},"geometry":{"type":"Polygon","coordinates":[[[101.646,3.0713],[101.6638,3.0861],[101.6592,3.1127],[101.6527,3.1099],[101.6434,3.1191],[101.6471,3.1277],[101.6279,3.1305],[101.6249,3.1185],[101.6297,3.1109],[101.6193,3.0843],[101.6147,3.0912],[101.606,3.0912],[101.6091,3.1068],[101.5913,3.1095],[101.5951,3.1272],[101.5682,3.1274],[101.5577,3.1032],[101.5464,3.1274],[101.5254,3.1277],[101.5338,3.1089],[101.5538,3.0934],[101.5563,3.0756],[101.5853,3.0851],[101.6042,3.083],[101.5979,3.0731],[101.646,3.0713]]]}},{"type":"Feature","properties":{"c":"P.106","n":"Damansara","s":"Selangor","w":"PH","p":"DAP","cand":"Gobind Singh Deo","pct":81.7,"maj":124619,"nc":3,"tv":174937,"unc":false,"rw":"PN","rp":"GERAKAN","rcand":"Lim Si Ching","rpct":10.4},"geometry":{"type":"Polygon","coordinates":[[[101.5796,3.2358],[101.6033,3.2304],[101.5982,3.2196],[101.5726,3.2121],[101.5816,3.2056],[101.5825,3.1898],[101.6012,3.1766],[101.5913,3.1095],[101.6091,3.1068],[101.606,3.0912],[101.6234,3.0848],[101.6205,3.0979],[101.6297,3.1109],[101.6249,3.1185],[101.6297,3.1371],[101.6152,3.1528],[101.6187,3.1971],[101.6365,3.2162],[101.6365,3.2288],[101.654,3.237],[101.6344,3.2498],[101.6123,3.2505],[101.5796,3.2358]]]}},{"type":"Feature","properties":{"c":"P.107","n":"Sungai Buloh","s":"Selangor","w":"PH","p":"PKR","cand":"Ramanan a/l Ramakrishnan","pct":39.3,"maj":2693,"nc":7,"tv":129639,"unc":false,"rw":"BN","rp":"UMNO","rcand":"Khairy Jamaluddin bin Abu Bakar","rpct":37.2},"geometry":{"type":"Polygon","coordinates":[[[101.4319,3.193],[101.4835,3.1935],[101.4987,3.1768],[101.5284,3.1848],[101.529,3.1576],[101.5221,3.1546],[101.5254,3.1277],[101.5464,3.1274],[101.5577,3.1032],[101.5682,3.1274],[101.5951,3.1272],[101.6005,3.1799],[101.5825,3.1898],[101.5816,3.2056],[101.5726,3.2121],[101.5982,3.2196],[101.6033,3.2304],[101.5796,3.2358],[101.5691,3.2526],[101.5547,3.2556],[101.5593,3.2326],[101.5523,3.2328],[101.5472,3.2188],[101.5303,3.2166],[101.5269,3.2212],[101.5011,3.2203],[101.4923,3.2313],[101.4921,3.2204],[101.4698,3.2473],[101.4645,3.245],[101.4388,3.2127],[101.4319,3.193]]]}},{"type":"Feature","properties":{"c":"P.108","n":"Shah Alam","s":"Selangor","w":"PH","p":"AMANAH","cand":"Azli bin Yusof","pct":45.2,"maj":18095,"nc":4,"tv":135770,"unc":false,"rw":"PN","rp":"BERSATU","rcand":"Afif bin Bahardin","rpct":31.9},"geometry":{"type":"Polygon","coordinates":[[[101.5721,3.082],[101.5563,3.0756],[101.5538,3.0934],[101.5338,3.1089],[101.5254,3.1256],[101.5221,3.1546],[101.529,3.1576],[101.5284,3.1848],[101.4987,3.1768],[101.4987,3.1698],[101.476,3.1708],[101.4701,3.1345],[101.4544,3.1346],[101.4524,3.1144],[101.4413,3.1093],[101.4484,3.0733],[101.4719,3.0649],[101.4748,3.0561],[101.4528,3.0466],[101.457,3.0387],[101.4626,3.0377],[101.4721,3.0518],[101.4733,3.0471],[101.4967,3.0469],[101.4956,3.0403],[101.5095,3.0436],[101.5184,3.0292],[101.5223,3.0359],[101.5232,3.0283],[101.5265,3.0389],[101.5445,3.0465],[101.5463,3.0391],[101.5713,3.0383],[101.5643,3.0506],[101.5717,3.0634],[101.5721,3.082]]]}},{"type":"Feature","properties":{"c":"P.109","n":"Kapar","s":"Selangor","w":"PN","p":"PAS","cand":"Halimah binti Ali","pct":41.6,"maj":11782,"nc":7,"tv":158030,"unc":false,"rw":"PH","rp":"PKR","rcand":"Abdullah Sani Abdul Hamid","rpct":34.2},"geometry":{"type":"MultiPolygon","coordinates":[[[[101.3069,3.1643],[101.3171,3.1124],[101.3294,3.1093],[101.3619,3.0702],[101.363,3.0033],[101.39,2.9998],[101.4181,3.0226],[101.4141,3.0255],[101.4233,3.0338],[101.423,3.0553],[101.4296,3.0522],[101.432,3.0631],[101.442,3.0607],[101.4331,3.0667],[101.4355,3.0782],[101.4118,3.0797],[101.3931,3.093],[101.4222,3.0933],[101.4226,3.1125],[101.4413,3.1093],[101.4524,3.1144],[101.4544,3.1346],[101.4701,3.1345],[101.4728,3.1671],[101.4987,3.1698],[101.4987,3.1827],[101.4835,3.1935],[101.4,3.1926],[101.4001,3.1868],[101.3693,3.1868],[101.3692,3.1759],[101.3426,3.176],[101.3426,3.163],[101.3275,3.1635],[101.3228,3.1578],[101.3148,3.1663],[101.3069,3.1643]]],[[[101.2588,2.9186],[101.2564,2.9389],[101.2353,2.9202],[101.2351,2.9048],[101.256,2.9107],[101.2588,2.9186]]],[[[101.2554,2.9649],[101.2303,2.948],[101.2341,2.9222],[101.2586,2.9398],[101.2554,2.9649]]],[[[101.3039,2.9736],[101.2972,2.9744],[101.2635,2.9481],[101.2649,2.9187],[101.2761,2.9216],[101.3039,2.9736]]],[[[101.3002,2.9808],[101.336,2.9985],[101.3368,3.0069],[101.314,3.011],[101.2883,3.0008],[101.283,3.0093],[101.2643,2.9792],[101.2626,2.9526],[101.3002,2.9808]]],[[[101.2502,3.0154],[101.2226,3.0036],[101.2255,2.9959],[101.2186,2.9945],[101.2001,2.9493],[101.2146,2.9531],[101.2625,3.0031],[101.2599,3.0165],[101.2502,3.0154]]],[[[101.2395,3.0181],[101.247,3.0181],[101.2466,3.0225],[101.2492,3.0185],[101.2489,3.0235],[101.2527,3.0198],[101.2521,3.0253],[101.2529,3.0199],[101.2597,3.0206],[101.2776,3.0355],[101.2805,3.0426],[101.2677,3.0582],[101.2415,3.0528],[101.209,3.0072],[101.2168,3.0046],[101.2395,3.0181]]],[[[101.3044,3.019],[101.307,3.01],[101.3369,3.01],[101.3348,3.0638],[101.3256,3.068],[101.3055,3.0628],[101.2842,3.013],[101.2875,3.0027],[101.3059,3.009],[101.3042,3.0238],[101.3044,3.019]]]]}},{"type":"Feature","properties":{"c":"P.110","n":"Klang","s":"Selangor","w":"PH","p":"DAP","cand":"Ganabatirau a/l Veraman","pct":70.5,"maj":91801,"nc":7,"tv":163905,"unc":false,"rw":"PN","rp":"BERSATU","rcand":"Jaya Chandran a/l Perumal","rpct":14.5},"geometry":{"type":"MultiPolygon","coordinates":[[[[101.4413,3.1093],[101.4226,3.1125],[101.4222,3.0933],[101.3919,3.0906],[101.4094,3.0856],[101.4118,3.0797],[101.4355,3.0782],[101.4331,3.0667],[101.442,3.0607],[101.432,3.0631],[101.4296,3.0522],[101.423,3.0553],[101.4233,3.0338],[101.4141,3.0255],[101.4181,3.0226],[101.3933,3.0062],[101.3936,2.9845],[101.3694,2.961],[101.3581,2.9258],[101.3507,2.9242],[101.3695,2.9037],[101.3831,2.9128],[101.3878,2.9415],[101.403,2.9541],[101.4104,2.9758],[101.4254,2.9755],[101.438,2.9651],[101.4205,2.9499],[101.4686,2.9516],[101.4512,2.9839],[101.4225,2.9836],[101.4246,3.0109],[101.4387,3.0137],[101.4528,3.0466],[101.4748,3.0561],[101.4719,3.0649],[101.4484,3.0733],[101.4413,3.1093]]],[[[101.3638,2.9933],[101.3429,2.9894],[101.3164,2.9686],[101.275,2.8952],[101.2842,2.8844],[101.3183,2.9143],[101.3301,2.911],[101.3409,2.8958],[101.3481,2.897],[101.3358,2.9243],[101.3519,2.9342],[101.3722,2.9765],[101.3905,2.9901],[101.3755,2.9873],[101.3638,2.9933]]]]}},{"type":"Feature","properties":{"c":"P.111","n":"Kota Raja","s":"Selangor","w":"PH","p":"AMANAH","cand":"Mohamad bin Sabu","pct":62.4,"maj":73998,"nc":8,"tv":197740,"unc":false,"rw":"PN","rp":"PAS","rcand":"Mohamed Diah bin Baharun","rpct":24.9},"geometry":{"type":"Polygon","coordinates":[[[101.5849,3.0211],[101.5713,3.0383],[101.5463,3.0391],[101.5445,3.0465],[101.5265,3.0389],[101.5232,3.0283],[101.5223,3.0359],[101.5184,3.0292],[101.5095,3.0436],[101.4956,3.0403],[101.4967,3.0469],[101.4733,3.0471],[101.4721,3.0518],[101.4626,3.0377],[101.4511,3.0414],[101.4387,3.0137],[101.4246,3.0109],[101.4225,2.9836],[101.4512,2.9839],[101.4692,2.9495],[101.5235,2.9494],[101.5487,2.9645],[101.549,2.9572],[101.5619,2.9643],[101.5596,2.9695],[101.5776,2.9794],[101.5849,3.0211]]]}},{"type":"Feature","properties":{"c":"P.112","n":"Kuala Langat","s":"Selangor","w":"PN","p":"PAS","cand":"Ahmad Yunus bin Hairi","pct":42.7,"maj":1833,"nc":6,"tv":123860,"unc":false,"rw":"PH","rp":"PKR","rcand":"G. Manivannan a/l Gowindasamy","rpct":41.2},"geometry":{"type":"MultiPolygon","coordinates":[[[[101.5744,2.9789],[101.5596,2.9695],[101.5619,2.9643],[101.549,2.9572],[101.5487,2.9645],[101.5235,2.9494],[101.4205,2.9499],[101.438,2.9651],[101.4254,2.9755],[101.4104,2.9758],[101.403,2.9541],[101.3878,2.9415],[101.3804,2.908],[101.3695,2.9037],[101.3507,2.9242],[101.3416,2.923],[101.3516,2.9051],[101.3488,2.8935],[101.3389,2.8934],[101.3197,2.9111],[101.2888,2.8781],[101.2932,2.8378],[101.3265,2.8314],[101.3611,2.8119],[101.4034,2.8046],[101.4084,2.79],[101.4277,2.7751],[101.4482,2.7385],[101.4605,2.7612],[101.4825,2.747],[101.4789,2.7406],[101.5081,2.7323],[101.522,2.7583],[101.5341,2.7585],[101.5336,2.7773],[101.5015,2.7933],[101.5052,2.7975],[101.5857,2.7989],[101.5835,2.8167],[101.5754,2.8175],[101.5772,2.8269],[101.5598,2.829],[101.5575,2.8378],[101.5784,2.8571],[101.629,2.8525],[101.6332,2.8437],[101.6417,2.849],[101.5744,2.9789]]]]}},{"type":"Feature","properties":{"c":"P.113","n":"Sepang","s":"Selangor","w":"PH","p":"AMANAH","cand":"Raj Munni binti Sabu (Aiman Athirah Al Jundi)","pct":40.8,"maj":8949,"nc":8,"tv":137955,"unc":false,"rw":"PN","rp":"BERSATU","rcand":"Rina binti Mohd Harun","rpct":34.3},"geometry":{"type":"Polygon","coordinates":[[[101.7662,2.8966],[101.7553,2.9159],[101.7415,2.9819],[101.72,3.0115],[101.7133,2.9831],[101.5761,2.9763],[101.6417,2.849],[101.6332,2.8437],[101.629,2.8525],[101.5784,2.8571],[101.5575,2.8378],[101.5598,2.829],[101.5772,2.8269],[101.5754,2.8175],[101.5835,2.8167],[101.5857,2.7989],[101.5052,2.7975],[101.5015,2.7933],[101.5336,2.7773],[101.5341,2.7585],[101.522,2.7583],[101.5081,2.7323],[101.498,2.7384],[101.4931,2.7325],[101.4605,2.7612],[101.4482,2.7385],[101.4635,2.7042],[101.4802,2.6889],[101.5396,2.6621],[101.5749,2.6535],[101.6056,2.6346],[101.6713,2.6168],[101.6864,2.6086],[101.6959,2.5945],[101.7144,2.5952],[101.7024,2.6085],[101.7215,2.6214],[101.7284,2.6166],[101.7243,2.636],[101.7313,2.6479],[101.7469,2.6558],[101.7388,2.6738],[101.7515,2.6824],[101.7543,2.6983],[101.7605,2.7009],[101.7509,2.8709],[101.788,2.8697],[101.7679,2.8849],[101.7662,2.8966]],[[101.6848,2.9708],[101.7007,2.9749],[101.7035,2.9635],[101.7154,2.9639],[101.7152,2.9552],[101.7308,2.955],[101.7327,2.9294],[101.7072,2.9295],[101.7075,2.9133],[101.6977,2.9094],[101.7014,2.8999],[101.6743,2.8768],[101.6712,2.8834],[101.6659,2.8793],[101.6597,2.8993],[101.6719,2.9157],[101.665,2.9439],[101.6748,2.9506],[101.663,2.9639],[101.6726,2.9718],[101.6848,2.9708]]]}},{"type":"Feature","properties":{"c":"P.114","n":"Kepong","s":"W.P. Kuala Lumpur","w":"PH","p":"DAP","cand":"Lim Lip Eng","pct":88.9,"maj":61081,"nc":5,"tv":72319,"unc":false,"rw":"BN","rp":"MCA","rcand":"Yap Zheng Hoe","rpct":4.5},"geometry":{"type":"Polygon","coordinates":[[[101.6296,3.2089],[101.6412,3.1987],[101.6432,3.1878],[101.6524,3.1996],[101.6653,3.1942],[101.6674,3.2058],[101.6595,3.2274],[101.6404,3.232],[101.6296,3.2089]]]}},{"type":"Feature","properties":{"c":"P.115","n":"Batu","s":"W.P. Kuala Lumpur","w":"PH","p":"PKR","cand":"Prabakaran a/l Parameswaran","pct":52.5,"maj":22241,"nc":10,"tv":87146,"unc":false,"rw":"PN","rp":"PAS","rcand":"Azhar bin Yahya","rpct":26.9},"geometry":{"type":"Polygon","coordinates":[[[101.654,3.237],[101.6456,3.2288],[101.6629,3.2242],[101.6648,3.2004],[101.6778,3.1979],[101.6812,3.1814],[101.6947,3.17],[101.7061,3.1896],[101.6986,3.1991],[101.6908,3.1983],[101.6963,3.2028],[101.6972,3.2286],[101.6721,3.2281],[101.6646,3.2445],[101.654,3.237]]]}},{"type":"Feature","properties":{"c":"P.116","n":"Wangsa Maju","s":"W.P. Kuala Lumpur","w":"PH","p":"PKR","cand":"Zahir bin Hassan","pct":49.6,"maj":20696,"nc":6,"tv":92740,"unc":false,"rw":"PN","rp":"PAS","rcand":"Nuridah binti Mohd Salleh","rpct":27.3},"geometry":{"type":"Polygon","coordinates":[[[101.6972,3.2262],[101.6963,3.2028],[101.6908,3.1983],[101.6986,3.1991],[101.6999,3.1913],[101.7061,3.1896],[101.7222,3.2032],[101.7261,3.1982],[101.7487,3.1999],[101.7384,3.2158],[101.7439,3.228],[101.7399,3.2335],[101.724,3.2291],[101.7148,3.2129],[101.7026,3.2166],[101.6972,3.2262]]]}},{"type":"Feature","properties":{"c":"P.117","n":"Segambut","s":"W.P. Kuala Lumpur","w":"PH","p":"DAP","cand":"Hannah Yeoh Tseow Suan","pct":80.0,"maj":59684,"nc":3,"tv":85496,"unc":false,"rw":"PN","rp":"GERAKAN","rcand":"Prabagaran a/l Vythilingam","rpct":10.2},"geometry":{"type":"Polygon","coordinates":[[[101.646,3.1278],[101.6675,3.1477],[101.6791,3.1425],[101.681,3.1485],[101.6932,3.1508],[101.6947,3.17],[101.6812,3.1814],[101.6778,3.1979],[101.6648,3.2004],[101.6619,3.1921],[101.6524,3.1996],[101.6432,3.1878],[101.6412,3.1987],[101.6296,3.2089],[101.6187,3.1971],[101.6152,3.1528],[101.6295,3.1306],[101.646,3.1278]]]}},{"type":"Feature","properties":{"c":"P.118","n":"Setiawangsa","s":"W.P. Kuala Lumpur","w":"PH","p":"PKR","cand":"Nik Nazmi bin Nik Ahmad","pct":46.1,"maj":12164,"nc":6,"tv":74764,"unc":false,"rw":"PN","rp":"BERSATU","rcand":"Nurul Fadzilah binti Kamaluddin","rpct":29.8},"geometry":{"type":"Polygon","coordinates":[[[101.7487,3.2026],[101.7372,3.1977],[101.7222,3.2032],[101.7004,3.1842],[101.6998,3.174],[101.7137,3.1674],[101.7205,3.1754],[101.7274,3.1714],[101.734,3.1781],[101.7525,3.1767],[101.7587,3.188],[101.7487,3.2026]]]}},{"type":"Feature","properties":{"c":"P.119","n":"Titiwangsa","s":"W.P. Kuala Lumpur","w":"BN","p":"UMNO","cand":"Johari bin Abdul Ghani","pct":41.1,"maj":4632,"nc":4,"tv":60858,"unc":false,"rw":"PH","rp":"AMANAH","rcand":"Khalid bin Abdul Samad","rpct":33.5},"geometry":{"type":"Polygon","coordinates":[[[101.7311,3.1727],[101.7205,3.1754],[101.7137,3.1674],[101.6998,3.174],[101.7009,3.1794],[101.6946,3.1762],[101.7008,3.1553],[101.7202,3.16],[101.7232,3.1481],[101.7175,3.1304],[101.7298,3.1249],[101.7384,3.1298],[101.7407,3.1509],[101.7468,3.1496],[101.7507,3.1603],[101.735,3.1648],[101.7311,3.1727]]]}},{"type":"Feature","properties":{"c":"P.120","n":"Bukit Bintang","s":"W.P. Kuala Lumpur","w":"PH","p":"DAP","cand":"Fong Kui Lun","pct":82.8,"maj":38977,"nc":3,"tv":52936,"unc":false,"rw":"BN","rp":"MCA","rcand":"Tan Teik Peng","rpct":9.2},"geometry":{"type":"Polygon","coordinates":[[[101.6947,3.17],[101.6936,3.1407],[101.6779,3.1255],[101.679,3.1146],[101.6985,3.1034],[101.6941,3.0865],[101.7032,3.0783],[101.7153,3.0808],[101.706,3.0996],[101.7157,3.1141],[101.6984,3.1257],[101.7049,3.1382],[101.7132,3.1339],[101.7207,3.1412],[101.7229,3.1525],[101.7202,3.16],[101.7008,3.1553],[101.6947,3.17]]]}},{"type":"Feature","properties":{"c":"P.121","n":"Lembah Pantai","s":"W.P. Kuala Lumpur","w":"PH","p":"PKR","cand":"Ahmad Fahmi bin Mohamed Fadzil","pct":46.1,"maj":13912,"nc":4,"tv":76714,"unc":false,"rw":"BN","rp":"UMNO","rcand":"Ramlan bin Askolani","rpct":28.0},"geometry":{"type":"Polygon","coordinates":[[[101.6509,3.0692],[101.6735,3.0857],[101.6779,3.1255],[101.6925,3.1381],[101.6932,3.1508],[101.681,3.1485],[101.6791,3.1425],[101.6675,3.1477],[101.646,3.1278],[101.6439,3.1185],[101.6527,3.1099],[101.6592,3.1127],[101.6638,3.0861],[101.646,3.0713],[101.6509,3.0692]]]}},{"type":"Feature","properties":{"c":"P.122","n":"Seputeh","s":"W.P. Kuala Lumpur","w":"PH","p":"DAP","cand":"Teresa Kok Suh Sim","pct":83.7,"maj":67187,"nc":5,"tv":87454,"unc":false,"rw":"PN","rp":"GERAKAN","rcand":"Alan Wong Yee Yeng","rpct":6.9},"geometry":{"type":"Polygon","coordinates":[[[101.7063,3.049],[101.7048,3.0767],[101.6941,3.0865],[101.6985,3.1034],[101.6754,3.1148],[101.6735,3.0857],[101.6471,3.0619],[101.6481,3.0571],[101.6594,3.0589],[101.6592,3.0493],[101.651,3.0461],[101.6687,3.0455],[101.6685,3.0406],[101.7063,3.049]]]}},{"type":"Feature","properties":{"c":"P.123","n":"Cheras","s":"W.P. Kuala Lumpur","w":"PH","p":"DAP","cand":"Tan Kok Wai","pct":84.0,"maj":54448,"nc":3,"tv":71746,"unc":false,"rw":"PN","rp":"BERSATU","rcand":"Chin Yoke Kheng (Ruby Chin)","rpct":8.1},"geometry":{"type":"Polygon","coordinates":[[[101.7384,3.1298],[101.7298,3.1249],[101.7186,3.1295],[101.7189,3.1418],[101.7132,3.1339],[101.7049,3.1382],[101.6984,3.1257],[101.7131,3.1134],[101.7161,3.123],[101.7289,3.1215],[101.7315,3.1029],[101.7265,3.1025],[101.7296,3.0964],[101.7217,3.0872],[101.7296,3.0881],[101.7325,3.0765],[101.746,3.0784],[101.7537,3.1032],[101.7381,3.1136],[101.7384,3.1298]]]}},{"type":"Feature","properties":{"c":"P.124","n":"Bandar Tun Razak","s":"W.P. Kuala Lumpur","w":"PH","p":"PKR","cand":"Wan Azizah binti Wan Ismail","pct":46.7,"maj":9817,"nc":3,"tv":93021,"unc":false,"rw":"PN","rp":"BERSATU","rcand":"Kamarudin bin Jaffar","rpct":36.2},"geometry":{"type":"Polygon","coordinates":[[[101.7456,3.0814],[101.7299,3.0769],[101.7296,3.0881],[101.7217,3.0872],[101.7317,3.1052],[101.7289,3.1215],[101.7161,3.123],[101.706,3.0996],[101.7153,3.0808],[101.7032,3.0783],[101.7065,3.0459],[101.715,3.0534],[101.7224,3.0336],[101.7306,3.0353],[101.7305,3.055],[101.7496,3.0549],[101.7456,3.0814]]]}},{"type":"Feature","properties":{"c":"P.125","n":"Putrajaya","s":"W.P. Putrajaya","w":"PN","p":"BERSATU","cand":"Mohd Radzi bin Md Jidin","pct":43.7,"maj":2310,"nc":6,"tv":36643,"unc":false,"rw":"BN","rp":"UMNO","rcand":"Tengku Adnan bin Tengku Mansor","rpct":37.4},"geometry":{"type":"Polygon","coordinates":[[[101.6848,2.9708],[101.6726,2.9718],[101.663,2.9639],[101.6748,2.9506],[101.665,2.9439],[101.6719,2.9157],[101.6597,2.8993],[101.6659,2.8793],[101.6712,2.8834],[101.6743,2.8768],[101.7014,2.8999],[101.6977,2.9094],[101.7075,2.9133],[101.7072,2.9295],[101.7327,2.9294],[101.7308,2.955],[101.7152,2.9552],[101.7154,2.9639],[101.7035,2.9635],[101.7007,2.9749],[101.6848,2.9708]]]}},{"type":"Feature","properties":{"c":"P.126","n":"Jelebu","s":"Negeri Sembilan","w":"BN","p":"UMNO","cand":"Jalaluddin bin Alias","pct":48.1,"maj":8125,"nc":4,"tv":45334,"unc":false,"rw":"PH","rp":"AMANAH","rcand":"Zulkefly Mohamad bin Omar","rpct":30.2},"geometry":{"type":"Polygon","coordinates":[[[102.157,2.8978],[102.1706,2.9018],[102.1892,2.8929],[102.1979,2.9079],[102.2085,2.9102],[102.2248,2.9022],[102.2418,2.9027],[102.2397,2.9242],[102.2486,2.9233],[102.2626,2.9424],[102.2954,2.9228],[102.2974,2.9288],[102.3176,2.9241],[102.3138,2.9081],[102.3377,2.908],[102.3587,2.9186],[102.3857,2.905],[102.3947,2.9224],[102.4082,2.9208],[102.4097,2.8906],[102.4021,2.8873],[102.4097,2.8867],[102.4089,2.8468],[102.4234,2.8466],[102.4449,2.8651],[102.4518,2.8622],[102.4627,2.9061],[102.4516,2.925],[102.4558,2.9352],[102.4765,2.9369],[102.4836,2.9432],[102.4878,2.9695],[102.4761,2.9787],[102.4683,3.0184],[102.388,3.1181],[102.2837,3.1388],[102.1546,3.1781],[102.1408,3.1964],[102.1269,3.1927],[102.1154,3.1979],[102.1139,3.1882],[102.0963,3.1919],[102.0754,3.1766],[102.0758,3.1647],[102.0552,3.1669],[102.0429,3.2248],[102.0089,3.2262],[101.973,3.243],[101.9771,3.2524],[101.97,3.2735],[101.9488,3.2721],[101.9435,3.2844],[101.9323,3.2878],[101.9293,3.2725],[101.9095,3.2594],[101.9258,3.2596],[101.9316,3.254],[101.9314,3.244],[101.9473,3.2188],[101.9473,3.1912],[101.9404,3.1857],[101.9641,3.1395],[101.9588,3.1167],[101.9482,3.1122],[101.9488,3.102],[101.9622,3.078],[101.9588,3.0614],[101.9656,3.0558],[101.9682,3.0259],[101.9551,3.0261],[101.9396,3.0155],[101.9433,3.0064],[101.939,2.9985],[101.9308,2.9985],[101.9234,2.9676],[101.9499,2.9586],[101.9484,2.9486],[101.9755,2.9401],[101.9818,2.9218],[101.9901,2.9161],[101.9813,2.9057],[101.9926,2.8546],[102.0083,2.8424],[102.0224,2.8425],[102.0235,2.8336],[102.0356,2.8283],[102.0424,2.8366],[102.052,2.8326],[102.0651,2.8426],[102.0668,2.8329],[102.0782,2.8346],[102.0957,2.848],[102.0984,2.8653],[102.1071,2.8684],[102.109,2.8782],[102.128,2.8954],[102.157,2.8978]]]}},{"type":"Feature","properties":{"c":"P.127","n":"Jempol","s":"Negeri Sembilan","w":"BN","p":"UMNO","cand":"Shamshulkahar bin Mohd Deli","pct":42.0,"maj":5857,"nc":4,"tv":71795,"unc":false,"rw":"PH","rp":"AMANAH","rcand":"Norwani binti Ahmat","rpct":33.8},"geometry":{"type":"Polygon","coordinates":[[[102.6551,2.7089],[102.7026,2.8315],[102.6917,2.8801],[102.679,2.8965],[102.6675,2.8857],[102.4683,3.0184],[102.4688,2.9997],[102.4761,2.9787],[102.4864,2.974],[102.4881,2.96],[102.4836,2.9432],[102.4765,2.9369],[102.4558,2.9352],[102.4516,2.925],[102.4627,2.9061],[102.4518,2.8622],[102.4449,2.8651],[102.4234,2.8466],[102.4089,2.8468],[102.4097,2.8867],[102.4021,2.8873],[102.4097,2.8906],[102.4082,2.9208],[102.3947,2.9224],[102.3857,2.905],[102.3587,2.9186],[102.3377,2.908],[102.3138,2.9081],[102.3176,2.9241],[102.2974,2.9288],[102.2954,2.9228],[102.2626,2.9424],[102.2486,2.9233],[102.2397,2.9242],[102.2418,2.9027],[102.2373,2.9024],[102.2567,2.8928],[102.2772,2.8689],[102.301,2.8614],[102.2912,2.8294],[102.3086,2.8289],[102.3159,2.8227],[102.3144,2.818],[102.3425,2.7913],[102.3402,2.7782],[102.3485,2.7672],[102.3671,2.7694],[102.3675,2.7813],[102.3902,2.7815],[102.3992,2.7632],[102.3933,2.753],[102.3968,2.7349],[102.3703,2.7081],[102.3548,2.7009],[102.3574,2.6764],[102.3455,2.6635],[102.3481,2.6519],[102.3344,2.6444],[102.3479,2.6436],[102.3477,2.5993],[102.4287,2.6897],[102.5512,2.6837],[102.551,2.6715],[102.5687,2.6558],[102.5838,2.6623],[102.5964,2.6509],[102.6315,2.6478],[102.6551,2.7089]]]}},{"type":"Feature","properties":{"c":"P.128","n":"Seremban","s":"Negeri Sembilan","w":"PH","p":"DAP","cand":"Anthony Loke Siew Fook","pct":51.8,"maj":30844,"nc":5,"tv":123289,"unc":false,"rw":"PN","rp":"PAS","rcand":"Mohd Fadli bin Che Me","rpct":26.8},"geometry":{"type":"Polygon","coordinates":[[[101.788,2.8697],[101.7509,2.8709],[101.7552,2.7984],[101.7773,2.8063],[101.8083,2.7947],[101.8191,2.8008],[101.8248,2.7723],[101.8385,2.7689],[101.8487,2.7859],[101.8787,2.7716],[101.905,2.774],[101.8964,2.7691],[101.8903,2.7491],[101.9059,2.7501],[101.9063,2.7399],[101.9224,2.7266],[101.9309,2.7241],[101.9357,2.7327],[101.9507,2.7115],[101.9712,2.7175],[101.9778,2.7125],[101.9801,2.7247],[102.0132,2.7161],[102.0296,2.7242],[102.0544,2.7251],[102.0571,2.7453],[102.0492,2.757],[102.0536,2.7711],[102.0491,2.798],[102.0644,2.8186],[102.0611,2.8267],[102.0676,2.8409],[102.052,2.8326],[102.0424,2.8366],[102.0356,2.8283],[102.0235,2.8336],[102.0224,2.8425],[102.0142,2.8401],[101.9958,2.8504],[101.9834,2.8801],[101.987,2.8953],[101.9813,2.9057],[101.9901,2.9161],[101.9818,2.9218],[101.9755,2.9401],[101.9484,2.9486],[101.9499,2.9586],[101.9234,2.9676],[101.8816,2.8667],[101.788,2.8697]]]}},{"type":"Feature","properties":{"c":"P.129","n":"Kuala Pilah","s":"Negeri Sembilan","w":"BN","p":"UMNO","cand":"Adnan bin Abu Hassan","pct":44.0,"maj":6483,"nc":5,"tv":48662,"unc":false,"rw":"PH","rp":"PKR","rcand":"Nor Azman bin Mohamad","rpct":30.7},"geometry":{"type":"Polygon","coordinates":[[[102.0668,2.8329],[102.0611,2.8267],[102.0644,2.8186],[102.0491,2.798],[102.0536,2.7711],[102.0492,2.757],[102.0571,2.7453],[102.0473,2.6926],[102.0638,2.6806],[102.0899,2.7093],[102.1184,2.7083],[102.1252,2.7017],[102.1114,2.6651],[102.1155,2.6418],[102.1214,2.6333],[102.1356,2.6297],[102.1439,2.6142],[102.1668,2.6124],[102.1638,2.6093],[102.1794,2.5923],[102.1811,2.5724],[102.1984,2.5594],[102.2062,2.5415],[102.2258,2.5348],[102.2347,2.5446],[102.2699,2.5386],[102.3258,2.5397],[102.3296,2.5724],[102.3244,2.5722],[102.3477,2.5993],[102.3479,2.6436],[102.3344,2.6444],[102.3481,2.6519],[102.3455,2.6635],[102.3574,2.6764],[102.3548,2.7009],[102.3703,2.7081],[102.3968,2.7349],[102.3933,2.753],[102.3992,2.7632],[102.3902,2.7815],[102.3675,2.7813],[102.3671,2.7694],[102.3485,2.7672],[102.3402,2.7782],[102.3425,2.7913],[102.3144,2.818],[102.3159,2.8227],[102.3086,2.8289],[102.2912,2.8294],[102.301,2.8614],[102.2772,2.8689],[102.2517,2.897],[102.2094,2.9102],[102.1979,2.9079],[102.1892,2.8929],[102.1684,2.902],[102.1478,2.8934],[102.128,2.8954],[102.109,2.8782],[102.1071,2.8684],[102.0984,2.8653],[102.0957,2.848],[102.0668,2.8329]]]}},{"type":"Feature","properties":{"c":"P.130","n":"Rasah","s":"Negeri Sembilan","w":"PH","p":"DAP","cand":"Cha Kee Chin","pct":68.0,"maj":61987,"nc":3,"tv":119691,"unc":false,"rw":"BN","rp":"MCA","rcand":"Ng Kian Nam","rpct":16.2},"geometry":{"type":"Polygon","coordinates":[[[101.7601,2.7234],[101.7784,2.7231],[101.7917,2.6695],[101.8267,2.6698],[101.8311,2.6916],[101.8569,2.6974],[101.8652,2.694],[101.863,2.6834],[101.8723,2.6802],[101.8756,2.6673],[101.8895,2.6655],[101.8895,2.6594],[101.9099,2.6676],[101.9178,2.6652],[101.9199,2.6553],[101.9342,2.664],[101.9325,2.6682],[101.9598,2.663],[101.9615,2.6705],[101.9939,2.6631],[101.9843,2.6791],[101.9904,2.6836],[101.9697,2.6993],[101.9712,2.7175],[101.9507,2.7115],[101.9357,2.7327],[101.9309,2.7241],[101.9224,2.7266],[101.9063,2.7399],[101.9059,2.7501],[101.8903,2.7491],[101.8964,2.7691],[101.905,2.774],[101.8787,2.7716],[101.8487,2.7859],[101.8424,2.7694],[101.8248,2.7723],[101.8191,2.8008],[101.8083,2.7947],[101.7773,2.8063],[101.7552,2.7984],[101.7601,2.7234]]]}},{"type":"Feature","properties":{"c":"P.131","n":"Rembau","s":"Negeri Sembilan","w":"BN","p":"UMNO","cand":"Mohamad bin Hasan (Tok Mat)","pct":48.5,"maj":19897,"nc":5,"tv":109436,"unc":false,"rw":"PH","rp":"PKR","rcand":"Jufitri bin Joha","rpct":30.3},"geometry":{"type":"Polygon","coordinates":[[[101.9738,2.7134],[101.9697,2.6993],[101.9904,2.6836],[101.9843,2.6791],[101.9941,2.666],[101.9916,2.6608],[101.9873,2.6676],[101.9678,2.6657],[101.9615,2.6705],[101.9598,2.663],[101.9325,2.6682],[101.9342,2.664],[101.9199,2.6553],[101.9178,2.6652],[101.9099,2.6676],[101.8895,2.6594],[101.8895,2.6655],[101.8756,2.6673],[101.8723,2.6802],[101.863,2.6834],[101.8652,2.694],[101.8569,2.6974],[101.8311,2.6916],[101.8258,2.6711],[101.8338,2.6526],[101.8457,2.6464],[101.8531,2.6726],[101.8776,2.6577],[101.8679,2.6281],[101.9088,2.6252],[101.9086,2.6053],[101.9212,2.6053],[101.9174,2.599],[101.9268,2.5985],[101.9243,2.5699],[101.9358,2.5617],[101.9309,2.5431],[101.9703,2.5434],[101.9701,2.5526],[101.9793,2.5516],[101.9745,2.5672],[101.9638,2.5719],[102.011,2.5708],[102.0106,2.5432],[102.03,2.5433],[102.0346,2.4262],[102.0501,2.4207],[102.0509,2.4331],[102.0648,2.4425],[102.0593,2.4443],[102.0644,2.4578],[102.0838,2.4539],[102.0885,2.4471],[102.1216,2.4627],[102.1416,2.457],[102.1762,2.4995],[102.2052,2.4826],[102.214,2.5018],[102.1961,2.5204],[102.1957,2.5346],[102.2033,2.5434],[102.2007,2.5562],[102.1811,2.5724],[102.1794,2.5923],[102.1638,2.6093],[102.1668,2.6124],[102.1439,2.6142],[102.1356,2.6297],[102.1214,2.6333],[102.1155,2.6418],[102.1114,2.6651],[102.1252,2.7017],[102.1184,2.7083],[102.0899,2.7093],[102.0638,2.6806],[102.0473,2.6926],[102.0544,2.7251],[102.0296,2.7242],[102.0132,2.7161],[101.9801,2.7247],[101.9806,2.7144],[101.9738,2.7134]]]}},{"type":"Feature","properties":{"c":"P.132","n":"Port Dickson","s":"Negeri Sembilan","w":"PH","p":"PKR","cand":"Aminuddin bin Harun","pct":52.8,"maj":23937,"nc":5,"tv":80185,"unc":false,"rw":"BN","rp":"MIC","rcand":"Kamalanathan a/l Panchanathan","rpct":23.0},"geometry":{"type":"MultiPolygon","coordinates":[[[[101.7144,2.5952],[101.7293,2.5932],[101.7401,2.6019],[101.7561,2.6039],[101.7782,2.5921],[101.7843,2.5771],[101.794,2.5761],[101.7982,2.5634],[101.7931,2.5525],[101.7989,2.5416],[101.7893,2.5319],[101.7903,2.5219],[101.8175,2.5216],[101.8464,2.4836],[101.8576,2.4348],[101.8566,2.4163],[101.8478,2.4118],[101.8535,2.403],[101.8651,2.4182],[101.8953,2.4169],[101.9305,2.4255],[101.9542,2.4031],[101.9717,2.3988],[101.9767,2.3897],[102.0116,2.4087],[102.0273,2.4276],[102.03,2.5433],[102.0106,2.5432],[102.011,2.5708],[101.9638,2.5719],[101.9745,2.5672],[101.9793,2.5516],[101.9701,2.5526],[101.9703,2.5434],[101.9309,2.5431],[101.9358,2.5617],[101.9243,2.5699],[101.9268,2.5985],[101.9174,2.599],[101.9212,2.6053],[101.9086,2.6053],[101.9088,2.6252],[101.8679,2.6281],[101.8776,2.6577],[101.8553,2.6726],[101.8457,2.6464],[101.8338,2.6526],[101.8267,2.6698],[101.7917,2.6695],[101.7784,2.7231],[101.7601,2.7234],[101.7605,2.7009],[101.7543,2.6983],[101.7515,2.6824],[101.7388,2.6738],[101.7469,2.6558],[101.7313,2.6479],[101.7243,2.636],[101.7284,2.6166],[101.7215,2.6214],[101.7024,2.6085],[101.7144,2.5952]]]]}},{"type":"Feature","properties":{"c":"P.133","n":"Tampin","s":"Negeri Sembilan","w":"BN","p":"UMNO","cand":"Mohd Isam bin Mohd Isa","pct":38.1,"maj":1276,"nc":4,"tv":61033,"unc":false,"rw":"PH","rp":"AMANAH","rcand":"Muhammad Faiz bin Fadzil","rpct":36.1},"geometry":{"type":"Polygon","coordinates":[[[102.3477,2.5993],[102.3244,2.5722],[102.3296,2.5724],[102.3258,2.5397],[102.2699,2.5386],[102.2347,2.5446],[102.2258,2.5348],[102.216,2.5422],[102.1983,2.5403],[102.1961,2.5204],[102.214,2.5018],[102.2052,2.4826],[102.2314,2.4665],[102.2782,2.4587],[102.319,2.4798],[102.3648,2.4899],[102.4334,2.4669],[102.4319,2.4575],[102.5875,2.416],[102.5943,2.4097],[102.5907,2.421],[102.5966,2.4547],[102.6155,2.468],[102.6083,2.5086],[102.6191,2.5201],[102.6105,2.5348],[102.6149,2.5563],[102.6069,2.5673],[102.6167,2.582],[102.6327,2.5897],[102.6389,2.6025],[102.6385,2.6104],[102.6273,2.6156],[102.6315,2.6478],[102.5964,2.6509],[102.5838,2.6623],[102.5687,2.6558],[102.551,2.6715],[102.5512,2.6837],[102.4287,2.6897],[102.3477,2.5993]]]}},{"type":"Feature","properties":{"c":"P.134","n":"Masjid Tanah","s":"Melaka","w":"PN","p":"BERSATU","cand":"Mas Ermieyati binti Samsudin","pct":46.8,"maj":4411,"nc":4,"tv":54749,"unc":false,"rw":"BN","rp":"UMNO","rcand":"Abdul Hakim bin Abdul Wahid","rpct":38.7},"geometry":{"type":"Polygon","coordinates":[[[102.0301,2.4398],[102.0116,2.4087],[101.9685,2.3874],[101.9762,2.3705],[102.0116,2.3666],[102.0546,2.3425],[102.0697,2.3222],[102.0787,2.2956],[102.0938,2.2887],[102.1184,2.2838],[102.134,2.2938],[102.1459,2.2892],[102.1443,2.3008],[102.1897,2.3115],[102.1803,2.3154],[102.1842,2.3298],[102.1742,2.3751],[102.1756,2.382],[102.1897,2.3814],[102.1893,2.4056],[102.1951,2.412],[102.188,2.4278],[102.1917,2.4414],[102.2109,2.4484],[102.2032,2.4635],[102.2052,2.4826],[102.1762,2.4995],[102.1416,2.457],[102.1216,2.4627],[102.0885,2.4471],[102.0838,2.4539],[102.0644,2.4578],[102.0625,2.4367],[102.0509,2.4331],[102.0473,2.4196],[102.0346,2.4262],[102.0382,2.4342],[102.0301,2.4398]]]}},{"type":"Feature","properties":{"c":"P.135","n":"Alor Gajah","s":"Melaka","w":"PH","p":"AMANAH","cand":"Adly bin Zahari","pct":38.6,"maj":890,"nc":4,"tv":73000,"unc":false,"rw":"BN","rp":"UMNO","rcand":"Shahril Sufian bin Hamdan","rpct":37.4},"geometry":{"type":"Polygon","coordinates":[[[102.2052,2.4826],[102.2032,2.4635],[102.2109,2.4484],[102.1917,2.4414],[102.188,2.4278],[102.1951,2.412],[102.1893,2.4056],[102.1897,2.3814],[102.1756,2.382],[102.1742,2.3751],[102.1842,2.3298],[102.1803,2.3154],[102.208,2.3169],[102.2365,2.2951],[102.2388,2.3374],[102.2566,2.3305],[102.2556,2.3075],[102.2632,2.2999],[102.242,2.2766],[102.2587,2.2682],[102.27,2.2794],[102.2959,2.2873],[102.3335,2.282],[102.3606,2.3841],[102.3812,2.3788],[102.392,2.3849],[102.3946,2.3759],[102.4245,2.3659],[102.487,2.3602],[102.4845,2.3711],[102.4979,2.3787],[102.5079,2.3792],[102.5251,2.3669],[102.538,2.3776],[102.5396,2.3902],[102.5943,2.4097],[102.5875,2.416],[102.4319,2.4575],[102.4334,2.4669],[102.3648,2.4899],[102.319,2.4798],[102.2782,2.4587],[102.2314,2.4665],[102.2052,2.4826]]]}},{"type":"Feature","properties":{"c":"P.136","n":"Tangga Batu","s":"Melaka","w":"PN","p":"PAS","cand":"Bakri bin Jamaluddin","pct":40.6,"maj":8849,"nc":5,"tv":92027,"unc":false,"rw":"PH","rp":"PKR","rcand":"Rusnah binti Aluai","rpct":31.0},"geometry":{"type":"Polygon","coordinates":[[[102.0885,2.2911],[102.1021,2.2718],[102.1104,2.2741],[102.1232,2.2658],[102.1542,2.2171],[102.1806,2.2203],[102.1759,2.2194],[102.216,2.2055],[102.2192,2.2159],[102.2088,2.2192],[102.215,2.2301],[102.206,2.2534],[102.2271,2.2548],[102.231,2.2451],[102.2398,2.2751],[102.2632,2.2999],[102.2556,2.3075],[102.2576,2.3296],[102.2388,2.3374],[102.2365,2.2951],[102.208,2.3169],[102.1846,2.3079],[102.1557,2.3064],[102.1443,2.3008],[102.1459,2.2892],[102.134,2.2938],[102.1184,2.2838],[102.0885,2.2911]]]}},{"type":"Feature","properties":{"c":"P.137","n":"Hang Tuah Jaya","s":"Melaka","w":"PH","p":"PKR","cand":"Adam Adli bin Abd Halim","pct":41.7,"maj":8638,"nc":4,"tv":94486,"unc":false,"rw":"BN","rp":"UMNO","rcand":"Mohd Ridhwan bin Mohd Ali","rpct":32.6},"geometry":{"type":"Polygon","coordinates":[[[102.2571,2.2688],[102.2534,2.2547],[102.2612,2.2341],[102.2517,2.235],[102.2459,2.2441],[102.2284,2.2299],[102.2682,2.2015],[102.2761,2.2031],[102.2819,2.2139],[102.3149,2.2108],[102.3111,2.1908],[102.2977,2.1963],[102.2926,2.188],[102.2968,2.1834],[102.3193,2.1821],[102.3294,2.189],[102.345,2.1789],[102.3593,2.1816],[102.361,2.1719],[102.3712,2.1724],[102.3993,2.2098],[102.3919,2.2213],[102.3955,2.2383],[102.3877,2.2445],[102.3779,2.2342],[102.3647,2.2366],[102.3413,2.2254],[102.3367,2.2338],[102.3135,2.2271],[102.3316,2.281],[102.2959,2.2873],[102.27,2.2794],[102.2571,2.2688]]]}},{"type":"Feature","properties":{"c":"P.138","n":"Kota Melaka","s":"Melaka","w":"PH","p":"DAP","cand":"Khoo Poay Tiong","pct":60.1,"maj":46420,"nc":4,"tv":123181,"unc":false,"rw":"PN","rp":"GERAKAN","rcand":"Suhaime bin Borhan","rpct":22.4},"geometry":{"type":"MultiPolygon","coordinates":[[[[102.242,2.2766],[102.231,2.2451],[102.2271,2.2548],[102.206,2.2534],[102.215,2.2301],[102.2088,2.2192],[102.2192,2.2159],[102.216,2.2055],[102.2355,2.1995],[102.2398,2.1883],[102.2478,2.1921],[102.2437,2.1854],[102.2615,2.1794],[102.2657,2.1836],[102.3029,2.1703],[102.3189,2.1574],[102.3373,2.155],[102.3445,2.18],[102.3294,2.189],[102.3095,2.1817],[102.2926,2.188],[102.3011,2.1969],[102.3111,2.1908],[102.3149,2.2108],[102.2819,2.2139],[102.2761,2.2031],[102.2682,2.2015],[102.2284,2.2299],[102.2459,2.2441],[102.2517,2.235],[102.2612,2.2341],[102.2534,2.2547],[102.2571,2.2688],[102.242,2.2766]]]]}},{"type":"Feature","properties":{"c":"P.139","n":"Jasin","s":"Melaka","w":"PN","p":"PAS","cand":"Zulkifli bin Ismail","pct":35.9,"maj":322,"nc":4,"tv":77598,"unc":false,"rw":"BN","rp":"UMNO","rcand":"Roslan bin Ahmad","rpct":35.5},"geometry":{"type":"Polygon","coordinates":[[[102.3316,2.281],[102.3135,2.2271],[102.3367,2.2338],[102.3413,2.2254],[102.3647,2.2366],[102.3779,2.2342],[102.3877,2.2445],[102.3955,2.2383],[102.3919,2.2213],[102.3993,2.2098],[102.3807,2.1906],[102.3739,2.1731],[102.3603,2.1722],[102.3579,2.182],[102.3405,2.1755],[102.3373,2.155],[102.3524,2.1433],[102.3734,2.1335],[102.4091,2.1305],[102.4332,2.115],[102.4639,2.1093],[102.4877,2.0974],[102.4812,2.1168],[102.5027,2.1194],[102.4992,2.1261],[102.5044,2.1274],[102.5068,2.122],[102.5223,2.1214],[102.5345,2.1345],[102.5307,2.1683],[102.5046,2.1679],[102.4904,2.1806],[102.4783,2.1804],[102.4728,2.1976],[102.4678,2.1967],[102.4689,2.2039],[102.4947,2.2207],[102.4954,2.237],[102.4874,2.2459],[102.4939,2.2474],[102.4915,2.2568],[102.5139,2.3219],[102.5087,2.3409],[102.513,2.3551],[102.5253,2.3594],[102.5242,2.3652],[102.5355,2.3752],[102.5212,2.3659],[102.5079,2.3792],[102.4979,2.3787],[102.4845,2.3711],[102.487,2.3602],[102.4245,2.3659],[102.3946,2.3759],[102.392,2.3849],[102.3812,2.3788],[102.3606,2.3841],[102.3316,2.281]]]}},{"type":"Feature","properties":{"c":"P.140","n":"Segamat","s":"Johor","w":"PH","p":"PKR","cand":"Yuneswaran a/l Ramaraj","pct":46.3,"maj":5669,"nc":4,"tv":50652,"unc":false,"rw":"BN","rp":"MIC","rcand":"Ramasamy a/l Muthusamy","rpct":35.1},"geometry":{"type":"MultiPolygon","coordinates":[[[[102.7026,2.8315],[102.6254,2.6311],[102.6273,2.6156],[102.6385,2.6104],[102.6389,2.6025],[102.6327,2.5897],[102.6167,2.582],[102.6069,2.5673],[102.6149,2.5563],[102.6105,2.5348],[102.6191,2.5201],[102.6078,2.4996],[102.6145,2.4808],[102.6318,2.4813],[102.633,2.4626],[102.6217,2.4472],[102.6542,2.4091],[102.6681,2.4232],[102.6709,2.4046],[102.6878,2.3952],[102.6901,2.4104],[102.6939,2.4142],[102.7009,2.4096],[102.6992,2.4157],[102.7161,2.4293],[102.7297,2.4099],[102.7688,2.4152],[102.7782,2.4081],[102.7789,2.3983],[102.7948,2.3947],[102.7991,2.3993],[102.8067,2.3927],[102.8113,2.4042],[102.7996,2.4234],[102.8026,2.4405],[102.792,2.4527],[102.7949,2.4611],[102.7851,2.4607],[102.7755,2.4799],[102.7975,2.4846],[102.8097,2.499],[102.8288,2.4987],[102.8281,2.5053],[102.8344,2.5079],[102.8293,2.513],[102.821,2.505],[102.8216,2.5171],[102.8007,2.5175],[102.7832,2.5327],[102.7931,2.5454],[102.8055,2.5465],[102.8044,2.5548],[102.8167,2.5461],[102.8211,2.5487],[102.826,2.5831],[102.8362,2.599],[102.8344,2.611],[102.8924,2.6845],[102.7933,2.8055],[102.7026,2.8315]]]]}},{"type":"Feature","properties":{"c":"P.141","n":"Sekijang","s":"Johor","w":"PH","p":"PKR","cand":"Zaliha binti Mustafa","pct":39.3,"maj":1734,"nc":5,"tv":48237,"unc":false,"rw":"BN","rp":"UMNO","rcand":"Md Salleheen bin Mohamad","rpct":35.7},"geometry":{"type":"Polygon","coordinates":[[[102.8924,2.6845],[102.8344,2.611],[102.8362,2.599],[102.826,2.5831],[102.8211,2.5487],[102.8167,2.5461],[102.8044,2.5548],[102.8055,2.5465],[102.7931,2.5454],[102.7832,2.5327],[102.8007,2.5175],[102.8216,2.5171],[102.821,2.505],[102.8293,2.513],[102.8344,2.5079],[102.8281,2.5053],[102.8288,2.4987],[102.8097,2.499],[102.7975,2.4846],[102.7755,2.4799],[102.7851,2.4607],[102.7949,2.4611],[102.792,2.4527],[102.8026,2.4405],[102.7996,2.4234],[102.8113,2.3993],[102.809,2.3821],[102.8009,2.3801],[102.8183,2.3731],[102.8159,2.3684],[102.827,2.3718],[102.829,2.3802],[102.8408,2.3764],[102.8399,2.3886],[102.8421,2.3835],[102.8499,2.3888],[102.85,2.4026],[102.8593,2.415],[102.8623,2.4086],[102.8699,2.4142],[102.8831,2.4104],[102.8827,2.4023],[102.8927,2.3947],[102.908,2.396],[102.9226,2.3836],[102.9254,2.4349],[102.9459,2.4717],[102.9575,2.4682],[102.9471,2.4786],[102.9536,2.4853],[102.9462,2.4989],[102.9542,2.4902],[102.9696,2.4921],[102.9801,2.481],[103.0073,2.4829],[103.0194,2.4723],[103.0357,2.4778],[103.0554,2.4741],[103.0584,2.4835],[103.0551,2.5575],[102.9674,2.5954],[102.8924,2.6845]]]}},{"type":"Feature","properties":{"c":"P.142","n":"Labis","s":"Johor","w":"PH","p":"DAP","cand":"Pang Hok Liong","pct":46.4,"maj":2833,"nc":3,"tv":34745,"unc":false,"rw":"BN","rp":"MCA","rcand":"Chua Tee Yong","rpct":38.3},"geometry":{"type":"Polygon","coordinates":[[[103.0551,2.5575],[103.0554,2.4741],[103.0357,2.4778],[103.0194,2.4723],[103.0073,2.4829],[102.9801,2.481],[102.9696,2.4921],[102.9542,2.4902],[102.9462,2.4989],[102.9536,2.4853],[102.9471,2.4786],[102.9575,2.4682],[102.9459,2.4717],[102.9254,2.4349],[102.9227,2.3739],[102.9597,2.3346],[102.9891,2.3328],[103.0252,2.3023],[102.9623,2.2031],[102.9962,2.1798],[103.0398,2.1698],[103.1054,2.1669],[103.1061,2.2158],[103.1511,2.2434],[103.1511,2.2505],[103.1757,2.2482],[103.1876,2.2606],[103.3022,2.3031],[103.3792,2.3787],[103.2905,2.5769],[103.146,2.5182],[103.0551,2.5575]]]}},{"type":"Feature","properties":{"c":"P.143","n":"Pagoh","s":"Johor","w":"PN","p":"BERSATU","cand":"Muhyiddin bin Md Yasin","pct":45.9,"maj":10007,"nc":3,"tv":54391,"unc":false,"rw":"PH","rp":"PKR","rcand":"Iskandar Shah bin Abdul Rahman","rpct":27.5},"geometry":{"type":"Polygon","coordinates":[[[102.6542,2.4091],[102.6112,2.3715],[102.6663,2.3654],[102.6791,2.3325],[102.672,2.3124],[102.7019,2.2906],[102.7053,2.303],[102.7174,2.2965],[102.6902,2.2487],[102.6858,2.2265],[102.6926,2.2256],[102.692,2.2176],[102.6796,2.2077],[102.6781,2.1881],[102.6841,2.1845],[102.6587,2.1682],[102.6634,2.1612],[102.6812,2.1634],[102.682,2.1508],[102.6786,2.1439],[102.6569,2.1378],[102.6522,2.1606],[102.6373,2.1558],[102.6325,2.1477],[102.6467,2.1361],[102.6461,2.1303],[102.6368,2.1257],[102.6213,2.1321],[102.6122,2.1128],[102.6044,2.1168],[102.6064,2.1342],[102.6217,2.1381],[102.6239,2.1452],[102.6145,2.1506],[102.5981,2.149],[102.5971,2.1367],[102.5867,2.1291],[102.5898,2.1234],[102.5818,2.1111],[102.5865,2.1043],[102.6003,2.1051],[102.6015,2.095],[102.5888,2.0897],[102.572,2.1056],[102.5669,2.0834],[102.5981,2.0741],[102.6108,2.0607],[102.6195,2.0627],[102.6184,2.0723],[102.6521,2.0868],[102.6563,2.0754],[102.7007,2.0652],[102.6899,2.0527],[102.6884,2.0406],[102.7207,2.0411],[102.7564,2.0571],[102.8375,2.0177],[102.8532,2.0391],[102.8628,2.0406],[102.8744,2.0614],[102.8675,2.0776],[102.8721,2.0863],[102.8875,2.0825],[102.8905,2.0867],[103.0252,2.3023],[102.9891,2.3328],[102.9597,2.3346],[102.9227,2.3739],[102.9172,2.3891],[102.908,2.396],[102.8927,2.3947],[102.876,2.4132],[102.8623,2.4086],[102.8563,2.4127],[102.8499,2.3888],[102.8421,2.3835],[102.8399,2.3886],[102.8408,2.3764],[102.829,2.3802],[102.827,2.3718],[102.8188,2.3684],[102.8009,2.3801],[102.8105,2.3866],[102.8004,2.3988],[102.7789,2.3983],[102.7782,2.4081],[102.7688,2.4152],[102.7297,2.4099],[102.7161,2.4293],[102.6992,2.4157],[102.7009,2.4096],[102.6939,2.4142],[102.6901,2.4104],[102.6878,2.3952],[102.6709,2.4046],[102.6681,2.4232],[102.6542,2.4091]]]}},{"type":"Feature","properties":{"c":"P.144","n":"Ledang","s":"Johor","w":"PH","p":"PKR","cand":"Syed Ibrahim bin Syed Noh","pct":41.9,"maj":9769,"nc":6,"tv":80307,"unc":false,"rw":"BN","rp":"UMNO","rcand":"Hamim bin Samuri","rpct":29.7},"geometry":{"type":"Polygon","coordinates":[[[102.5943,2.4097],[102.5396,2.3902],[102.5352,2.371],[102.513,2.3551],[102.5087,2.3409],[102.5139,2.3219],[102.4915,2.2568],[102.4939,2.2474],[102.4874,2.2459],[102.4954,2.237],[102.4947,2.2207],[102.4689,2.2039],[102.4678,2.1967],[102.4728,2.1976],[102.4783,2.1804],[102.4904,2.1806],[102.5046,2.1679],[102.5307,2.1683],[102.5345,2.1345],[102.5223,2.1214],[102.5068,2.122],[102.5044,2.1274],[102.4992,2.1261],[102.5027,2.1194],[102.4887,2.1211],[102.4814,2.1119],[102.4898,2.098],[102.5237,2.0777],[102.5399,2.0587],[102.5522,2.058],[102.5623,2.0487],[102.5724,2.0578],[102.5526,2.0821],[102.5669,2.0834],[102.5705,2.1045],[102.5767,2.1062],[102.5917,2.0889],[102.6026,2.0976],[102.6003,2.1051],[102.5865,2.1043],[102.5818,2.1111],[102.5898,2.1234],[102.5867,2.1291],[102.5971,2.1367],[102.5981,2.149],[102.6145,2.1506],[102.6239,2.1452],[102.6217,2.1381],[102.6064,2.1342],[102.6044,2.1168],[102.6122,2.1128],[102.6213,2.1321],[102.6368,2.1257],[102.6461,2.1303],[102.6467,2.1361],[102.6325,2.1477],[102.6473,2.1609],[102.6539,2.1591],[102.6569,2.1378],[102.6786,2.1439],[102.6812,2.1634],[102.6634,2.1612],[102.6587,2.1682],[102.6841,2.1845],[102.6781,2.1881],[102.6796,2.2077],[102.692,2.2176],[102.6926,2.2256],[102.6858,2.2265],[102.6902,2.2487],[102.7175,2.2943],[102.7053,2.303],[102.7019,2.2906],[102.672,2.3124],[102.6791,2.3325],[102.6663,2.3654],[102.6112,2.3715],[102.6542,2.4091],[102.6217,2.4472],[102.633,2.4626],[102.6318,2.4813],[102.6145,2.4808],[102.6155,2.468],[102.5966,2.4547],[102.5907,2.421],[102.5943,2.4097]]]}},{"type":"Feature","properties":{"c":"P.145","n":"Bakri","s":"Johor","w":"PH","p":"DAP","cand":"Tan Hong Pin","pct":50.1,"maj":19254,"nc":4,"tv":73140,"unc":false,"rw":"BN","rp":"MCA","rcand":"Chris Lee Ching Yong","rpct":23.8},"geometry":{"type":"Polygon","coordinates":[[[102.5669,2.0834],[102.5526,2.0821],[102.5724,2.0578],[102.5623,2.0487],[102.5721,2.0384],[102.5814,2.0428],[102.6019,2.0201],[102.6267,2.0352],[102.63,2.0279],[102.6453,2.025],[102.6777,2.0205],[102.6798,2.0254],[102.6873,2.0191],[102.6724,2.005],[102.6858,1.9899],[102.6831,1.9851],[102.7223,1.9832],[102.7421,1.9989],[102.7498,1.9666],[102.7744,1.9534],[102.7863,1.961],[102.7993,1.9571],[102.8375,2.0177],[102.7564,2.0571],[102.7207,2.0411],[102.6884,2.0406],[102.6899,2.0527],[102.7007,2.0652],[102.6563,2.0754],[102.6521,2.0868],[102.6184,2.0723],[102.6195,2.0627],[102.6108,2.0607],[102.5981,2.0741],[102.5669,2.0834]]]}},{"type":"Feature","properties":{"c":"P.146","n":"Muar","s":"Johor","w":"PH","p":"MUDA","cand":"Syed Saddiq bin Syed Abdul Rahman","pct":37.6,"maj":1345,"nc":3,"tv":53158,"unc":false,"rw":"PN","rp":"PAS","rcand":"Abdullah bin Husin","rpct":35.0},"geometry":{"type":"Polygon","coordinates":[[[102.5645,2.0466],[102.5474,2.046],[102.5433,2.0351],[102.5485,2.0246],[102.6329,1.9497],[102.6874,1.8694],[102.7093,1.8537],[102.7338,1.8673],[102.7772,1.8663],[102.7993,1.9571],[102.7863,1.961],[102.7744,1.9534],[102.7561,1.9618],[102.7498,1.9666],[102.7421,1.9989],[102.7223,1.9832],[102.6831,1.9851],[102.6858,1.9899],[102.6724,2.005],[102.6873,2.0191],[102.6798,2.0254],[102.6777,2.0205],[102.6453,2.025],[102.63,2.0279],[102.6267,2.0352],[102.6019,2.0201],[102.5814,2.0428],[102.5721,2.0384],[102.5645,2.0466]]]}},{"type":"Feature","properties":{"c":"P.147","n":"Parit Sulong","s":"Johor","w":"BN","p":"UMNO","cand":"Noraini binti Ahmad","pct":40.9,"maj":2021,"nc":3,"tv":62954,"unc":false,"rw":"PN","rp":"PAS","rcand":"Karim bin Deraman","rpct":37.7},"geometry":{"type":"Polygon","coordinates":[[[102.8375,2.0177],[102.7993,1.9571],[102.7762,1.8675],[102.8122,1.8617],[102.8513,1.8425],[102.8869,1.8152],[102.8952,1.8228],[102.9084,1.822],[102.9214,1.8361],[102.927,1.8308],[102.9334,1.848],[102.9279,1.8499],[102.9305,1.8589],[102.9143,1.867],[102.9099,1.8855],[102.8935,1.8909],[102.8976,1.903],[102.8933,1.9092],[102.9017,1.9153],[102.8964,1.9218],[102.9124,1.9413],[102.9116,1.9484],[102.9201,1.9504],[102.9261,1.9624],[102.9329,1.9603],[102.9345,1.9677],[102.9568,1.9503],[102.9567,1.9401],[102.9687,1.9371],[102.9737,1.9482],[103.0147,1.9466],[103.01,1.9584],[103.0223,1.9667],[103.0248,1.9875],[102.993,2.0152],[103.0034,2.0323],[103.0207,2.0441],[102.9574,2.0912],[102.9208,2.1373],[102.8875,2.0825],[102.8721,2.0863],[102.8675,2.0776],[102.8744,2.0614],[102.8628,2.0406],[102.8532,2.0391],[102.8375,2.0177]]]}},{"type":"Feature","properties":{"c":"P.148","n":"Ayer Hitam","s":"Johor","w":"BN","p":"MCA","cand":"Wee Ka Siong","pct":40.5,"maj":2963,"nc":3,"tv":46692,"unc":false,"rw":"PH","rp":"DAP","rcand":"Sheikh Omar bin Bagharib Ali","rpct":34.2},"geometry":{"type":"Polygon","coordinates":[[[102.9623,2.2031],[102.9208,2.1373],[102.9574,2.0912],[103.0207,2.0441],[103.0034,2.0323],[102.993,2.0152],[103.0248,1.9875],[103.0223,1.9667],[103.0514,1.9495],[103.0433,1.9326],[103.0665,1.9297],[103.0758,1.9098],[103.0882,1.9096],[103.097,1.8882],[103.0949,1.8769],[103.1045,1.8771],[103.1067,1.8705],[103.1128,1.8769],[103.1238,1.873],[103.1185,1.8673],[103.1291,1.8463],[103.1222,1.8457],[103.122,1.8333],[103.1299,1.8232],[103.1401,1.8156],[103.1633,1.8205],[103.1892,1.8369],[103.1915,1.8671],[103.1995,1.8671],[103.1891,1.8781],[103.2049,1.9008],[103.1867,1.9143],[103.1838,1.9294],[103.208,1.9429],[103.2092,1.9599],[103.2545,1.9881],[103.2453,1.9995],[103.2398,1.9973],[103.1721,2.0977],[103.1738,2.1262],[103.1631,2.1394],[103.1687,2.1502],[103.1054,2.1669],[103.0398,2.1698],[102.9962,2.1798],[102.9623,2.2031]]]}},{"type":"Feature","properties":{"c":"P.149","n":"Sri Gading","s":"Johor","w":"PH","p":"AMANAH","cand":"Aminolhuda bin Hassan","pct":37.9,"maj":4000,"nc":4,"tv":61264,"unc":false,"rw":"BN","rp":"UMNO","rcand":"Mohd Lassim bin Burhan","rpct":31.4},"geometry":{"type":"Polygon","coordinates":[[[102.9099,1.8855],[102.9314,1.9001],[102.9628,1.8996],[102.963,1.8902],[102.9402,1.8688],[102.9602,1.8632],[102.9606,1.8518],[102.977,1.8395],[102.9878,1.8077],[103.036,1.8064],[103.0526,1.8005],[103.0619,1.7871],[103.0741,1.7984],[103.0891,1.7866],[103.1049,1.7859],[103.1272,1.7946],[103.1396,1.8114],[103.122,1.8333],[103.1222,1.8457],[103.1291,1.8463],[103.1185,1.8673],[103.1238,1.873],[103.1128,1.8769],[103.1067,1.8705],[103.1045,1.8771],[103.0949,1.8769],[103.097,1.8882],[103.0882,1.9096],[103.0758,1.9098],[103.0665,1.9297],[103.0433,1.9326],[103.0514,1.9495],[103.0223,1.9667],[103.01,1.9584],[103.0147,1.9466],[102.9737,1.9482],[102.9687,1.9371],[102.9567,1.9401],[102.9568,1.9503],[102.9345,1.9677],[102.9329,1.9603],[102.9261,1.9624],[102.9201,1.9504],[102.9116,1.9484],[102.9124,1.9413],[102.8964,1.9218],[102.9017,1.9153],[102.8933,1.9092],[102.8952,1.8867],[102.9099,1.8855]]]}},{"type":"Feature","properties":{"c":"P.150","n":"Batu Pahat","s":"Johor","w":"PH","p":"PKR","cand":"Onn bin Abu Bakar","pct":45.5,"maj":15972,"nc":5,"tv":99494,"unc":false,"rw":"PN","rp":"BERSATU","rcand":"Mohd Rashid bin Hasnon","rpct":29.4},"geometry":{"type":"Polygon","coordinates":[[[102.8908,1.8199],[102.8959,1.8023],[102.8876,1.7899],[102.9422,1.7421],[103.0013,1.7396],[103.0763,1.7039],[103.1461,1.6465],[103.1835,1.6241],[103.189,1.6303],[103.2013,1.6302],[103.1939,1.6764],[103.1972,1.7039],[103.2261,1.7668],[103.1886,1.7832],[103.1892,1.8369],[103.1633,1.8205],[103.1401,1.8156],[103.1272,1.7946],[103.1095,1.787],[103.0891,1.7866],[103.0741,1.7984],[103.0619,1.7871],[103.0526,1.8005],[103.036,1.8064],[102.9878,1.8077],[102.977,1.8395],[102.9606,1.8518],[102.9602,1.8632],[102.9402,1.8688],[102.963,1.8902],[102.9628,1.8996],[102.9454,1.9022],[102.9244,1.8972],[102.9099,1.8855],[102.9143,1.867],[102.9305,1.8589],[102.9279,1.8499],[102.9334,1.848],[102.927,1.8308],[102.9214,1.8361],[102.9084,1.822],[102.8908,1.8199]]]}},{"type":"Feature","properties":{"c":"P.151","n":"Simpang Renggam","s":"Johor","w":"BN","p":"UMNO","cand":"Hasni bin Mohammad","pct":41.5,"maj":1821,"nc":4,"tv":44131,"unc":false,"rw":"PH","rp":"PKR","rcand":"Maszlee bin Malik","rpct":37.4},"geometry":{"type":"Polygon","coordinates":[[[103.1892,1.8369],[103.1886,1.7832],[103.3631,1.7096],[103.4069,1.7641],[103.4325,1.7856],[103.4454,1.7721],[103.4855,1.8031],[103.5265,1.8044],[103.5563,1.7897],[103.6125,1.801],[103.6378,1.7929],[103.6216,1.8289],[103.6062,1.8362],[103.5751,1.8795],[103.5601,1.8861],[103.5518,1.9027],[103.5186,1.8787],[103.4991,1.9048],[103.466,1.8844],[103.4532,1.894],[103.4594,1.8996],[103.4472,1.905],[103.4325,1.9379],[103.3448,1.875],[103.3349,1.8879],[103.3179,1.8792],[103.2977,1.9129],[103.3069,1.9188],[103.3014,1.932],[103.306,1.9408],[103.2907,1.9449],[103.2799,1.9611],[103.2869,1.9668],[103.2834,1.9719],[103.2782,1.9679],[103.2596,1.9918],[103.2092,1.9599],[103.208,1.9429],[103.1838,1.9294],[103.1867,1.9143],[103.2049,1.9008],[103.1891,1.8781],[103.1996,1.8692],[103.1915,1.8671],[103.1892,1.8369]]]}},{"type":"Feature","properties":{"c":"P.152","n":"Kluang","s":"Johor","w":"PH","p":"DAP","cand":"Wong Shu Qi","pct":52.1,"maj":26406,"nc":4,"tv":95621,"unc":false,"rw":"BN","rp":"MCA","rcand":"Gan Ping Sieu","rpct":24.5},"geometry":{"type":"Polygon","coordinates":[[[103.2545,1.9881],[103.2596,1.9918],[103.2782,1.9679],[103.2834,1.9719],[103.2869,1.9668],[103.2799,1.9611],[103.2907,1.9449],[103.306,1.9408],[103.3014,1.932],[103.3069,1.9188],[103.2977,1.9129],[103.3179,1.8792],[103.3349,1.8879],[103.3448,1.875],[103.3796,1.9006],[103.3792,1.9114],[103.3451,1.9525],[103.3869,1.9823],[103.388,2.0025],[103.3983,2.002],[103.401,2.0089],[103.3997,2.0314],[103.3796,2.0587],[103.3674,2.0596],[103.339,2.0817],[103.3107,2.0872],[103.3082,2.1091],[103.2814,2.0852],[103.2825,2.0726],[103.254,2.0581],[103.2588,2.0485],[103.253,2.0402],[103.2335,2.0319],[103.2298,2.0371],[103.2184,2.029],[103.2398,1.9973],[103.2453,1.9995],[103.2545,1.9881]]]}},{"type":"Feature","properties":{"c":"P.153","n":"Sembrong","s":"Johor","w":"BN","p":"UMNO","cand":"Hishammuddin bin Hussein","pct":55.1,"maj":10880,"nc":3,"tv":40930,"unc":false,"rw":"PH","rp":"PKR","rcand":"Hasni bin Abas","rpct":28.6},"geometry":{"type":"Polygon","coordinates":[[[103.1054,2.1669],[103.1687,2.1502],[103.1631,2.1394],[103.1738,2.1262],[103.1721,2.0977],[103.2184,2.029],[103.2298,2.0371],[103.2335,2.0319],[103.253,2.0402],[103.2588,2.0485],[103.254,2.0581],[103.2825,2.0726],[103.2814,2.0852],[103.3082,2.1091],[103.3107,2.0872],[103.339,2.0817],[103.3674,2.0596],[103.3796,2.0587],[103.3997,2.0314],[103.401,2.0089],[103.3983,2.002],[103.388,2.0025],[103.3869,1.9823],[103.3451,1.9525],[103.3792,1.9114],[103.3796,1.9006],[103.4325,1.9379],[103.4472,1.905],[103.4594,1.8996],[103.4532,1.894],[103.466,1.8844],[103.4991,1.9048],[103.5186,1.8787],[103.5518,1.9027],[103.5522,1.9381],[103.5685,1.9381],[103.5609,2.0423],[103.6137,2.2525],[103.6124,2.2712],[103.6182,2.2779],[103.6313,2.2785],[103.6216,2.3553],[103.6284,2.373],[103.535,2.3386],[103.4585,2.3929],[103.3792,2.3787],[103.3022,2.3031],[103.1876,2.2606],[103.1757,2.2482],[103.1511,2.2505],[103.1511,2.2434],[103.1061,2.2158],[103.1054,2.1669]]]}},{"type":"Feature","properties":{"c":"P.154","n":"Mersing","s":"Johor","w":"PN","p":"BERSATU","cand":"Muhammad Islahuddin bin Abas","pct":44.9,"maj":2337,"nc":5,"tv":46906,"unc":false,"rw":"BN","rp":"UMNO","rcand":"Abd Latif bin Bandi","rpct":39.9},"geometry":{"type":"MultiPolygon","coordinates":[[[[103.2905,2.5769],[103.3792,2.3787],[103.4585,2.3929],[103.535,2.3386],[103.6284,2.373],[103.6216,2.3553],[103.6313,2.2785],[103.6182,2.2779],[103.6124,2.2712],[103.6137,2.2525],[103.5609,2.0423],[104.0617,2.0404],[104.0562,2.0578],[104.0338,2.0869],[104.007,2.15],[103.9763,2.1828],[103.9559,2.2168],[103.96,2.2485],[103.9813,2.2477],[103.9521,2.2946],[103.9532,2.3082],[103.9604,2.3128],[103.9386,2.3407],[103.9113,2.3496],[103.8686,2.3981],[103.8538,2.4286],[103.8396,2.4359],[103.8173,2.4918],[103.8299,2.5034],[103.8462,2.5063],[103.8222,2.5396],[103.8227,2.5474],[103.8281,2.5474],[103.8154,2.5724],[103.8235,2.583],[103.8075,2.5809],[103.7844,2.5996],[103.7799,2.6127],[103.7782,2.6085],[103.7616,2.6158],[103.7578,2.6245],[103.7664,2.631],[103.7644,2.6447],[103.7544,2.6502],[103.7467,2.6351],[103.7201,2.6324],[103.6612,2.667],[103.6516,2.6596],[103.6369,2.6644],[103.6204,2.6566],[103.6047,2.6656],[103.5946,2.6626],[103.5965,2.6372],[103.6051,2.6346],[103.6062,2.6506],[103.6181,2.651],[103.6163,2.6361],[103.626,2.6301],[103.6151,2.6215],[103.6308,2.6066],[103.6129,2.5984],[103.6282,2.5894],[103.6234,2.5835],[103.6103,2.5883],[103.6006,2.5801],[103.6036,2.5689],[103.6118,2.579],[103.6189,2.5756],[103.6204,2.5562],[103.6122,2.557],[103.6099,2.5655],[103.5942,2.5514],[103.598,2.5424],[103.5909,2.5357],[103.5935,2.5279],[103.6077,2.5335],[103.6275,2.5316],[103.6185,2.5178],[103.6323,2.5062],[103.6323,2.4909],[103.6417,2.4864],[103.6237,2.4611],[103.6077,2.4566],[103.4698,2.5275],[103.4478,2.5544],[103.4142,2.5577],[103.3529,2.5913],[103.2905,2.5769]]],[[[104.0894,2.1951],[104.0663,2.2312],[104.0512,2.2303],[104.0732,2.2152],[104.0714,2.1964],[104.0784,2.2009],[104.0894,2.1951]]],[[[104.1016,2.3143],[104.0924,2.3167],[104.0951,2.2994],[104.1132,2.2849],[104.1289,2.2811],[104.1429,2.2895],[104.1359,2.3102],[104.1016,2.3143]]],[[[103.976,2.4584],[103.9763,2.434],[103.9939,2.4247],[103.9975,2.4282],[103.976,2.4584]]],[[[104.5403,2.4453],[104.5404,2.4505],[104.5262,2.4538],[104.5139,2.4683],[104.4995,2.4564],[104.5029,2.4412],[104.5131,2.4416],[104.5199,2.426],[104.5346,2.4293],[104.5403,2.4453]]],[[[104.3413,2.5799],[104.3339,2.5824],[104.3299,2.5949],[104.3106,2.5934],[104.319,2.5734],[104.3338,2.5628],[104.3459,2.5704],[104.3413,2.5799]]]]}},{"type":"Feature","properties":{"c":"P.155","n":"Tenggara","s":"Johor","w":"BN","p":"UMNO","cand":"Manndzri bin Nasib","pct":41.3,"maj":2991,"nc":4,"tv":51350,"unc":false,"rw":"PN","rp":"PAS","rcand":"Mohd Nazari bin Mokhtar","rpct":35.4},"geometry":{"type":"Polygon","coordinates":[[[103.6378,1.7929],[103.6458,1.7886],[103.6581,1.7546],[103.666,1.758],[103.6791,1.7329],[103.6714,1.7283],[103.7226,1.6606],[103.7397,1.6699],[103.7654,1.6659],[103.7654,1.6562],[103.7766,1.6557],[103.7744,1.6381],[103.8206,1.6229],[103.8461,1.5983],[103.852,1.6023],[103.8658,1.5965],[103.8757,1.6066],[103.8819,1.6002],[103.8947,1.6182],[103.8785,1.6305],[103.8989,1.6502],[103.9005,1.6697],[103.9132,1.672],[103.9209,1.663],[103.9337,1.668],[103.9302,1.681],[103.9386,1.6874],[103.9274,1.6927],[103.9356,1.6975],[103.9134,1.7038],[103.9151,1.7187],[103.9069,1.7186],[103.9111,1.7267],[103.9024,1.7203],[103.8989,1.7244],[103.8968,1.7441],[103.9205,1.7455],[103.9294,1.7748],[103.9399,1.785],[103.8972,1.8324],[103.8628,1.8241],[103.8436,1.8381],[103.8104,1.849],[103.7497,2.042],[103.5609,2.0423],[103.5685,1.9381],[103.5522,1.9381],[103.5518,1.9027],[103.5601,1.8861],[103.5751,1.8795],[103.6062,1.8362],[103.6216,1.8289],[103.6378,1.7929]]]}},{"type":"Feature","properties":{"c":"P.156","n":"Kota Tinggi","s":"Johor","w":"BN","p":"UMNO","cand":"Mohamed Khaled bin Nordin","pct":53.7,"maj":8390,"nc":3,"tv":47333,"unc":false,"rw":"PN","rp":"BERSATU","rcand":"Mohamad Ridhwan bin Rasman","rpct":36.0},"geometry":{"type":"MultiPolygon","coordinates":[[[[103.7497,2.042],[103.8104,1.849],[103.8436,1.8381],[103.8628,1.8241],[103.8972,1.8324],[103.9399,1.785],[103.9294,1.7748],[103.9205,1.7455],[103.8968,1.7441],[103.8989,1.7244],[103.9024,1.7203],[103.9111,1.7267],[103.9069,1.7186],[103.9151,1.7187],[103.9134,1.7038],[103.9368,1.6946],[103.9274,1.6927],[103.9387,1.6857],[103.9302,1.681],[103.9337,1.668],[103.9271,1.6572],[103.9709,1.6384],[103.9717,1.6235],[103.9967,1.5955],[104.0126,1.5888],[104.0334,1.5549],[104.0326,1.5467],[104.0496,1.5481],[104.0516,1.5599],[104.0714,1.5619],[104.0527,1.6066],[104.0359,1.5984],[104.0352,1.6291],[104.0304,1.6256],[104.0233,1.6306],[104.0085,1.6524],[104.0207,1.6637],[104.0447,1.6656],[104.0725,1.6659],[104.083,1.6577],[104.0968,1.6668],[104.1143,1.6583],[104.115,1.6809],[104.1332,1.7017],[104.141,1.6949],[104.1342,1.6798],[104.1436,1.665],[104.1997,1.744],[104.1863,1.7871],[104.1575,1.8285],[104.1591,1.8492],[104.1516,1.8546],[104.1485,1.8441],[104.136,1.8452],[104.1135,1.8658],[104.1055,1.8861],[104.1056,1.9102],[104.1165,1.93],[104.1269,1.9212],[104.1293,1.9264],[104.0708,2.0294],[104.057,2.0435],[104.0498,2.0383],[104.0397,2.0439],[103.7497,2.042]]]]}},{"type":"Feature","properties":{"c":"P.157","n":"Pengerang","s":"Johor","w":"BN","p":"UMNO","cand":"Azalina binti Othman Said","pct":52.0,"maj":5010,"nc":3,"tv":41840,"unc":false,"rw":"PN","rp":"BERSATU","rcand":"Fairulnizar bin Rahmat","rpct":40.0},"geometry":{"type":"MultiPolygon","coordinates":[[[[104.0642,1.4573],[104.0716,1.4658],[104.0676,1.4733],[104.0738,1.4716],[104.0751,1.4833],[104.0689,1.4899],[104.0566,1.4856],[104.0401,1.4656],[104.0537,1.4532],[104.0642,1.4573]]],[[[104.0326,1.5467],[104.0294,1.5333],[104.0405,1.4959],[104.0565,1.5008],[104.0656,1.4862],[104.0685,1.4907],[104.0758,1.4841],[104.0729,1.4766],[104.0792,1.4662],[104.0684,1.4625],[104.059,1.4464],[104.0906,1.4302],[104.106,1.406],[104.115,1.4069],[104.1122,1.3912],[104.0882,1.3688],[104.1299,1.3547],[104.1377,1.3415],[104.1834,1.3483],[104.2008,1.3371],[104.2157,1.3498],[104.2261,1.3479],[104.2431,1.3683],[104.2519,1.3688],[104.2524,1.3592],[104.2616,1.3588],[104.2832,1.3699],[104.2749,1.425],[104.2882,1.4387],[104.2966,1.4347],[104.2727,1.4931],[104.2844,1.5171],[104.2544,1.5624],[104.2634,1.5828],[104.2536,1.5995],[104.2636,1.6101],[104.2443,1.6339],[104.2477,1.6538],[104.2159,1.6941],[104.2201,1.7117],[104.1997,1.744],[104.1436,1.665],[104.1342,1.6798],[104.141,1.6949],[104.1332,1.7017],[104.115,1.6809],[104.1143,1.6583],[104.0968,1.6668],[104.083,1.6577],[104.0725,1.6659],[104.0447,1.6656],[104.0207,1.6637],[104.0116,1.6563],[104.0084,1.646],[104.0304,1.6256],[104.0352,1.6291],[104.0359,1.5984],[104.0527,1.6066],[104.0714,1.5619],[104.0516,1.5599],[104.0496,1.5481],[104.0326,1.5467]]]]}},{"type":"Feature","properties":{"c":"P.158","n":"Tebrau","s":"Johor","w":"PH","p":"PKR","cand":"Jimmy Puah Wee Tse","pct":50.0,"maj":30720,"nc":3,"tv":167965,"unc":false,"rw":"PN","rp":"BERSATU","rcand":"Mohamad Isa bin Mohamad Basir","rpct":31.7},"geometry":{"type":"MultiPolygon","coordinates":[[[[104.0154,1.5292],[104.0071,1.537],[104.0023,1.5165],[104.0154,1.5292]]],[[[103.7226,1.6606],[103.7379,1.6395],[103.7246,1.6388],[103.6966,1.6194],[103.7012,1.611],[103.6971,1.6081],[103.6892,1.6185],[103.6651,1.6009],[103.6595,1.6062],[103.6478,1.5983],[103.6732,1.5688],[103.6933,1.56],[103.7012,1.5423],[103.7318,1.5317],[103.7421,1.5152],[103.7464,1.5208],[103.7585,1.5175],[103.7813,1.527],[103.8008,1.5521],[103.82,1.5384],[103.8205,1.5479],[103.8271,1.5441],[103.8326,1.5592],[103.8658,1.544],[103.8698,1.5559],[103.8886,1.5606],[103.8947,1.5519],[103.9141,1.5512],[103.9097,1.5244],[103.9227,1.5217],[103.9165,1.4869],[103.9265,1.4859],[103.9296,1.4795],[103.9301,1.4509],[103.9189,1.4425],[103.9217,1.4362],[103.9707,1.4275],[103.9887,1.4325],[104.0113,1.4549],[104.0114,1.4718],[104.0028,1.4819],[104.0085,1.5031],[103.9973,1.5197],[103.9971,1.5366],[103.9911,1.5342],[103.9824,1.5417],[103.974,1.5369],[103.982,1.5423],[104.0056,1.5313],[104.0094,1.55],[103.9953,1.5713],[103.9807,1.5767],[103.9666,1.5936],[103.9638,1.6157],[103.9732,1.6261],[103.9709,1.6384],[103.9313,1.6539],[103.9241,1.6676],[103.9209,1.663],[103.9086,1.6724],[103.9005,1.6697],[103.8989,1.6502],[103.8785,1.6305],[103.8947,1.6182],[103.8819,1.6002],[103.8757,1.6066],[103.8658,1.5965],[103.852,1.6023],[103.8461,1.5983],[103.8206,1.6229],[103.7744,1.6381],[103.7766,1.6557],[103.7654,1.6562],[103.7654,1.6659],[103.7397,1.6699],[103.7226,1.6606]]]]}},{"type":"Feature","properties":{"c":"P.159","n":"Pasir Gudang","s":"Johor","w":"PH","p":"PKR","cand":"Hassan bin Abdul Karim","pct":47.7,"maj":31558,"nc":4,"tv":149280,"unc":false,"rw":"PN","rp":"BERSATU","rcand":"Mohamad Farid bin Abdul Razak","rpct":26.6},"geometry":{"type":"Polygon","coordinates":[[[103.7585,1.5175],[103.7612,1.5097],[103.7711,1.5134],[103.797,1.4992],[103.7971,1.4847],[103.831,1.4829],[103.8618,1.4683],[103.8658,1.4713],[103.8928,1.4354],[103.9206,1.4312],[103.9189,1.4425],[103.9301,1.4509],[103.9296,1.4795],[103.9265,1.4859],[103.9165,1.4869],[103.9227,1.5217],[103.9097,1.5244],[103.9141,1.5512],[103.8947,1.5519],[103.8886,1.5606],[103.8698,1.5559],[103.8612,1.544],[103.8326,1.5592],[103.8271,1.5441],[103.8205,1.5479],[103.82,1.5384],[103.8008,1.5521],[103.7813,1.527],[103.7585,1.5175]]]}},{"type":"Feature","properties":{"c":"P.160","n":"Johor Bahru","s":"Johor","w":"PH","p":"PKR","cand":"Akmal Nasrullah bin Mohd Nasir","pct":45.8,"maj":16041,"nc":4,"tv":94393,"unc":false,"rw":"BN","rp":"UMNO","rcand":"Johan Arifin bin Mohd Ropi","rpct":28.8},"geometry":{"type":"Polygon","coordinates":[[[103.7421,1.5152],[103.7148,1.5077],[103.7071,1.4923],[103.7159,1.4855],[103.7394,1.4887],[103.7372,1.4813],[103.7547,1.4768],[103.7676,1.4558],[103.7971,1.4847],[103.797,1.4992],[103.7711,1.5134],[103.7612,1.5097],[103.7514,1.5208],[103.7421,1.5152]]]}},{"type":"Feature","properties":{"c":"P.161","n":"Pulai","s":"Johor","w":"PH","p":"AMANAH","cand":"Salahuddin bin Ayub","pct":55.3,"maj":33174,"nc":3,"tv":117303,"unc":false,"rw":"BN","rp":"UMNO","rcand":"Nur Jazlan bin Mohamad","rpct":27.0},"geometry":{"type":"MultiPolygon","coordinates":[[[[103.7004,1.5444],[103.6802,1.5209],[103.6513,1.5027],[103.6385,1.4813],[103.6252,1.4755],[103.6414,1.4745],[103.6414,1.4679],[103.6527,1.4628],[103.6806,1.4685],[103.6913,1.4552],[103.7183,1.4651],[103.7203,1.474],[103.7017,1.4781],[103.7118,1.4814],[103.7224,1.4754],[103.7284,1.4609],[103.7676,1.4558],[103.7547,1.4768],[103.7372,1.4813],[103.7394,1.4887],[103.7159,1.4855],[103.7071,1.4923],[103.7148,1.5077],[103.7421,1.5152],[103.7318,1.5317],[103.7004,1.5444]]]]}},{"type":"Feature","properties":{"c":"P.162","n":"Iskandar Puteri","s":"Johor","w":"PH","p":"DAP","cand":"Liew Chin Tong","pct":59.2,"maj":60036,"nc":3,"tv":163680,"unc":false,"rw":"BN","rp":"MCA","rcand":"Jason Teoh Sew Hock","rpct":22.5},"geometry":{"type":"Polygon","coordinates":[[[103.6517,1.5916],[103.6611,1.5707],[103.6588,1.5533],[103.6388,1.5399],[103.6199,1.5587],[103.6231,1.5712],[103.6039,1.5764],[103.6088,1.5862],[103.5944,1.5859],[103.5936,1.5962],[103.5868,1.6002],[103.5526,1.6017],[103.577,1.5521],[103.5748,1.4932],[103.5864,1.4802],[103.5644,1.4802],[103.5522,1.4663],[103.535,1.3839],[103.5456,1.3524],[103.6052,1.3455],[103.6373,1.3739],[103.6504,1.4064],[103.6609,1.4145],[103.6576,1.4207],[103.6614,1.4231],[103.6624,1.4162],[103.667,1.421],[103.6747,1.4429],[103.6879,1.4431],[103.6963,1.4512],[103.6806,1.4685],[103.6527,1.4628],[103.6414,1.4679],[103.6414,1.4745],[103.6252,1.4755],[103.6385,1.4813],[103.6513,1.5027],[103.6802,1.5209],[103.7004,1.5444],[103.6933,1.56],[103.6732,1.5688],[103.6517,1.5916]]]}},{"type":"Feature","properties":{"c":"P.163","n":"Kulai","s":"Johor","w":"PH","p":"DAP","cand":"Teo Nie Ching","pct":56.9,"maj":36023,"nc":3,"tv":115253,"unc":false,"rw":"BN","rp":"MCA","rcand":"Chua Jian Boon","rpct":25.6},"geometry":{"type":"Polygon","coordinates":[[[103.3631,1.7096],[103.5078,1.5823],[103.5133,1.5441],[103.5194,1.5449],[103.5219,1.533],[103.5336,1.529],[103.5331,1.5226],[103.5759,1.5264],[103.577,1.5521],[103.5526,1.6017],[103.5868,1.6002],[103.5936,1.5962],[103.5944,1.5859],[103.6088,1.5862],[103.6039,1.5764],[103.6231,1.5712],[103.6199,1.5587],[103.6388,1.5399],[103.6483,1.5503],[103.6565,1.5474],[103.6606,1.5644],[103.6478,1.5983],[103.6595,1.6062],[103.6651,1.6009],[103.6892,1.6185],[103.6971,1.6081],[103.7012,1.611],[103.6966,1.6194],[103.7246,1.6388],[103.7379,1.6395],[103.6714,1.7283],[103.6791,1.7329],[103.666,1.758],[103.6581,1.7546],[103.6438,1.7918],[103.6305,1.7911],[103.6125,1.801],[103.5697,1.7888],[103.5265,1.8044],[103.4855,1.8031],[103.4454,1.7721],[103.4325,1.7856],[103.4069,1.7641],[103.3631,1.7096]]]}},{"type":"Feature","properties":{"c":"P.164","n":"Pontian","s":"Johor","w":"BN","p":"UMNO","cand":"Ahmad bin Maslan","pct":40.8,"maj":5758,"nc":4,"tv":56851,"unc":false,"rw":"PN","rp":"BERSATU","rcand":"Isa bin Ab Hamid","rpct":30.7},"geometry":{"type":"Polygon","coordinates":[[[103.187,1.6226],[103.2715,1.5919],[103.3391,1.553],[103.3687,1.5268],[103.3881,1.4772],[103.412,1.4918],[103.4002,1.5229],[103.3929,1.5261],[103.4136,1.565],[103.4253,1.6125],[103.4471,1.6255],[103.4496,1.6361],[103.3631,1.7096],[103.2261,1.7668],[103.1972,1.7039],[103.1939,1.6764],[103.2029,1.6345],[103.1982,1.6276],[103.189,1.6303],[103.187,1.6226]]]}},{"type":"Feature","properties":{"c":"P.165","n":"Tanjung Piai","s":"Johor","w":"BN","p":"MCA","cand":"Wee Jeck Seng","pct":43.2,"maj":6360,"nc":3,"tv":54588,"unc":false,"rw":"PH","rp":"MUDA","rcand":"Lim Wei Jiet","rpct":31.6},"geometry":{"type":"MultiPolygon","coordinates":[[[[103.4321,1.3125],[103.4382,1.3254],[103.4193,1.3384],[103.4206,1.3094],[103.4321,1.3125]]],[[[103.5759,1.5264],[103.5331,1.5226],[103.5336,1.529],[103.5219,1.533],[103.5194,1.5449],[103.5133,1.5441],[103.5078,1.5823],[103.4496,1.6361],[103.4471,1.6255],[103.4253,1.6125],[103.4136,1.565],[103.3929,1.5261],[103.4002,1.5229],[103.412,1.4918],[103.3881,1.4772],[103.4116,1.429],[103.4415,1.325],[103.4634,1.3084],[103.4662,1.3122],[103.4637,1.3082],[103.5081,1.2658],[103.5146,1.3058],[103.5471,1.3333],[103.535,1.3839],[103.5522,1.4663],[103.5644,1.4802],[103.5864,1.4802],[103.5748,1.4932],[103.5759,1.5264]]]]}},{"type":"Feature","properties":{"c":"P.166","n":"Labuan","s":"W.P. Labuan","w":"PN","p":"BERSATU","cand":"Suhaili Abdul Rahman","pct":28.6,"maj":708,"nc":6,"tv":28449,"unc":false,"rw":"BN","rp":"UMNO","rcand":"Bashir bin Alias","rpct":26.1},"geometry":{"type":"MultiPolygon","coordinates":[[[[115.3064,5.2688],[115.3259,5.264],[115.3278,5.2724],[115.3153,5.2812],[115.3064,5.2688]]],[[[115.2682,5.2878],[115.2502,5.3185],[115.2435,5.3488],[115.247,5.3757],[115.2558,5.3819],[115.2511,5.3905],[115.231,5.3812],[115.1995,5.3463],[115.1572,5.2508],[115.1707,5.2517],[115.1936,5.2775],[115.2124,5.2797],[115.2411,5.2416],[115.2464,5.2565],[115.2388,5.2597],[115.2336,5.2843],[115.2541,5.2725],[115.2682,5.2878]]]]}},{"type":"Feature","properties":{"c":"P.167","n":"Kudat","s":"Sabah","w":"ALONE","p":"BEBAS","cand":"Verdon bin Bahanda","pct":36.2,"maj":1967,"nc":5,"tv":45108,"unc":false,"rw":"GRS","rp":"BEBAS","rcand":"Ruddy bin Awah","rpct":31.8},"geometry":{"type":"MultiPolygon","coordinates":[[[[116.9869,6.5473],[116.98,6.5431],[116.9757,6.5225],[116.9198,6.5237],[116.9236,6.6067],[116.913,6.6084],[116.9236,6.6073],[116.9242,6.6201],[116.9151,6.6206],[116.9107,6.614],[116.879,6.6243],[116.9109,6.6631],[116.9304,6.6641],[116.9467,6.6852],[116.9818,6.7022],[116.9876,6.7226],[116.9743,6.7398],[116.9883,6.7589],[116.9941,6.7582],[116.9926,6.7763],[117.015,6.792],[117.0328,6.8369],[117.0569,6.8375],[117.0474,6.8455],[117.0569,6.8611],[117.0569,6.8758],[117.0446,6.8887],[117.0324,6.8914],[117.0357,6.9255],[117.0262,6.9338],[117.0324,6.9495],[117.049,6.9462],[117.0526,6.9347],[117.0725,6.9365],[117.0864,6.9474],[117.0599,6.9551],[117.0593,6.9753],[117.0699,6.9762],[117.0734,6.9849],[117.1012,6.9968],[117.1209,6.9864],[117.1337,6.9886],[117.1283,7.0088],[117.1528,7.013],[117.1683,6.9925],[117.1802,6.9921],[117.1965,6.956],[117.2145,6.9462],[117.2533,6.9414],[117.2479,6.9298],[117.2583,6.8918],[117.2423,6.8762],[117.2458,6.8708],[117.2528,6.874],[117.2542,6.8656],[117.2439,6.8538],[117.2344,6.8529],[117.2262,6.8334],[117.2331,6.8301],[117.2167,6.8189],[117.2224,6.8176],[117.2246,6.8057],[117.2353,6.8048],[117.2377,6.7911],[117.248,6.7875],[117.2403,6.7797],[117.2453,6.7602],[117.2737,6.7411],[117.2741,6.7306],[117.2844,6.7275],[117.2829,6.7157],[117.2666,6.7083],[117.2639,6.7],[117.2696,6.6773],[117.286,6.6628],[117.2807,6.646],[117.2872,6.6418],[117.2918,6.6185],[117.2838,6.6074],[117.2678,6.6056],[117.2828,6.5904],[117.2739,6.5896],[117.269,6.5765],[117.2439,6.5809],[117.2309,6.5761],[117.206,6.5533],[117.1896,6.5525],[117.1668,6.565],[117.1559,6.5635],[117.151,6.5565],[117.1311,6.5518],[117.1317,6.5433],[117.124,6.5399],[117.1271,6.5317],[117.1005,6.5392],[117.0969,6.5185],[116.9982,6.5223],[116.9975,6.5446],[116.9869,6.5473]]],[[[116.8452,6.7887],[116.833,6.7849],[116.8321,6.7942],[116.7826,6.7825],[116.7795,6.7898],[116.768,6.7908],[116.7948,6.7907],[116.7943,6.8068],[116.7974,6.8035],[116.8201,6.8176],[116.8116,6.8256],[116.8179,6.8608],[116.8305,6.8624],[116.8578,6.8562],[116.8385,6.8416],[116.8507,6.8241],[116.862,6.8218],[116.8513,6.8019],[116.8565,6.783],[116.8452,6.7887]]],[[[116.7736,6.8615],[116.7704,6.8577],[116.7471,6.8763],[116.765,6.8894],[116.728,6.8966],[116.7234,6.9031],[116.7475,6.919],[116.7345,6.9295],[116.7055,6.9289],[116.7094,6.9488],[116.7031,6.9576],[116.7253,6.9667],[116.7204,6.973],[116.7262,6.9754],[116.7198,6.9781],[116.7321,7.0065],[116.7258,7.0114],[116.7426,7.0214],[116.7424,7.0373],[116.7532,7.0349],[116.7905,6.9996],[116.8001,6.977],[116.8286,6.9673],[116.8407,6.9467],[116.8374,6.9322],[116.8606,6.8932],[116.8572,6.8877],[116.8617,6.8886],[116.8603,6.8782],[116.8514,6.8754],[116.8286,6.892],[116.8182,6.8868],[116.8214,6.8787],[116.81,6.8702],[116.7882,6.8858],[116.7842,6.8819],[116.7941,6.8726],[116.7736,6.8615]]],[[[117.0558,7.0889],[117.0597,7.0857],[117.0477,7.0796],[117.037,7.0884],[117.0427,7.0928],[117.0558,7.0889]]],[[[117.1485,7.1499],[117.1448,7.142],[117.1509,7.1404],[117.1392,7.1249],[117.1295,7.1304],[117.134,7.1377],[117.1171,7.1359],[117.1391,7.1543],[117.15,7.1564],[117.1485,7.1499]]],[[[117.0142,7.3469],[117.0227,7.3195],[117.0164,7.2942],[117.0244,7.2779],[117.0211,7.2729],[116.9928,7.2874],[116.9977,7.3027],[116.9792,7.3079],[116.9647,7.2785],[116.9872,7.2441],[116.9564,7.2496],[116.9438,7.2402],[116.9476,7.2477],[116.9431,7.2483],[116.9308,7.2339],[116.9028,7.2392],[116.8969,7.2238],[116.8832,7.2296],[116.8684,7.2205],[116.8711,7.2146],[116.8862,7.2228],[116.8959,7.2113],[116.8864,7.2061],[116.8889,7.2007],[116.8767,7.2053],[116.8616,7.1925],[116.8537,7.1977],[116.8639,7.218],[116.8657,7.2429],[116.8873,7.2871],[116.901,7.2885],[116.9101,7.3012],[116.931,7.292],[116.9833,7.3203],[116.9997,7.3574],[117.0142,7.3469]]],[[[117.2664,6.8202],[117.2636,6.8157],[117.2568,6.8226],[117.2883,6.8402],[117.285,6.831],[117.2664,6.8202]]],[[[117.2049,7.1746],[117.2005,7.1612],[117.183,7.1602],[117.172,7.1493],[117.1612,7.1507],[117.171,7.1709],[117.1959,7.1797],[117.2049,7.1746]]],[[[117.2512,7.3543],[117.2788,7.3519],[117.2953,7.3247],[117.2829,7.3076],[117.28,7.3148],[117.274,7.2933],[117.2618,7.2784],[117.2656,7.2636],[117.2782,7.2632],[117.2588,7.2528],[117.2613,7.2449],[117.2771,7.2437],[117.2807,7.2492],[117.2815,7.2415],[117.2733,7.2366],[117.2838,7.2323],[117.2545,7.1978],[117.2597,7.1896],[117.2417,7.1857],[117.2485,7.1999],[117.251,7.2238],[117.2464,7.2251],[117.2434,7.2161],[117.2357,7.216],[117.2378,7.2094],[117.2217,7.185],[117.2085,7.1917],[117.2048,7.1866],[117.1726,7.1861],[117.1045,7.1422],[117.0858,7.1415],[117.0921,7.1184],[117.0731,7.1005],[117.0775,7.1182],[117.0584,7.1283],[117.0668,7.1504],[117.0622,7.1585],[117.0735,7.168],[117.0749,7.1776],[117.0617,7.1749],[117.0626,7.1828],[117.0538,7.1852],[117.0639,7.1993],[117.0655,7.2086],[117.0539,7.2101],[117.0695,7.2609],[117.0612,7.2931],[117.0756,7.3057],[117.0862,7.3033],[117.0894,7.3115],[117.107,7.3089],[117.1154,7.3177],[117.124,7.3154],[117.133,7.3236],[117.1296,7.3298],[117.1443,7.336],[117.1512,7.3516],[117.1652,7.3407],[117.1895,7.36],[117.203,7.3503],[117.2338,7.3625],[117.2512,7.3543]]],[[[117.2923,7.2856],[117.2863,7.2924],[117.2958,7.3065],[117.2997,7.2999],[117.2923,7.2856]]],[[[117.3246,6.9284],[117.324,6.9357],[117.3392,6.9421],[117.3526,6.9296],[117.3369,6.9206],[117.3246,6.9284]]],[[[117.3139,7.0656],[117.3312,7.0668],[117.3333,7.0572],[117.3476,7.0489],[117.3425,7.0426],[117.3464,7.0377],[117.3316,7.0313],[117.3133,7.0384],[117.3225,7.0239],[117.305,7.0142],[117.2821,7.0263],[117.2782,7.0432],[117.2652,7.0416],[117.2668,7.0519],[117.2833,7.0479],[117.2734,7.0564],[117.262,7.0563],[117.27,7.0743],[117.2894,7.0754],[117.2878,7.068],[117.2964,7.0678],[117.3032,7.0701],[117.3016,7.0784],[117.3162,7.072],[117.3139,7.0656]]],[[[117.3197,7.2334],[117.3122,7.2275],[117.3088,7.2037],[117.3035,7.2041],[117.3058,7.2182],[117.2934,7.2211],[117.2921,7.2269],[117.3054,7.241],[117.3211,7.2431],[117.3197,7.2334]]],[[[117.3302,7.2216],[117.3201,7.2209],[117.319,7.2278],[117.3371,7.231],[117.3371,7.2232],[117.3302,7.2216]]]]}},{"type":"Feature","properties":{"c":"P.168","n":"Kota Marudu","s":"Sabah","w":"ALONE","p":"KDM","cand":"Wetrom Bahanda","pct":48.7,"maj":8174,"nc":6,"tv":49946,"unc":false,"rw":"GRS","rp":"PBS","rcand":"Maximus bin Ongkili (Johnity)","rpct":32.3},"geometry":{"type":"MultiPolygon","coordinates":[[[[116.9011,6.6182],[116.9107,6.614],[116.9151,6.6206],[116.9248,6.6178],[116.9236,6.6073],[116.913,6.6084],[116.9236,6.6067],[116.9198,6.5237],[116.9757,6.5225],[116.98,6.5431],[116.9947,6.549],[116.9982,6.5223],[117.0969,6.5185],[117.1075,6.4891],[117.0828,6.4882],[117.0845,6.4718],[117.0933,6.4647],[117.0787,6.4294],[117.0861,6.4005],[117.1029,6.3871],[117.095,6.3624],[117.0894,6.3572],[117.0687,6.3651],[117.0276,6.343],[117.0087,6.3446],[116.9994,6.3533],[116.9867,6.3371],[116.9742,6.3363],[116.9566,6.3204],[116.9597,6.3109],[116.9292,6.3191],[116.9246,6.306],[116.9168,6.308],[116.9094,6.2975],[116.8769,6.2819],[116.8654,6.2828],[116.8604,6.2641],[116.8421,6.2565],[116.8362,6.2458],[116.8073,6.2385],[116.7945,6.2208],[116.7768,6.2319],[116.7428,6.232],[116.6961,6.2226],[116.6587,6.2],[116.6615,6.2163],[116.6136,6.2501],[116.6143,6.2726],[116.6326,6.2894],[116.6416,6.3325],[116.6401,6.3415],[116.6312,6.3468],[116.5944,6.3569],[116.6034,6.406],[116.5885,6.4185],[116.5885,6.4391],[116.5974,6.4492],[116.5999,6.4761],[116.6183,6.5206],[116.6164,6.5484],[116.6267,6.5632],[116.6312,6.5973],[116.6554,6.6376],[116.6207,6.6537],[116.6188,6.6732],[116.6457,6.7168],[116.6435,6.7364],[116.6317,6.7528],[116.6369,6.7643],[116.6268,6.7811],[116.64,6.7878],[116.6513,6.8146],[116.6739,6.8198],[116.6658,6.8299],[116.6456,6.8359],[116.6402,6.8642],[116.6722,6.8772],[116.7055,6.9289],[116.7345,6.9295],[116.7475,6.919],[116.7234,6.9031],[116.728,6.8966],[116.765,6.8894],[116.7471,6.8763],[116.7704,6.8577],[116.7988,6.8655],[116.7969,6.8515],[116.8052,6.8513],[116.8079,6.8603],[116.8179,6.8608],[116.8116,6.8256],[116.8201,6.8176],[116.7974,6.8035],[116.7943,6.8068],[116.7948,6.7907],[116.7801,6.7945],[116.7681,6.7889],[116.7982,6.7836],[116.8321,6.7942],[116.833,6.7849],[116.8446,6.7899],[116.8592,6.7751],[116.8152,6.7292],[116.7893,6.6684],[116.754,6.6357],[116.7579,6.6185],[116.7513,6.5869],[116.7648,6.5697],[116.7706,6.581],[116.7799,6.5638],[116.794,6.5624],[116.8002,6.5697],[116.8124,6.5624],[116.8201,6.5751],[116.8286,6.5727],[116.8285,6.5797],[116.8351,6.5749],[116.8524,6.5784],[116.8536,6.5995],[116.8614,6.6077],[116.8563,6.6147],[116.8783,6.622],[116.9011,6.6182]]]]}},{"type":"Feature","properties":{"c":"P.169","n":"Kota Belud","s":"Sabah","w":"ALONE","p":"WARISAN","cand":"Munirah Majilis","pct":46.5,"maj":4582,"nc":3,"tv":54037,"unc":false,"rw":"BN","rp":"UMNO","rcand":"Abdul Rahman bin Dahlan","rpct":38.1},"geometry":{"type":"MultiPolygon","coordinates":[[[[116.6249,6.3479],[116.6401,6.3415],[116.641,6.322],[116.6326,6.2894],[116.6143,6.2726],[116.6136,6.2501],[116.6615,6.2163],[116.6587,6.2],[116.6284,6.1747],[116.6064,6.1696],[116.5817,6.0666],[116.5567,6.0274],[116.5291,6.004],[116.4972,6.0226],[116.4862,6.0148],[116.4735,6.0158],[116.4626,6.0311],[116.4573,6.03],[116.4301,6.0998],[116.4424,6.1142],[116.4287,6.1542],[116.4202,6.2173],[116.3956,6.2426],[116.3831,6.2735],[116.3832,6.2887],[116.3759,6.2939],[116.3025,6.2903],[116.3105,6.3034],[116.3206,6.2991],[116.3216,6.3068],[116.3306,6.3099],[116.3187,6.3138],[116.3191,6.3236],[116.3091,6.3222],[116.3296,6.3359],[116.3121,6.3399],[116.3275,6.3506],[116.3114,6.3581],[116.3218,6.3724],[116.3378,6.3602],[116.3468,6.3695],[116.3362,6.3876],[116.3488,6.3861],[116.3489,6.3944],[116.3709,6.4021],[116.4843,6.4801],[116.4993,6.5118],[116.4955,6.5332],[116.5389,6.5804],[116.545,6.6072],[116.5729,6.6388],[116.5701,6.6532],[116.5799,6.6492],[116.5908,6.6602],[116.5981,6.6573],[116.6196,6.6715],[116.6207,6.6537],[116.6554,6.6376],[116.6312,6.5973],[116.6267,6.5632],[116.6164,6.5484],[116.6183,6.5206],[116.5999,6.4761],[116.5974,6.4492],[116.5905,6.4462],[116.5883,6.4218],[116.6034,6.406],[116.5944,6.3569],[116.6249,6.3479]]],[[[116.348,6.7166],[116.3708,6.7093],[116.3578,6.7056],[116.3392,6.717],[116.348,6.7166]]]]}},{"type":"Feature","properties":{"c":"P.170","n":"Tuaran","s":"Sabah","w":"PH","p":"UPKO","cand":"Wilfred Madius Tangau","pct":42.8,"maj":233,"nc":6,"tv":58227,"unc":false,"rw":"GRS","rp":"PBS","rcand":"Joniston Bangkuai","rpct":42.4},"geometry":{"type":"MultiPolygon","coordinates":[[[[116.4358,6.1432],[116.4423,6.1132],[116.4298,6.1011],[116.4573,6.03],[116.4798,6.0136],[116.4972,6.0226],[116.5132,6.0178],[116.5056,5.9891],[116.5094,5.9807],[116.4637,5.9372],[116.4591,5.9243],[116.4192,5.913],[116.3995,5.8435],[116.3744,5.8174],[116.3592,5.8149],[116.3607,5.8207],[116.3467,5.8215],[116.3417,5.8296],[116.3287,5.8285],[116.3351,5.8363],[116.3132,5.8557],[116.2918,5.8545],[116.2814,5.8731],[116.287,5.8894],[116.2831,5.9034],[116.2609,5.9041],[116.2591,5.9248],[116.2808,5.9212],[116.2815,5.9086],[116.3296,5.9225],[116.3226,5.9525],[116.3075,5.9677],[116.2762,5.9665],[116.2612,5.9723],[116.2701,5.9767],[116.2743,6.0468],[116.2593,6.0333],[116.2556,6.0462],[116.2495,6.0366],[116.238,6.0419],[116.2151,6.0349],[116.213,6.0404],[116.2241,6.0519],[116.214,6.0521],[116.214,6.0762],[116.205,6.0918],[116.191,6.0896],[116.1921,6.1241],[116.1579,6.1232],[116.1629,6.1084],[116.1478,6.1107],[116.1498,6.1026],[116.1401,6.0996],[116.1298,6.1251],[116.1405,6.1364],[116.1374,6.1444],[116.146,6.1544],[116.1417,6.159],[116.1646,6.1768],[116.1955,6.2347],[116.2439,6.2509],[116.2649,6.2344],[116.2636,6.2298],[116.2738,6.2305],[116.2768,6.2241],[116.2846,6.2317],[116.2726,6.2416],[116.2777,6.2507],[116.2736,6.2555],[116.2918,6.2663],[116.2845,6.2771],[116.2579,6.2571],[116.205,6.2423],[116.229,6.2594],[116.2311,6.2746],[116.2418,6.2844],[116.2552,6.2861],[116.2577,6.2947],[116.2628,6.2882],[116.2775,6.2941],[116.2767,6.3053],[116.2855,6.3055],[116.2901,6.3203],[116.2981,6.3101],[116.2925,6.297],[116.3008,6.2971],[116.3043,6.2883],[116.3401,6.2955],[116.3734,6.295],[116.3832,6.2887],[116.3831,6.2735],[116.3956,6.2426],[116.4202,6.2173],[116.4275,6.1598],[116.4358,6.1432]]]]}},{"type":"Feature","properties":{"c":"P.171","n":"Sepanggar","s":"Sabah","w":"PH","p":"PKR","cand":"Mustapha Sakmud","pct":38.4,"maj":7042,"nc":5,"tv":70304,"unc":false,"rw":"BN","rp":"UMNO","rcand":"Yakub Khan","rpct":28.4},"geometry":{"type":"MultiPolygon","coordinates":[[[[116.2124,6.0392],[116.2186,6.0339],[116.238,6.0419],[116.2495,6.0366],[116.2556,6.0462],[116.2593,6.0333],[116.2743,6.0468],[116.2701,5.9767],[116.2612,5.9723],[116.2762,5.9665],[116.3075,5.9677],[116.3226,5.9525],[116.3285,5.9191],[116.2815,5.9086],[116.2808,5.9212],[116.2575,5.9243],[116.2422,5.948],[116.2148,5.9484],[116.2102,5.9396],[116.1772,5.9498],[116.1683,5.9443],[116.1498,5.9502],[116.146,5.9428],[116.123,5.9564],[116.1104,5.9426],[116.1061,5.9505],[116.0929,5.9534],[116.1023,5.9715],[116.1142,5.9758],[116.1174,5.9908],[116.105,5.9966],[116.1125,6.0129],[116.1067,6.0257],[116.1121,6.0345],[116.1097,6.0498],[116.1288,6.0614],[116.1164,6.0691],[116.1286,6.0741],[116.1243,6.0847],[116.1317,6.0858],[116.1145,6.0985],[116.1151,6.0863],[116.1088,6.0871],[116.1023,6.0777],[116.1024,6.0869],[116.0845,6.1073],[116.0945,6.1206],[116.1084,6.1171],[116.1351,6.1409],[116.1384,6.1363],[116.1183,6.1172],[116.1338,6.1184],[116.1379,6.0967],[116.1605,6.102],[116.1579,6.1232],[116.1921,6.1241],[116.191,6.0896],[116.205,6.0918],[116.214,6.0762],[116.214,6.0521],[116.2241,6.0519],[116.2124,6.0392]]]]}},{"type":"Feature","properties":{"c":"P.172","n":"Kota Kinabalu","s":"Sabah","w":"PH","p":"DAP","cand":"Chan Foong Hin","pct":71.1,"maj":23783,"nc":5,"tv":44120,"unc":false,"rw":"ALONE","rp":"WARISAN","rcand":"Amanda Yeo Yan Yin","rpct":17.2},"geometry":{"type":"Polygon","coordinates":[[[116.0952,5.9558],[116.0986,5.9492],[116.0917,5.9354],[116.0851,5.9337],[116.0826,5.9427],[116.0577,5.9359],[116.0578,5.9491],[116.071,5.9667],[116.0657,5.9723],[116.0806,5.9983],[116.1174,5.9908],[116.1138,5.9745],[116.1023,5.9715],[116.0952,5.9558]]]}},{"type":"Feature","properties":{"c":"P.173","n":"Putatan","s":"Sabah","w":"BN","p":"UMNO","cand":"Shahelmey bin Yahya","pct":39.4,"maj":124,"nc":4,"tv":41249,"unc":false,"rw":"PH","rp":"PKR","rcand":"Awang Husaini bin Sahari","rpct":39.1},"geometry":{"type":"MultiPolygon","coordinates":[[[[116.0172,6.0307],[116.0218,6.0279],[116.0276,6.0341],[116.0297,6.024],[116.0505,6.0316],[116.0458,6.0137],[116.0548,6.0066],[116.0635,6.0175],[116.0616,6.001],[116.0674,5.9957],[116.05,6.0024],[116.0409,5.9916],[116.0317,6.0122],[116.0245,6.0057],[116.0171,6.014],[116.0083,6.0123],[116.0049,6.0244],[116.0142,6.044],[116.0172,6.0307]]],[[[115.6061,6.1943],[115.5933,6.1872],[115.5842,6.2044],[115.6032,6.2121],[115.6061,6.1943]]],[[[116.0625,5.8481],[116.0493,5.84],[116.0423,5.826],[116.0317,5.8358],[116.0439,5.8466],[116.0413,5.865],[116.0436,5.8608],[116.0513,5.8754],[116.0429,5.881],[116.0394,5.8938],[116.0322,5.895],[116.0441,5.9123],[116.0399,5.916],[116.0463,5.9433],[116.0403,5.9556],[116.0579,5.9584],[116.0522,5.9634],[116.0593,5.9793],[116.071,5.9667],[116.0507,5.9302],[116.0527,5.916],[116.0694,5.9101],[116.0594,5.9004],[116.0725,5.893],[116.0786,5.8783],[116.0747,5.8704],[116.0797,5.8682],[116.078,5.8537],[116.0663,5.8541],[116.0625,5.8481]]]]}},{"type":"Feature","properties":{"c":"P.174","n":"Penampang","s":"Sabah","w":"PH","p":"UPKO","cand":"Ewon Benedick","pct":57.3,"maj":14410,"nc":4,"tv":50730,"unc":false,"rw":"ALONE","rp":"WARISAN","rcand":"Ignatius Dorell Leiking (Darell Leiking)","rpct":28.9},"geometry":{"type":"Polygon","coordinates":[[[116.1111,5.9438],[116.123,5.9564],[116.146,5.9428],[116.1498,5.9502],[116.1683,5.9443],[116.1772,5.9498],[116.2102,5.9396],[116.2148,5.9484],[116.2475,5.9452],[116.2618,5.902],[116.2831,5.9034],[116.287,5.8894],[116.2814,5.8731],[116.2918,5.8545],[116.3132,5.8557],[116.3351,5.8363],[116.3287,5.829],[116.3371,5.8273],[116.3395,5.8175],[116.3347,5.7909],[116.3504,5.7709],[116.3325,5.7685],[116.2995,5.7518],[116.2874,5.735],[116.2578,5.7345],[116.2449,5.7437],[116.2183,5.7423],[116.2003,5.7686],[116.1921,5.7689],[116.1788,5.7821],[116.1656,5.7833],[116.1552,5.7964],[116.1397,5.7942],[116.1367,5.7878],[116.1306,5.7904],[116.1265,5.7838],[116.1266,5.8026],[116.1345,5.8145],[116.0619,5.833],[116.0567,5.8408],[116.0663,5.8541],[116.078,5.8537],[116.0797,5.8682],[116.0747,5.8704],[116.0786,5.8783],[116.0725,5.893],[116.0594,5.9004],[116.0694,5.9101],[116.0527,5.916],[116.0561,5.9429],[116.0604,5.9335],[116.0659,5.9402],[116.0826,5.9427],[116.0867,5.9337],[116.0945,5.9382],[116.0984,5.953],[116.1111,5.9438]]]}},{"type":"Feature","properties":{"c":"P.175","n":"Papar","s":"Sabah","w":"GRS","p":"BEBAS","cand":"Armizan bin Mohd Ali","pct":52.7,"maj":12822,"nc":6,"tv":43509,"unc":false,"rw":"ALONE","rp":"WARISAN","rcand":"Ahmad bin Hassan","rpct":23.3},"geometry":{"type":"MultiPolygon","coordinates":[[[[115.9357,5.6802],[115.9283,5.6861],[115.9115,5.6551],[115.8875,5.644],[115.8957,5.683],[115.8955,5.7315],[115.9042,5.7506],[115.9496,5.7667],[115.973,5.7857],[115.9794,5.7846],[116.0036,5.8048],[116.0107,5.8243],[116.0347,5.8312],[116.0423,5.826],[116.0515,5.8406],[116.1137,5.816],[116.1345,5.8145],[116.1266,5.8026],[116.1265,5.7838],[116.1306,5.7904],[116.1367,5.7878],[116.1397,5.7942],[116.1552,5.7964],[116.1656,5.7833],[116.1788,5.7821],[116.1921,5.7689],[116.2003,5.7686],[116.2206,5.741],[116.2407,5.7443],[116.2578,5.7345],[116.2877,5.7337],[116.276,5.7154],[116.2589,5.7084],[116.2534,5.6879],[116.2295,5.6779],[116.2326,5.6703],[116.2148,5.6725],[116.1909,5.6966],[116.1795,5.627],[116.1124,5.6114],[116.1004,5.5971],[116.0992,5.5783],[116.0767,5.5701],[116.051,5.6343],[116.0516,5.6586],[116.0416,5.6624],[116.0427,5.6702],[116.0327,5.6747],[116.0341,5.6812],[116.0183,5.696],[116.0115,5.6965],[116.0173,5.6893],[116.0092,5.682],[115.9863,5.6879],[115.9838,5.6941],[115.9754,5.6937],[115.9689,5.6782],[115.9524,5.6825],[115.9471,5.692],[115.9357,5.6802]]]]}},{"type":"Feature","properties":{"c":"P.176","n":"Kimanis","s":"Sabah","w":"BN","p":"UMNO","cand":"Mohamad bin Alamin","pct":41.9,"maj":3037,"nc":5,"tv":31068,"unc":false,"rw":"ALONE","rp":"WARISAN","rcand":"Daud bin Yusof","rpct":32.1},"geometry":{"type":"Polygon","coordinates":[[[115.9673,5.3667],[115.9449,5.3609],[115.9421,5.3219],[115.8943,5.3446],[115.8926,5.3741],[115.8803,5.3792],[115.8778,5.3882],[115.874,5.3846],[115.8651,5.3915],[115.8455,5.3903],[115.8467,5.3962],[115.8326,5.3943],[115.8337,5.4049],[115.828,5.4102],[115.8093,5.4082],[115.8037,5.4186],[115.8034,5.4091],[115.793,5.4006],[115.7848,5.3806],[115.7765,5.398],[115.7644,5.396],[115.758,5.4068],[115.7499,5.4082],[115.7495,5.4217],[115.7167,5.4683],[115.6593,5.5044],[115.6561,5.5141],[115.6619,5.5309],[115.6546,5.5398],[115.7624,5.5303],[115.814,5.5433],[115.8672,5.5763],[115.8842,5.6134],[115.8875,5.644],[115.9115,5.6551],[115.9283,5.6861],[115.9366,5.6801],[115.9471,5.692],[115.9524,5.6825],[115.9689,5.6782],[115.9754,5.6937],[115.9877,5.694],[115.9863,5.6879],[116.0092,5.682],[116.0173,5.6893],[116.0115,5.6965],[116.0183,5.696],[116.0341,5.6812],[116.0327,5.6747],[116.0427,5.6702],[116.0416,5.6624],[116.0527,5.6558],[116.051,5.6343],[116.0767,5.5701],[116.0626,5.534],[116.0629,5.5232],[116.0761,5.5104],[116.075,5.5004],[116.0672,5.494],[116.0597,5.4673],[116.0388,5.4565],[116.0303,5.4591],[116.0203,5.4429],[116.0058,5.4474],[115.993,5.4386],[115.9982,5.3944],[115.9827,5.3688],[115.9673,5.3667]]]}},{"type":"Feature","properties":{"c":"P.177","n":"Beaufort","s":"Sabah","w":"BN","p":"UMNO","cand":"Siti Aminah binti Aching","pct":36.1,"maj":2518,"nc":6,"tv":29298,"unc":false,"rw":"ALONE","rp":"KDM","rcand":"Johair binti Mat Lani","rpct":27.5},"geometry":{"type":"MultiPolygon","coordinates":[[[[115.4235,5.2663],[115.4151,5.2694],[115.4147,5.2798],[115.4214,5.2862],[115.43,5.2708],[115.4235,5.2663]]],[[[115.399,5.2825],[115.3792,5.2939],[115.3909,5.3083],[115.399,5.2825]]],[[[115.3819,5.3132],[115.3821,5.3209],[115.3931,5.3247],[115.3859,5.308],[115.3819,5.3132]]],[[[115.6629,5.5035],[115.7238,5.4613],[115.7495,5.4217],[115.7499,5.4082],[115.758,5.4068],[115.7644,5.396],[115.7765,5.398],[115.7848,5.3806],[115.793,5.4006],[115.8034,5.4091],[115.8037,5.4186],[115.8093,5.4082],[115.8302,5.409],[115.8326,5.3943],[115.8467,5.3962],[115.8455,5.3903],[115.8651,5.3915],[115.874,5.3846],[115.8778,5.3882],[115.8803,5.3792],[115.8926,5.3741],[115.8943,5.3446],[115.9421,5.3219],[115.9266,5.2895],[115.92,5.2859],[115.887,5.301],[115.8615,5.2906],[115.8513,5.2769],[115.8507,5.257],[115.8374,5.2461],[115.8219,5.2666],[115.8059,5.2642],[115.8006,5.2716],[115.7988,5.2918],[115.8041,5.2989],[115.7885,5.316],[115.795,5.3404],[115.7785,5.3364],[115.7634,5.3445],[115.7533,5.3357],[115.7393,5.3493],[115.7155,5.3544],[115.7122,5.3466],[115.6988,5.3442],[115.6984,5.3498],[115.7092,5.3544],[115.7048,5.3616],[115.6959,5.3606],[115.7001,5.3669],[115.694,5.3727],[115.6861,5.3669],[115.6894,5.3818],[115.6627,5.4014],[115.661,5.3932],[115.651,5.3986],[115.6277,5.3814],[115.6197,5.3943],[115.6065,5.3963],[115.6061,5.4055],[115.576,5.4376],[115.5585,5.4276],[115.5375,5.4279],[115.5289,5.4177],[115.5313,5.4079],[115.5213,5.4071],[115.5234,5.3896],[115.5086,5.39],[115.4986,5.3821],[115.4922,5.3865],[115.4857,5.38],[115.4773,5.2822],[115.4712,5.2803],[115.4735,5.2726],[115.4649,5.2627],[115.4483,5.2559],[115.4415,5.2448],[115.4349,5.2539],[115.4296,5.2519],[115.4396,5.2633],[115.4224,5.2885],[115.4135,5.2814],[115.4129,5.2705],[115.4062,5.2766],[115.3922,5.3053],[115.3971,5.3266],[115.3814,5.3239],[115.3683,5.2968],[115.3398,5.2966],[115.3647,5.3283],[115.3629,5.3467],[115.371,5.3676],[115.3652,5.3869],[115.3757,5.4038],[115.4233,5.4242],[115.4752,5.4844],[115.5467,5.5411],[115.5632,5.5755],[115.5763,5.5871],[115.5936,5.6312],[115.6175,5.6232],[115.6208,5.6143],[115.6063,5.5766],[115.588,5.5568],[115.5846,5.5376],[115.6074,5.5214],[115.6093,5.5284],[115.59,5.5525],[115.607,5.5705],[115.622,5.5567],[115.6594,5.5415],[115.6548,5.5358],[115.6627,5.5228],[115.656,5.5125],[115.6629,5.5035]]],[[[115.6569,5.7299],[115.6704,5.7138],[115.6667,5.7053],[115.6582,5.7057],[115.6499,5.7219],[115.6363,5.7254],[115.6321,5.736],[115.6398,5.7388],[115.6569,5.7299]]]]}},{"type":"Feature","properties":{"c":"P.178","n":"Sipitang","s":"Sabah","w":"GRS","p":"BEBAS","cand":"Matbali bin Musah","pct":49.8,"maj":4691,"nc":3,"tv":29061,"unc":false,"rw":"ALONE","rp":"WARISAN","rcand":"Adnan bin Puteh","rpct":33.6},"geometry":{"type":"MultiPolygon","coordinates":[[[[115.7726,5.0501],[115.7768,5.0432],[115.7858,5.0493],[115.8036,5.0465],[115.8072,5.0349],[115.8236,5.0319],[115.8152,5.0052],[115.8274,4.9935],[115.8416,4.9967],[115.8282,4.9189],[115.8185,4.8987],[115.8198,4.8722],[115.8493,4.8613],[115.854,4.8548],[115.8481,4.834],[115.8537,4.8271],[115.8484,4.8094],[115.8325,4.8106],[115.8294,4.7985],[115.8391,4.7683],[115.8297,4.7499],[115.8232,4.7487],[115.8198,4.7197],[115.8257,4.7101],[115.8422,4.7098],[115.8434,4.6998],[115.8378,4.6681],[115.8419,4.6566],[115.8254,4.6295],[115.8443,4.598],[115.8683,4.5828],[115.8621,4.5249],[115.8783,4.5006],[115.8683,4.467],[115.8814,4.4337],[115.8805,4.4107],[115.8741,4.4039],[115.883,4.3917],[115.8719,4.3817],[115.873,4.3541],[115.8622,4.3435],[115.8695,4.3005],[115.8474,4.2915],[115.8442,4.2689],[115.8243,4.2623],[115.8287,4.24],[115.8015,4.2259],[115.7963,4.2427],[115.7653,4.2502],[115.7555,4.2214],[115.7358,4.2124],[115.731,4.1943],[115.7049,4.1985],[115.6845,4.163],[115.6845,4.1352],[115.6757,4.1272],[115.6739,4.1149],[115.6585,4.1241],[115.6535,4.1187],[115.644,4.1226],[115.6478,4.1459],[115.6413,4.1489],[115.6387,4.1641],[115.6295,4.1667],[115.6299,4.1785],[115.6421,4.1932],[115.6424,4.2335],[115.6366,4.2395],[115.6571,4.262],[115.6712,4.2966],[115.6659,4.3257],[115.6593,4.336],[115.631,4.3506],[115.6128,4.3415],[115.6062,4.351],[115.6082,4.3603],[115.5871,4.3658],[115.5923,4.4284],[115.5595,4.4847],[115.5785,4.4988],[115.5809,4.5177],[115.5732,4.528],[115.5755,4.5369],[115.5635,4.5512],[115.5707,4.5664],[115.5455,4.5929],[115.5653,4.6456],[115.5753,4.6481],[115.6017,4.6774],[115.6333,4.7683],[115.6495,4.7732],[115.6544,4.7809],[115.6521,4.8506],[115.641,4.8587],[115.6341,4.9083],[115.6216,4.9239],[115.6207,4.9654],[115.5931,4.9901],[115.55,4.9781],[115.516,4.9595],[115.4675,4.9642],[115.4474,4.9797],[115.4573,4.9895],[115.4637,5.0142],[115.486,5.0275],[115.4926,5.0234],[115.5111,5.0286],[115.5332,5.0703],[115.5442,5.0678],[115.5553,5.1139],[115.5531,5.1395],[115.5724,5.1615],[115.5726,5.1863],[115.5769,5.1794],[115.5952,5.1833],[115.5862,5.1892],[115.587,5.2049],[115.6022,5.2197],[115.5928,5.218],[115.5927,5.2237],[115.5838,5.2133],[115.5805,5.2235],[115.5644,5.1875],[115.5505,5.1829],[115.5528,5.2045],[115.5178,5.1964],[115.5176,5.2045],[115.4968,5.2066],[115.4676,5.2328],[115.4416,5.2393],[115.4448,5.2524],[115.4642,5.262],[115.4735,5.2726],[115.4712,5.2803],[115.4773,5.2822],[115.4857,5.38],[115.4922,5.3865],[115.4986,5.3821],[115.5086,5.39],[115.5234,5.3896],[115.5213,5.4071],[115.5313,5.4079],[115.5289,5.4177],[115.5375,5.4279],[115.5585,5.4276],[115.5789,5.4372],[115.6061,5.4055],[115.6065,5.3963],[115.6197,5.3943],[115.6277,5.3814],[115.651,5.3986],[115.661,5.3932],[115.6627,5.4014],[115.6894,5.3818],[115.6861,5.3669],[115.694,5.3727],[115.7001,5.3669],[115.6959,5.3606],[115.7056,5.3612],[115.7087,5.3524],[115.6984,5.3498],[115.7001,5.3437],[115.7132,5.3473],[115.7155,5.3544],[115.7393,5.3493],[115.7533,5.3357],[115.7634,5.3445],[115.7785,5.3364],[115.795,5.3404],[115.7885,5.316],[115.8041,5.2989],[115.7988,5.2918],[115.8006,5.2716],[115.8059,5.2642],[115.8248,5.2645],[115.8378,5.2413],[115.8084,5.2158],[115.8013,5.1849],[115.7896,5.1651],[115.7941,5.1429],[115.7853,5.1278],[115.7894,5.1055],[115.7846,5.0898],[115.7939,5.087],[115.7937,5.0803],[115.7863,5.0573],[115.7726,5.0501]]]]}},{"type":"Feature","properties":{"c":"P.179","n":"Ranau","s":"Sabah","w":"GRS","p":"BEBAS","cand":"Jonathan bin Yasin","pct":53.4,"maj":11092,"nc":5,"tv":42298,"unc":false,"rw":"PH","rp":"PKR","rcand":"Taufik Dahlan","rpct":27.2},"geometry":{"type":"Polygon","coordinates":[[[116.855,5.9252],[116.8677,5.9067],[116.8565,5.8827],[116.8583,5.8625],[116.9604,5.8177],[116.9799,5.7943],[116.9955,5.7536],[117.0245,5.726],[117.0272,5.71],[117.0021,5.7046],[116.9854,5.6851],[116.9605,5.6882],[116.9555,5.6803],[116.9383,5.6798],[116.9223,5.67],[116.9079,5.6695],[116.9006,5.6811],[116.8948,5.6806],[116.8824,5.6633],[116.8991,5.6148],[116.8744,5.5842],[116.8701,5.5465],[116.8635,5.5422],[116.868,5.527],[116.8372,5.5261],[116.828,5.5159],[116.8368,5.5017],[116.8302,5.4837],[116.8012,5.4831],[116.795,5.4925],[116.7819,5.4916],[116.7714,5.5073],[116.7543,5.5062],[116.7538,5.5124],[116.7313,5.5167],[116.7307,5.5117],[116.7253,5.5185],[116.7144,5.5153],[116.7041,5.5224],[116.6978,5.5182],[116.6864,5.5308],[116.6742,5.526],[116.6633,5.534],[116.6644,5.5419],[116.6404,5.5402],[116.6304,5.5608],[116.6065,5.5568],[116.5574,5.5699],[116.5672,5.5813],[116.5664,5.6188],[116.5976,5.6714],[116.602,5.7341],[116.5789,5.7527],[116.6157,5.7891],[116.5982,5.8094],[116.604,5.8251],[116.5946,5.8314],[116.5892,5.8549],[116.577,5.8655],[116.5533,5.8622],[116.5155,5.8883],[116.502,5.9115],[116.478,5.9235],[116.4591,5.9252],[116.4637,5.9372],[116.5094,5.9807],[116.5056,5.9891],[116.5126,6.0104],[116.5315,6.0044],[116.573,6.0486],[116.5931,6.101],[116.5929,6.1284],[116.6045,6.149],[116.6077,6.1712],[116.6284,6.1747],[116.6961,6.2226],[116.7614,6.2323],[116.7768,6.2319],[116.7945,6.2208],[116.8073,6.2385],[116.8362,6.2458],[116.8421,6.2565],[116.8604,6.2641],[116.8654,6.2828],[116.8769,6.2819],[116.9094,6.2975],[116.9168,6.308],[116.9246,6.306],[116.9292,6.3191],[116.9361,6.3193],[116.946,6.3147],[116.952,6.3016],[116.9961,6.2787],[117.0321,6.2362],[117.052,6.2332],[117.0579,6.2239],[117.0986,6.227],[117.1095,6.2059],[117.116,6.2095],[117.1237,6.2015],[117.133,6.2041],[117.1373,6.1915],[117.1523,6.1992],[117.1512,6.182],[117.1779,6.1736],[117.1825,6.1527],[117.1776,6.1286],[117.1582,6.1329],[117.1547,6.1284],[117.1602,6.1218],[117.155,6.1179],[117.1449,6.1197],[117.1342,6.1119],[117.1255,6.1183],[117.1458,6.0887],[117.1632,6.0839],[117.1717,6.0596],[117.1584,6.0352],[117.1657,6.0238],[117.1589,6.0185],[117.1636,6.011],[117.131,5.9824],[117.1264,5.9731],[117.1325,5.9576],[117.0999,5.8969],[117.0762,5.9036],[117.0691,5.9144],[117.0596,5.9101],[117.0522,5.9167],[117.0184,5.9223],[117.0205,5.9416],[117.0062,5.9519],[116.9998,5.9767],[116.9916,5.9822],[116.9931,5.9958],[116.9742,6.0047],[116.8873,5.9533],[116.855,5.9252]]]}},{"type":"Feature","properties":{"c":"P.180","n":"Keningau","s":"Sabah","w":"GRS","p":"STAR","cand":"Jeffrey Gapari Kitingan","pct":42.2,"maj":8056,"nc":4,"tv":54872,"unc":false,"rw":"PH","rp":"DAP","rcand":"Grelydia Gillod","rpct":27.5},"geometry":{"type":"Polygon","coordinates":[[[116.1707,5.332],[116.1653,5.3151],[116.1405,5.3119],[116.1349,5.2987],[116.1215,5.2948],[116.1136,5.2745],[116.1039,5.2741],[116.0902,5.2429],[116.073,5.2246],[116.0538,5.2213],[116.0396,5.2283],[116.0137,5.2113],[115.9952,5.2152],[115.9924,5.2313],[115.9833,5.2332],[116.0089,5.2438],[115.9888,5.2655],[116.0162,5.269],[116.0233,5.2763],[116.0085,5.2748],[115.9977,5.2809],[116.0035,5.2866],[115.9999,5.2925],[116.0343,5.3003],[116.0424,5.3225],[116.0351,5.3513],[116.0403,5.3678],[116.0113,5.4089],[116.0069,5.4436],[116.0235,5.4443],[116.0303,5.4591],[116.0388,5.4565],[116.0642,5.4735],[116.0761,5.5104],[116.0629,5.5232],[116.0626,5.534],[116.0767,5.5701],[116.0992,5.5783],[116.1004,5.5971],[116.1124,5.6114],[116.1795,5.627],[116.1909,5.6966],[116.2148,5.6725],[116.2326,5.6703],[116.2295,5.6779],[116.2534,5.6879],[116.2589,5.7084],[116.2784,5.7179],[116.2936,5.7482],[116.3325,5.7685],[116.3504,5.7709],[116.3347,5.7909],[116.3363,5.8278],[116.3607,5.8207],[116.3592,5.8149],[116.3756,5.8184],[116.3995,5.8435],[116.4136,5.8877],[116.4126,5.9014],[116.423,5.916],[116.478,5.9235],[116.502,5.9115],[116.5155,5.8883],[116.5533,5.8622],[116.577,5.8655],[116.5892,5.8549],[116.5946,5.8314],[116.604,5.8251],[116.5982,5.8094],[116.6157,5.7891],[116.5789,5.7527],[116.602,5.7341],[116.6023,5.7136],[116.5971,5.6677],[116.5638,5.6101],[116.5672,5.5813],[116.5564,5.5709],[116.5649,5.5652],[116.4888,5.5368],[116.4762,5.539],[116.4682,5.5313],[116.46,5.5356],[116.4327,5.5208],[116.4192,5.5244],[116.3974,5.5169],[116.3785,5.481],[116.3834,5.4651],[116.3672,5.472],[116.3613,5.4547],[116.3395,5.4669],[116.333,5.4577],[116.3,5.4649],[116.2948,5.4586],[116.2999,5.4532],[116.2743,5.4541],[116.2583,5.4249],[116.2429,5.4212],[116.2272,5.3924],[116.2067,5.3773],[116.2054,5.3572],[116.1943,5.3411],[116.1707,5.332]]]}},{"type":"Feature","properties":{"c":"P.181","n":"Tenom","s":"Sabah","w":"ALONE","p":"BEBAS","cand":"Riduan bin Rubin","pct":35.0,"maj":1108,"nc":5,"tv":28649,"unc":false,"rw":"PH","rp":"DAP","rcand":"Noorita binti Sual","rpct":31.1},"geometry":{"type":"Polygon","coordinates":[[[116.0131,4.9944],[116.0087,4.9905],[116.015,4.9878],[116.0076,4.9668],[116.0099,4.9521],[116.029,4.9417],[116.0278,4.9273],[116.0579,4.8933],[116.0694,4.8889],[116.0723,4.873],[116.0845,4.8641],[116.0981,4.8222],[116.1232,4.8069],[116.1389,4.779],[116.1301,4.6895],[116.1238,4.6842],[116.1176,4.6538],[116.1059,4.6464],[116.1054,4.6209],[116.0842,4.6166],[116.0684,4.5936],[116.0556,4.6099],[116.0463,4.6066],[116.0428,4.5897],[116.0309,4.5881],[116.0306,4.5609],[116.0244,4.544],[116.017,4.5404],[116.0179,4.5171],[116.0127,4.5098],[115.9647,4.5049],[115.9508,4.4755],[115.9489,4.4629],[115.9542,4.4574],[115.9461,4.4515],[115.9463,4.4391],[115.9307,4.4295],[115.9079,4.3919],[115.883,4.3917],[115.8741,4.4039],[115.8805,4.4107],[115.8814,4.4337],[115.8683,4.467],[115.8783,4.5006],[115.8621,4.5249],[115.8683,4.5828],[115.8443,4.598],[115.8254,4.6295],[115.8419,4.6566],[115.8378,4.6681],[115.8434,4.6998],[115.8422,4.7098],[115.8257,4.7101],[115.8198,4.7197],[115.8232,4.7487],[115.8297,4.7499],[115.8391,4.7683],[115.8294,4.7985],[115.8325,4.8106],[115.8484,4.8094],[115.8537,4.8271],[115.8481,4.834],[115.854,4.8548],[115.8493,4.8613],[115.8198,4.8722],[115.8185,4.8987],[115.8282,4.9189],[115.8416,4.9967],[115.8274,4.9935],[115.8152,5.0052],[115.8236,5.0319],[115.8072,5.0349],[115.8036,5.0465],[115.7858,5.0493],[115.7768,5.0432],[115.773,5.0533],[115.7863,5.0573],[115.7937,5.0803],[115.7939,5.087],[115.7846,5.0898],[115.7894,5.1055],[115.7853,5.1278],[115.7941,5.1429],[115.7896,5.1651],[115.8013,5.1849],[115.8084,5.2158],[115.8372,5.2376],[115.8374,5.2461],[115.8507,5.257],[115.8513,5.2769],[115.8615,5.2906],[115.887,5.301],[115.92,5.2859],[115.9266,5.2895],[115.9401,5.3123],[115.9449,5.3609],[115.9827,5.3688],[115.9982,5.3944],[115.9926,5.4376],[116.0058,5.4474],[116.0113,5.4089],[116.0403,5.3678],[116.0351,5.3513],[116.0424,5.3225],[116.0343,5.3003],[115.9999,5.2925],[116.0035,5.2866],[115.9977,5.2809],[116.0085,5.2748],[116.0233,5.2763],[116.0162,5.269],[115.9888,5.2655],[116.0089,5.2438],[115.9828,5.2341],[115.9924,5.2313],[115.9952,5.2152],[116.0137,5.2113],[116.0382,5.228],[116.0538,5.2213],[116.0459,5.2091],[116.0486,5.1906],[116.042,5.1815],[116.0463,5.1752],[116.0436,5.1445],[116.0366,5.1326],[116.0419,5.127],[116.0401,5.1126],[116.0317,5.1028],[116.0379,5.0975],[116.0304,5.0896],[116.0266,5.0449],[116.016,5.0247],[116.0131,4.9944]]]}},{"type":"Feature","properties":{"c":"P.182","n":"Pensiangan","s":"Sabah","w":"BN","p":"PBRS","cand":"Arthur Joseph Kurup","pct":52.9,"maj":5412,"nc":5,"tv":37110,"unc":false,"rw":"PH","rp":"PKR","rcand":"Sangkar bin Rasam","rpct":38.3},"geometry":{"type":"Polygon","coordinates":[[[116.4786,5.1132],[116.4886,5.0939],[116.5109,5.0892],[116.5312,5.0541],[116.5456,5.053],[116.5421,5.0082],[116.5483,5.01],[116.5539,4.9999],[116.5415,4.9794],[116.5239,4.9656],[116.5334,4.9105],[116.5246,4.8889],[116.5566,4.8081],[116.5714,4.8035],[116.5754,4.7915],[116.5949,4.7864],[116.5793,4.7463],[116.6207,4.7303],[116.645,4.7758],[116.6631,4.7788],[116.6846,4.7997],[116.7412,4.7965],[116.7594,4.7819],[116.7669,4.7835],[116.7705,4.8068],[116.7919,4.7999],[116.8015,4.7861],[116.8016,4.7687],[116.8277,4.745],[116.8388,4.7207],[116.868,4.7112],[116.8781,4.6808],[116.8674,4.6495],[116.8756,4.5901],[116.917,4.5804],[116.946,4.5858],[116.9892,4.5802],[117.0253,4.54],[117.0568,4.5425],[117.0855,4.5685],[117.1206,4.5664],[117.1422,4.5467],[117.1168,4.5359],[117.0929,4.5368],[117.0619,4.4958],[117.0521,4.4693],[117.0259,4.4391],[117.0443,4.4172],[117.0434,4.4045],[117.0224,4.3814],[117.0078,4.375],[116.9829,4.3796],[116.9692,4.3643],[116.9409,4.3534],[116.9205,4.3657],[116.9033,4.3651],[116.8854,4.348],[116.86,4.3363],[116.8484,4.3376],[116.8419,4.3266],[116.8254,4.3332],[116.8115,4.349],[116.7915,4.337],[116.7712,4.3721],[116.7526,4.387],[116.7404,4.3789],[116.7316,4.3497],[116.6999,4.3323],[116.6777,4.3378],[116.6653,4.3507],[116.6503,4.3409],[116.6515,4.3357],[116.6184,4.336],[116.6107,4.3773],[116.5854,4.3731],[116.5647,4.4075],[116.5626,4.3905],[116.5341,4.3716],[116.5279,4.3458],[116.5396,4.334],[116.5363,4.3199],[116.5237,4.3266],[116.5048,4.3256],[116.488,4.3355],[116.4762,4.3017],[116.4418,4.2893],[116.4265,4.3066],[116.428,4.3312],[116.416,4.3351],[116.4027,4.3581],[116.394,4.3626],[116.3863,4.3575],[116.3795,4.3736],[116.3541,4.3894],[116.3243,4.3847],[116.3063,4.3694],[116.2913,4.3729],[116.2772,4.3596],[116.261,4.3615],[116.2519,4.3764],[116.2209,4.3823],[116.2024,4.3719],[116.1887,4.3821],[116.1746,4.3798],[116.1685,4.3907],[116.1601,4.376],[116.1547,4.3393],[116.1322,4.3291],[116.1109,4.3352],[116.1077,4.32],[116.0909,4.302],[116.0874,4.3058],[116.0808,4.2739],[116.0684,4.2736],[116.0537,4.2857],[116.0481,4.2821],[116.0496,4.2937],[116.0435,4.289],[116.0317,4.2923],[116.0327,4.3212],[116.0258,4.3335],[116.0051,4.3362],[116.0009,4.3484],[115.9788,4.349],[115.9695,4.3564],[115.9625,4.3507],[115.9575,4.3597],[115.9306,4.3539],[115.9166,4.3627],[115.9157,4.3802],[115.9024,4.3928],[115.9115,4.3955],[115.9307,4.4295],[115.9463,4.4391],[115.9461,4.4515],[115.9542,4.4574],[115.9489,4.4629],[115.9508,4.4755],[115.9647,4.5049],[116.0127,4.5098],[116.0179,4.5171],[116.017,4.5404],[116.0244,4.544],[116.0306,4.5609],[116.0322,4.5904],[116.0428,4.5897],[116.0463,4.6066],[116.0556,4.6099],[116.0684,4.5936],[116.0842,4.6166],[116.1054,4.6209],[116.1059,4.6464],[116.1176,4.6538],[116.1343,4.7146],[116.1389,4.779],[116.1232,4.8069],[116.0981,4.8222],[116.0845,4.8641],[116.0723,4.873],[116.0694,4.8889],[116.0451,4.9059],[116.0454,4.9127],[116.0402,4.9112],[116.0271,4.9287],[116.029,4.9417],[116.0099,4.9521],[116.0126,4.9603],[116.0076,4.9653],[116.015,4.9868],[116.0089,4.9931],[116.0173,4.9986],[116.016,5.0247],[116.0266,5.0449],[116.0304,5.0896],[116.0379,5.0975],[116.0317,5.1028],[116.0401,5.1126],[116.0419,5.127],[116.0366,5.1326],[116.0436,5.1445],[116.042,5.1815],[116.0484,5.1894],[116.0496,5.2166],[116.0824,5.2336],[116.1039,5.2741],[116.1136,5.2745],[116.1215,5.2948],[116.1349,5.2987],[116.1405,5.3119],[116.1653,5.3151],[116.1719,5.3359],[116.18,5.333],[116.1804,5.3381],[116.1943,5.3411],[116.2054,5.3572],[116.2067,5.3773],[116.2272,5.3924],[116.2429,5.4212],[116.2583,5.4249],[116.2743,5.4541],[116.2999,5.4532],[116.2948,5.4586],[116.3,5.4649],[116.333,5.4577],[116.3395,5.4669],[116.3613,5.4547],[116.3672,5.472],[116.3834,5.4651],[116.3785,5.481],[116.3974,5.5169],[116.4192,5.5244],[116.4327,5.5208],[116.46,5.5356],[116.4682,5.5313],[116.4762,5.539],[116.4911,5.5375],[116.5217,5.5525],[116.5511,5.556],[116.5644,5.5684],[116.6065,5.5568],[116.6304,5.5608],[116.6404,5.5402],[116.6644,5.5419],[116.6633,5.534],[116.6725,5.5277],[116.6677,5.5039],[116.6522,5.4871],[116.6581,5.4708],[116.6518,5.4642],[116.6784,5.4459],[116.6782,5.4315],[116.6403,5.4194],[116.6206,5.4279],[116.5902,5.4233],[116.596,5.4108],[116.5907,5.3608],[116.5741,5.3575],[116.5681,5.3466],[116.5819,5.3158],[116.5948,5.3041],[116.592,5.2945],[116.5869,5.2896],[116.5482,5.2874],[116.5481,5.2743],[116.5347,5.2729],[116.5358,5.2628],[116.5264,5.256],[116.5076,5.2595],[116.496,5.2395],[116.4886,5.2409],[116.4814,5.2172],[116.4526,5.2097],[116.4502,5.2025],[116.4698,5.1663],[116.4702,5.1358],[116.4786,5.1132]]]}},{"type":"Feature","properties":{"c":"P.183","n":"Beluran","s":"Sabah","w":"PN","p":"BERSATU","cand":"Ronald Kiandee","pct":38.5,"maj":1594,"nc":5,"tv":29334,"unc":false,"rw":"BN","rp":"UMNO","rcand":"Benedict Asmat","rpct":33.1},"geometry":{"type":"MultiPolygon","coordinates":[[[[117.5301,5.6925],[117.4762,5.7025],[117.4191,5.7025],[117.3572,5.6766],[117.3561,5.6655],[117.3633,5.6559],[117.3778,5.6535],[117.3833,5.6445],[117.3766,5.6411],[117.3881,5.6237],[117.3542,5.6065],[117.3373,5.6089],[117.3374,5.6028],[117.3197,5.6089],[117.3198,5.5951],[117.3026,5.5885],[117.3023,5.5612],[117.3083,5.5547],[117.2932,5.5553],[117.2888,5.5371],[117.28,5.5392],[117.2633,5.5192],[117.2425,5.5246],[117.2249,5.5213],[117.2157,5.5318],[117.1909,5.5261],[117.1644,5.5295],[117.1522,5.5375],[117.1116,5.527],[117.0915,5.5374],[117.0858,5.5515],[117.0903,5.5726],[117.0519,5.5733],[117.0497,5.5654],[117.0485,5.5723],[117.0133,5.5752],[116.9999,5.588],[116.979,5.5809],[116.9621,5.5847],[116.956,5.6028],[116.9423,5.6161],[116.8978,5.6247],[116.884,5.6538],[116.8827,5.6654],[116.8951,5.6807],[116.9151,5.6691],[116.9383,5.6798],[116.9555,5.6803],[116.9605,5.6882],[116.9854,5.6851],[117.0021,5.7046],[117.0238,5.7074],[117.0277,5.7162],[116.9955,5.7536],[116.9799,5.7943],[116.9604,5.8177],[116.8583,5.8625],[116.8565,5.8827],[116.8677,5.9067],[116.855,5.9252],[116.8873,5.9533],[116.9742,6.0047],[116.9931,5.9958],[116.9916,5.9822],[116.9998,5.9767],[117.0062,5.9519],[117.0205,5.9416],[117.0184,5.9223],[117.0522,5.9167],[117.0596,5.9101],[117.0691,5.9144],[117.0762,5.9036],[117.0999,5.8969],[117.1325,5.9576],[117.1264,5.9731],[117.131,5.9824],[117.1636,6.011],[117.1589,6.0185],[117.1657,6.0238],[117.1584,6.0352],[117.1717,6.0596],[117.1632,6.0839],[117.1458,6.0887],[117.1255,6.1183],[117.1342,6.1119],[117.1449,6.1197],[117.155,6.1179],[117.1602,6.1218],[117.1547,6.1284],[117.1582,6.1329],[117.1776,6.1286],[117.1767,6.1425],[117.1823,6.1483],[117.1779,6.1736],[117.1512,6.182],[117.1523,6.1992],[117.1373,6.1915],[117.133,6.2041],[117.1237,6.2015],[117.116,6.2095],[117.1095,6.2059],[117.0986,6.227],[117.0579,6.2239],[117.052,6.2332],[117.0321,6.2362],[117.0015,6.274],[116.952,6.3016],[116.9469,6.3127],[116.9597,6.3109],[116.9566,6.3204],[116.9742,6.3363],[116.9867,6.3371],[116.9994,6.3533],[117.0087,6.3446],[117.0276,6.343],[117.0687,6.3651],[117.0894,6.3572],[117.094,6.3607],[117.1029,6.3871],[117.0861,6.4005],[117.0787,6.4294],[117.0933,6.4647],[117.0845,6.4718],[117.0828,6.4882],[117.1075,6.4891],[117.0963,6.5141],[117.1005,6.5392],[117.1271,6.5317],[117.124,6.5399],[117.1317,6.5433],[117.1311,6.5518],[117.151,6.5565],[117.159,6.5646],[117.1942,6.5516],[117.206,6.5533],[117.219,6.5681],[117.243,6.5808],[117.269,6.5765],[117.2739,6.5896],[117.2828,6.5904],[117.2683,6.6003],[117.269,6.6071],[117.3001,6.6062],[117.303,6.6129],[117.3125,6.6083],[117.3223,6.6213],[117.3333,6.6065],[117.3539,6.6193],[117.3617,6.6074],[117.3774,6.6104],[117.3896,6.5969],[117.3962,6.5987],[117.3974,6.5765],[117.4125,6.5592],[117.4239,6.5612],[117.4296,6.5553],[117.4594,6.5602],[117.4696,6.5552],[117.5217,6.6309],[117.5255,6.5963],[117.5433,6.5657],[117.5431,6.5562],[117.5585,6.5519],[117.5514,6.5364],[117.5576,6.5384],[117.583,6.5196],[117.6041,6.513],[117.6022,6.5074],[117.6313,6.5112],[117.6425,6.4988],[117.6587,6.4992],[117.6647,6.4839],[117.6849,6.4682],[117.6923,6.4713],[117.7108,6.4516],[117.7307,6.4417],[117.7416,6.4262],[117.7328,6.39],[117.7237,6.3902],[117.7186,6.3521],[117.732,6.3033],[117.7265,6.2937],[117.731,6.28],[117.7152,6.2642],[117.7229,6.249],[117.7069,6.2298],[117.6659,6.2443],[117.6336,6.2314],[117.6318,6.2177],[117.6067,6.2054],[117.5826,6.1776],[117.607,6.1645],[117.6148,6.1332],[117.6346,6.1171],[117.6292,6.108],[117.6095,6.1024],[117.6367,6.1056],[117.6587,6.066],[117.6536,6.0527],[117.644,6.0544],[117.6249,6.0335],[117.6245,6.0089],[117.6315,6.0083],[117.6395,6.0253],[117.6468,6.0239],[117.6581,6.0054],[117.6786,5.9987],[117.6817,5.9681],[117.6583,5.9558],[117.6476,5.9392],[117.6332,5.9372],[117.6389,5.9335],[117.6282,5.9217],[117.5972,5.9191],[117.584,5.9249],[117.5037,5.8891],[117.5073,5.8826],[117.5949,5.9058],[117.6236,5.8966],[117.6151,5.8899],[117.616,5.8775],[117.6077,5.8742],[117.612,5.8612],[117.6222,5.8599],[117.6195,5.8496],[117.628,5.8421],[117.6266,5.8132],[117.6614,5.7956],[117.6338,5.7849],[117.6415,5.7586],[117.6574,5.7593],[117.6633,5.7442],[117.6824,5.7455],[117.6929,5.736],[117.6843,5.7349],[117.6874,5.7239],[117.6794,5.7171],[117.622,5.7172],[117.5969,5.7003],[117.5301,5.6925]]],[[[117.4751,6.7536],[117.4767,6.7373],[117.5099,6.6918],[117.5106,6.6699],[117.4893,6.6472],[117.4401,6.6339],[117.4328,6.6238],[117.3997,6.6183],[117.3819,6.6319],[117.347,6.6362],[117.3257,6.656],[117.329,6.6703],[117.3416,6.6782],[117.368,6.6823],[117.4066,6.6737],[117.4357,6.6913],[117.4248,6.7053],[117.3935,6.7136],[117.3864,6.7325],[117.3932,6.7439],[117.4173,6.7543],[117.447,6.7467],[117.4694,6.757],[117.4751,6.7536]]],[[[117.65,5.9262],[117.6533,5.9207],[117.6361,5.9199],[117.6434,5.9302],[117.6521,5.9312],[117.65,5.9262]]],[[[117.6834,5.9453],[117.6851,5.9563],[117.6984,5.9579],[117.6914,5.946],[117.6834,5.9453]]],[[[117.7162,6.0357],[117.725,6.0306],[117.7183,6.016],[117.7091,6.018],[117.7176,5.9978],[117.7155,5.9833],[117.6966,5.9611],[117.6829,5.9551],[117.6779,5.9419],[117.664,5.941],[117.6678,5.9546],[117.6875,5.9658],[117.6908,6.011],[117.7022,6.0202],[117.693,6.0382],[117.6968,6.0496],[117.7018,6.0337],[117.7162,6.0357]]],[[[117.6393,6.2151],[117.6439,6.2298],[117.657,6.2301],[117.6501,6.2083],[117.6449,6.2058],[117.6393,6.2151]]],[[[117.7238,6.2302],[117.7246,6.2711],[117.7306,6.2527],[117.7281,6.2279],[117.7238,6.2255],[117.7238,6.2302]]]]}},{"type":"Feature","properties":{"c":"P.184","n":"Libaran","s":"Sabah","w":"BN","p":"UMNO","cand":"Suhaimi bin Nasir","pct":51.6,"maj":12618,"nc":6,"tv":44531,"unc":false,"rw":"PH","rp":"UPKO","rcand":"Peter Jr Naintin","rpct":23.2},"geometry":{"type":"MultiPolygon","coordinates":[[[[118.0571,5.867],[118.0485,5.8713],[118.0438,5.8625],[118.0298,5.8663],[118.0202,5.8602],[118.0112,5.834],[118.0015,5.837],[117.9998,5.8439],[117.993,5.8421],[117.9993,5.8511],[117.9957,5.8622],[117.9843,5.8552],[117.9438,5.8695],[117.9142,5.8674],[117.9114,5.8174],[117.892,5.8168],[117.8915,5.8001],[117.8623,5.7937],[117.8588,5.7813],[117.8475,5.7871],[117.8309,5.7695],[117.7965,5.7613],[117.7925,5.7528],[117.8084,5.7195],[117.7842,5.7061],[117.7747,5.7095],[117.7729,5.7029],[117.751,5.7083],[117.7212,5.6973],[117.6868,5.714],[117.6843,5.7349],[117.6929,5.736],[117.6866,5.7441],[117.6633,5.7442],[117.6597,5.7579],[117.6415,5.7586],[117.6338,5.7849],[117.6614,5.7956],[117.6266,5.8132],[117.628,5.8421],[117.6195,5.8496],[117.6222,5.8599],[117.612,5.8612],[117.6077,5.8742],[117.616,5.8775],[117.6202,5.8952],[117.6739,5.9088],[117.712,5.897],[117.766,5.9042],[117.7705,5.9106],[117.7569,5.9274],[117.7599,5.9399],[117.8387,5.9363],[117.887,5.9464],[117.9058,5.9669],[117.8981,5.9785],[117.9089,5.9949],[117.9521,6.0198],[117.9559,6.0314],[117.9679,6.0357],[117.9741,6.047],[117.9704,6.0555],[117.9819,6.0616],[117.9824,6.0686],[117.9909,6.0614],[118.011,6.059],[118.0138,6.0262],[118.0462,6.035],[118.0347,6.0011],[118.0691,5.9596],[118.0691,5.952],[118.0533,5.94],[118.0535,5.9274],[118.0435,5.9295],[118.082,5.9038],[118.097,5.9093],[118.1009,5.9048],[118.0919,5.8994],[118.099,5.8825],[118.0846,5.8716],[118.0681,5.8703],[118.0655,5.8638],[118.0571,5.867]]],[[[118.014,6.1138],[118.0214,6.1233],[118.0319,6.12],[118.0201,6.109],[118.01,6.113],[118.014,6.1138]]],[[[118.1151,5.9209],[118.1038,5.9135],[118.101,5.9235],[118.1087,5.9276],[118.1151,5.9209]]]]}},{"type":"Feature","properties":{"c":"P.185","n":"Batu Sapi","s":"Sabah","w":"GRS","p":"BEBAS","cand":"Khairul Firdaus Akbar Khan","pct":44.9,"maj":4821,"nc":5,"tv":27037,"unc":false,"rw":"PH","rp":"DAP","rcand":"Liau Fui Fui","rpct":27.1},"geometry":{"type":"MultiPolygon","coordinates":[[[[117.7159,5.6995],[117.7354,5.6985],[117.751,5.7083],[117.7729,5.7029],[117.7747,5.7095],[117.7842,5.7061],[117.8084,5.7195],[117.7925,5.7528],[117.7965,5.7613],[117.8309,5.7695],[117.8475,5.7871],[117.8588,5.7813],[117.8623,5.7937],[117.8915,5.8001],[117.892,5.8168],[117.9114,5.8174],[117.9142,5.8674],[117.9438,5.8695],[117.9843,5.8552],[117.9957,5.8622],[117.9993,5.8511],[117.993,5.8421],[117.9998,5.8439],[118.0015,5.837],[118.0112,5.834],[118.017,5.8575],[118.0298,5.8663],[118.0438,5.8625],[118.0485,5.8713],[118.063,5.8591],[118.0607,5.8549],[118.0721,5.8559],[118.0631,5.8415],[118.0658,5.8371],[118.081,5.8567],[118.0838,5.8477],[118.085,5.8551],[118.0949,5.8554],[118.0996,5.8452],[118.0951,5.8421],[118.1104,5.8445],[118.1106,5.8381],[118.1171,5.8375],[118.0845,5.828],[118.0827,5.8083],[118.0568,5.8078],[118.0301,5.7899],[118.0191,5.7905],[118.0085,5.8001],[118.0082,5.8285],[118.002,5.8091],[117.9927,5.8047],[117.9665,5.8041],[117.9644,5.8128],[117.956,5.8053],[117.9518,5.8137],[117.9512,5.8052],[117.961,5.796],[117.9418,5.7937],[117.9172,5.8013],[117.909,5.7939],[117.8932,5.794],[117.9095,5.7736],[117.8954,5.7681],[117.894,5.7576],[117.913,5.757],[117.9007,5.7461],[117.9156,5.737],[117.9467,5.7332],[117.9498,5.7251],[117.9188,5.7114],[117.9389,5.7132],[117.9367,5.6984],[117.9215,5.6931],[117.9355,5.6962],[117.9386,5.6871],[117.9457,5.6923],[117.9547,5.6894],[117.9324,5.6756],[117.9422,5.6735],[117.9423,5.6669],[117.9224,5.6553],[117.9422,5.6647],[117.9497,5.6519],[117.9389,5.6473],[117.9462,5.6479],[117.9538,5.6541],[117.9449,5.664],[117.9525,5.6793],[117.9624,5.6791],[117.9656,5.673],[117.9567,5.6549],[117.9666,5.6708],[117.9642,5.6806],[117.9898,5.681],[117.9654,5.6475],[117.9654,5.6404],[117.9722,5.6377],[117.9715,5.6235],[117.9696,5.6151],[117.9613,5.6117],[117.9437,5.6081],[117.9345,5.6125],[117.9483,5.6356],[117.9384,5.6352],[117.9321,5.644],[117.928,5.6404],[117.9049,5.6545],[117.845,5.6039],[117.8295,5.6051],[117.8221,5.6136],[117.8298,5.6539],[117.8168,5.686],[117.7913,5.6693],[117.7634,5.681],[117.7111,5.6763],[117.7148,5.6846],[117.7073,5.6895],[117.7159,5.6995]]],[[[117.9199,5.7688],[117.895,5.7576],[117.899,5.7675],[117.9154,5.7734],[117.9199,5.7688]]],[[[117.9436,5.7898],[117.9796,5.7882],[117.9865,5.7807],[117.9907,5.7853],[117.9896,5.7788],[118.0059,5.776],[118.0026,5.7669],[118.0158,5.7739],[118.0149,5.7549],[118.0018,5.7423],[117.971,5.7426],[117.9478,5.7764],[117.9231,5.7779],[117.9148,5.7829],[117.9177,5.7902],[117.9106,5.7916],[117.9168,5.7987],[117.9436,5.7898]]]]}},{"type":"Feature","properties":{"c":"P.186","n":"Sandakan","s":"Sabah","w":"PH","p":"DAP","cand":"Vivian Wong Shir Yee","pct":53.9,"maj":11031,"nc":6,"tv":30919,"unc":false,"rw":"ALONE","rp":"WARISAN","rcand":"Alex Thien","rpct":18.2},"geometry":{"type":"MultiPolygon","coordinates":[[[[118.1204,5.8659],[118.1334,5.8532],[118.1221,5.8389],[118.1106,5.8381],[118.1104,5.8445],[118.0951,5.8421],[118.0996,5.8452],[118.0949,5.8554],[118.085,5.8551],[118.0838,5.8477],[118.081,5.8567],[118.0685,5.8465],[118.0679,5.8364],[118.0631,5.8415],[118.0721,5.8559],[118.0607,5.8549],[118.063,5.8591],[118.055,5.8652],[118.0655,5.8638],[118.0681,5.8703],[118.0846,5.8716],[118.0938,5.8795],[118.1204,5.8659]]],[[[118.1454,5.8784],[118.1499,5.866],[118.1429,5.8554],[118.1376,5.8754],[118.1412,5.8877],[118.1454,5.8784]]]]}},{"type":"Feature","properties":{"c":"P.187","n":"Kinabatangan","s":"Sabah","w":"BN","p":"UMNO","cand":"Bung Moktar bin Radin","pct":57.4,"maj":4330,"nc":2,"tv":29354,"unc":false,"rw":"ALONE","rp":"WARISAN","rcand":"Mazliwati binti Abdul Malek","rpct":42.6},"geometry":{"type":"MultiPolygon","coordinates":[[[[117.753,5.1902],[117.7228,5.1772],[117.7027,5.1489],[117.701,5.1255],[117.6862,5.1054],[117.6877,5.0762],[117.6714,5.0271],[117.6061,5.0083],[117.5956,5.001],[117.5985,4.9811],[117.5753,4.9645],[117.5111,4.9388],[117.5065,4.9264],[117.5217,4.8971],[117.5185,4.8725],[117.5009,4.8526],[117.4786,4.8415],[117.4675,4.7903],[117.4673,4.7784],[117.4863,4.7435],[117.4869,4.716],[117.4765,4.7119],[117.4581,4.6805],[117.4591,4.6726],[117.4486,4.6631],[117.4502,4.6225],[117.4428,4.6137],[117.4325,4.6194],[117.3921,4.6101],[117.3246,4.6345],[117.306,4.6643],[117.306,4.6834],[117.2934,4.7036],[117.2819,4.7046],[117.2782,4.7119],[117.2777,4.7286],[117.2712,4.7165],[117.2127,4.6864],[117.1854,4.6873],[117.1796,4.6792],[117.169,4.6901],[117.1569,4.6912],[117.1508,4.7011],[117.1189,4.6946],[117.1104,4.7028],[117.0938,4.7046],[117.0864,4.7014],[117.076,4.6806],[117.0737,4.6564],[117.0501,4.635],[117.0462,4.6239],[117.0595,4.5987],[117.0838,4.6017],[117.0889,4.588],[117.1034,4.5791],[117.0949,4.5779],[117.0955,4.5669],[117.0825,4.5678],[117.0597,4.5444],[117.0439,4.5375],[117.024,4.5405],[116.9892,4.5802],[116.946,4.5858],[116.917,4.5804],[116.8756,4.5901],[116.8674,4.6495],[116.8781,4.6808],[116.868,4.7112],[116.8388,4.7207],[116.8277,4.745],[116.8016,4.7687],[116.8015,4.7861],[116.7919,4.7999],[116.7705,4.8068],[116.7669,4.7835],[116.7594,4.7819],[116.7412,4.7965],[116.6846,4.7997],[116.6631,4.7788],[116.645,4.7758],[116.6207,4.7303],[116.5793,4.7463],[116.5949,4.7864],[116.5754,4.7915],[116.5714,4.8035],[116.5566,4.8081],[116.5246,4.8889],[116.5334,4.9105],[116.5239,4.9656],[116.5415,4.9794],[116.5539,4.9999],[116.5483,5.01],[116.5421,5.0082],[116.5456,5.053],[116.5312,5.0541],[116.5109,5.0892],[116.4886,5.0939],[116.4702,5.1358],[116.4698,5.1663],[116.4502,5.2025],[116.4553,5.2127],[116.4814,5.2172],[116.4877,5.2397],[116.496,5.2395],[116.5076,5.2595],[116.5264,5.256],[116.5358,5.2628],[116.5347,5.2729],[116.5481,5.2743],[116.5482,5.2874],[116.5869,5.2896],[116.592,5.2945],[116.5948,5.3041],[116.5819,5.3158],[116.5681,5.3466],[116.5741,5.3575],[116.5907,5.3608],[116.596,5.4108],[116.5892,5.4207],[116.6206,5.4279],[116.6403,5.4194],[116.6771,5.4286],[116.6784,5.4459],[116.6518,5.4642],[116.6581,5.4708],[116.6522,5.4871],[116.6677,5.5039],[116.6725,5.5277],[116.6864,5.5308],[116.6978,5.5182],[116.7041,5.5224],[116.7144,5.5153],[116.7253,5.5185],[116.7307,5.5117],[116.7313,5.5167],[116.7538,5.5124],[116.7543,5.5062],[116.7714,5.5073],[116.7819,5.4916],[116.795,5.4925],[116.8012,5.4831],[116.8326,5.4847],[116.8368,5.5017],[116.828,5.5159],[116.8372,5.5261],[116.868,5.527],[116.8635,5.5422],[116.8701,5.5465],[116.8707,5.5725],[116.8991,5.6148],[116.8978,5.6247],[116.9423,5.6161],[116.956,5.6028],[116.9621,5.5847],[116.9753,5.5809],[116.9999,5.588],[117.0133,5.5752],[117.0485,5.5723],[117.0497,5.5654],[117.0519,5.5733],[117.0884,5.5736],[117.0858,5.5515],[117.0915,5.5374],[117.1141,5.5262],[117.1522,5.5375],[117.1644,5.5295],[117.1909,5.5261],[117.2157,5.5318],[117.2249,5.5213],[117.2425,5.5246],[117.2633,5.5192],[117.28,5.5392],[117.2888,5.5371],[117.2932,5.5553],[117.3083,5.5547],[117.3023,5.5612],[117.3026,5.5885],[117.3198,5.5951],[117.3197,5.6089],[117.3374,5.6028],[117.3373,5.6089],[117.3542,5.6065],[117.3881,5.6237],[117.3766,5.6411],[117.3833,5.6445],[117.3778,5.6535],[117.3633,5.6559],[117.3561,5.6655],[117.3572,5.6766],[117.4191,5.7025],[117.4762,5.7025],[117.544,5.6917],[117.5969,5.7003],[117.622,5.7172],[117.6794,5.7171],[117.6874,5.7239],[117.6868,5.714],[117.7131,5.6997],[117.7073,5.6895],[117.7148,5.6846],[117.7111,5.6763],[117.7634,5.681],[117.7913,5.6693],[117.8168,5.686],[117.8298,5.6539],[117.8221,5.6136],[117.8295,5.6051],[117.845,5.6039],[117.9049,5.6545],[117.928,5.6404],[117.9321,5.644],[117.9384,5.6352],[117.9483,5.6356],[117.9339,5.6148],[117.9512,5.6088],[117.9696,5.6151],[117.9722,5.6377],[117.9654,5.6404],[117.9654,5.6475],[117.9898,5.681],[118.0001,5.6824],[118.0079,5.6936],[118.0215,5.6946],[118.0318,5.7104],[118.0577,5.7217],[118.0675,5.7208],[118.0651,5.7029],[118.0765,5.7004],[118.0794,5.6921],[118.0966,5.7065],[118.1124,5.7058],[118.1237,5.6645],[118.1301,5.6646],[118.1247,5.6735],[118.135,5.6821],[118.1516,5.6792],[118.1437,5.684],[118.1481,5.6991],[118.1342,5.7088],[118.1263,5.7268],[118.1347,5.7417],[118.1461,5.7391],[118.1617,5.7481],[118.1862,5.7455],[118.184,5.7405],[118.2024,5.7424],[118.1648,5.7503],[118.1543,5.7674],[118.1652,5.7781],[118.1724,5.7752],[118.1743,5.7835],[118.1601,5.778],[118.1459,5.797],[118.157,5.8054],[118.1833,5.8071],[118.1954,5.8173],[118.2156,5.819],[118.2375,5.8417],[118.2685,5.8291],[118.2737,5.8132],[118.282,5.8218],[118.3277,5.8163],[118.3317,5.8082],[118.3048,5.8002],[118.3026,5.7861],[118.3084,5.7833],[118.3084,5.7986],[118.331,5.8024],[118.3483,5.775],[118.3461,5.789],[118.3573,5.7989],[118.3474,5.804],[118.3451,5.8213],[118.3477,5.8277],[118.3531,5.8262],[118.389,5.7939],[118.4682,5.7561],[118.4813,5.7405],[118.5794,5.6817],[118.6057,5.6451],[118.5845,5.6266],[118.5699,5.6285],[118.5735,5.5875],[118.5643,5.5694],[118.5538,5.5716],[118.5473,5.5423],[118.5516,5.5357],[118.5249,5.5294],[118.5389,5.5321],[118.5425,5.5205],[118.5523,5.5249],[118.5546,5.5196],[118.5457,5.5146],[118.5586,5.5184],[118.5646,5.5137],[118.5592,5.5213],[118.5644,5.5446],[118.5861,5.5633],[118.5849,5.5909],[118.5925,5.5998],[118.5864,5.598],[118.5929,5.6216],[118.62,5.6424],[118.6348,5.6428],[118.6578,5.6252],[118.7023,5.5699],[118.7558,5.5295],[118.7572,5.5343],[118.773,5.5304],[118.7976,5.5094],[118.8058,5.4949],[118.7962,5.4825],[118.795,5.4524],[118.8002,5.4535],[118.8019,5.4353],[118.8119,5.4407],[118.8094,5.4538],[118.8146,5.4561],[118.8094,5.509],[118.8408,5.4879],[118.8452,5.4768],[118.9114,5.4455],[118.9354,5.417],[118.9174,5.4035],[118.8938,5.404],[118.8953,5.3958],[118.8815,5.3872],[118.8855,5.3801],[118.9038,5.3753],[118.9034,5.37],[118.9073,5.3762],[118.915,5.3692],[118.9046,5.3609],[118.9118,5.3498],[118.9042,5.3478],[118.9087,5.3432],[118.8871,5.3414],[118.8639,5.3495],[118.8568,5.3277],[118.8424,5.3236],[118.7712,5.3563],[118.7457,5.3346],[118.7121,5.3481],[118.6856,5.3207],[118.666,5.351],[118.6384,5.3388],[118.6226,5.3558],[118.6097,5.3565],[118.5963,5.3484],[118.5924,5.3346],[118.5773,5.3309],[118.5699,5.3428],[118.5517,5.3296],[118.5435,5.3407],[118.5322,5.3407],[118.5319,5.3317],[118.5127,5.3388],[118.5095,5.3272],[118.4968,5.3232],[118.5102,5.3198],[118.5119,5.311],[118.5062,5.3126],[118.4907,5.296],[118.4817,5.3031],[118.4557,5.2893],[118.4407,5.3313],[118.4287,5.3334],[118.4001,5.3219],[118.386,5.3082],[118.3539,5.3045],[118.3172,5.2728],[118.3085,5.2559],[118.2787,5.2392],[118.1575,5.2116],[117.9951,5.1819],[117.9504,5.1806],[117.8855,5.2126],[117.8568,5.2074],[117.829,5.211],[117.787,5.2397],[117.7805,5.2373],[117.7677,5.2046],[117.753,5.1902]]],[[[118.1068,5.7814],[118.1215,5.7779],[118.0928,5.7666],[118.0934,5.7836],[118.1068,5.7814]]],[[[118.2115,5.8471],[118.2306,5.8342],[118.211,5.8199],[118.1972,5.8208],[118.1757,5.8117],[118.1511,5.8229],[118.1727,5.8509],[118.2115,5.8471]]]]}},{"type":"Feature","properties":{"c":"P.188","n":"Lahad Datu","s":"Sabah","w":"ALONE","p":"WARISAN","cand":"Mohammad Yusof bin Apdal","pct":46.6,"maj":4376,"nc":3,"tv":58145,"unc":false,"rw":"BN","rp":"UMNO","rcand":"Maizatul Akmam binti Alawi","rpct":39.1},"geometry":{"type":"MultiPolygon","coordinates":[[[[118.1331,4.8436],[118.1677,4.8371],[118.1702,4.8204],[118.1892,4.8077],[118.196,4.7955],[118.1981,4.7718],[118.1932,4.7634],[118.2115,4.7376],[118.2065,4.7297],[118.2272,4.7237],[118.2254,4.7063],[118.2435,4.701],[118.2503,4.6894],[118.2565,4.692],[118.2656,4.6611],[118.3006,4.6575],[118.3044,4.6302],[118.32,4.6306],[118.3155,4.6108],[118.2782,4.5963],[118.2483,4.5591],[118.25,4.5171],[118.242,4.4997],[118.2358,4.5029],[118.2382,4.5432],[118.2125,4.5811],[118.2025,4.5859],[118.1818,4.5831],[118.1633,4.6015],[118.1519,4.5956],[118.1229,4.6013],[118.1185,4.6093],[118.1044,4.5971],[118.0966,4.6122],[118.0951,4.6074],[118.0838,4.6083],[118.051,4.6279],[118.0447,4.6157],[118.0105,4.6241],[118.0014,4.6154],[117.991,4.6179],[117.9805,4.6099],[117.9596,4.609],[117.9541,4.6459],[117.9439,4.6458],[117.9214,4.6413],[117.9138,4.6311],[117.897,4.628],[117.8803,4.6125],[117.8384,4.5938],[117.8355,4.6138],[117.8217,4.6281],[117.8162,4.6544],[117.8011,4.6579],[117.7808,4.676],[117.7799,4.7026],[117.7644,4.715],[117.7681,4.7299],[117.7452,4.7537],[117.7463,4.7596],[117.7254,4.7725],[117.7108,4.7672],[117.7004,4.7446],[117.6785,4.7393],[117.6565,4.7213],[117.6219,4.7421],[117.6122,4.7414],[117.5828,4.7197],[117.5648,4.7315],[117.5636,4.7552],[117.5388,4.779],[117.5136,4.7873],[117.4998,4.7809],[117.4675,4.7851],[117.4786,4.8415],[117.5009,4.8526],[117.5185,4.8725],[117.5217,4.8971],[117.5065,4.9264],[117.5111,4.9388],[117.5753,4.9645],[117.5985,4.9811],[117.5956,5.001],[117.6061,5.0083],[117.6714,5.0271],[117.6877,5.0762],[117.6862,5.1054],[117.701,5.1255],[117.7027,5.1489],[117.7228,5.1772],[117.753,5.1902],[117.7677,5.2046],[117.7805,5.2373],[117.787,5.2397],[117.829,5.211],[117.8568,5.2074],[117.8855,5.2126],[117.9504,5.1806],[118.0046,5.1834],[118.2787,5.2392],[118.3085,5.2559],[118.3172,5.2728],[118.3539,5.3045],[118.386,5.3082],[118.4001,5.3219],[118.4287,5.3334],[118.4407,5.3313],[118.4557,5.2893],[118.4817,5.3031],[118.4907,5.296],[118.5062,5.3126],[118.5119,5.311],[118.5102,5.3198],[118.4968,5.3232],[118.5095,5.3272],[118.5127,5.3388],[118.5319,5.3317],[118.5322,5.3407],[118.5435,5.3407],[118.5517,5.3296],[118.5699,5.3428],[118.5773,5.3309],[118.5924,5.3346],[118.5963,5.3484],[118.6097,5.3565],[118.6226,5.3558],[118.6384,5.3388],[118.666,5.351],[118.6856,5.3207],[118.7121,5.3481],[118.7457,5.3346],[118.7712,5.3563],[118.8424,5.3236],[118.8568,5.3277],[118.8639,5.3495],[118.8871,5.3414],[118.9087,5.3432],[118.9042,5.3478],[118.9118,5.3498],[118.9046,5.3609],[118.915,5.3692],[118.9131,5.3748],[118.9379,5.3787],[118.9387,5.3711],[118.9363,5.383],[118.9709,5.3797],[118.9655,5.3868],[118.9563,5.3847],[118.951,5.3906],[118.9477,5.3864],[118.9521,5.3983],[118.9451,5.4069],[118.9432,5.4304],[119.0121,5.4067],[119.0597,5.4006],[119.0965,5.4098],[119.1098,5.4365],[119.1379,5.4384],[119.1501,5.4507],[119.2102,5.4239],[119.2384,5.3922],[119.2561,5.3595],[119.2649,5.3104],[119.2561,5.2762],[119.2467,5.2628],[119.2548,5.2504],[119.25,5.2433],[119.2663,5.245],[119.2666,5.2073],[119.2464,5.1887],[119.2451,5.1786],[119.2139,5.1395],[119.165,5.1066],[119.0401,5.0605],[118.9982,5.0561],[118.9259,5.0368],[118.8903,5.0209],[118.8634,4.9954],[118.8156,4.9888],[118.7518,4.95],[118.6766,4.931],[118.6384,4.9292],[118.6184,4.9475],[118.6072,4.9444],[118.6006,4.9536],[118.5946,4.9491],[118.5727,4.9592],[118.5669,4.9535],[118.5482,4.9616],[118.5413,4.9464],[118.5148,4.9229],[118.4708,4.9233],[118.4482,4.9538],[118.4531,4.9647],[118.4444,4.9645],[118.4507,4.9799],[118.4449,4.9842],[118.4519,4.9876],[118.4276,5.0096],[118.4166,5.0086],[118.4073,5.0188],[118.404,5.0153],[118.3806,5.0254],[118.3786,5.0145],[118.3343,5.0229],[118.3241,5.0189],[118.317,4.9982],[118.3113,4.9978],[118.3087,4.989],[118.3153,4.9851],[118.3033,4.9608],[118.2913,4.9633],[118.2964,4.9692],[118.2891,4.9893],[118.2829,4.9633],[118.2583,4.9732],[118.2452,4.9698],[118.2362,4.9784],[118.2314,4.9716],[118.2387,4.9715],[118.2307,4.9633],[118.2082,4.9602],[118.2031,4.9481],[118.1956,4.9487],[118.1958,4.9418],[118.1933,4.9449],[118.1831,4.9325],[118.1946,4.9231],[118.1732,4.9085],[118.1728,4.9145],[118.1637,4.9108],[118.1569,4.8795],[118.1508,4.8881],[118.1228,4.8798],[118.1331,4.8436]]],[[[118.3772,4.806],[118.4006,4.7982],[118.4174,4.7837],[118.4036,4.7913],[118.3817,4.7828],[118.3811,4.7942],[118.3736,4.7847],[118.3726,4.7961],[118.3578,4.8069],[118.3693,4.8015],[118.3772,4.806]]],[[[118.3268,4.7989],[118.3027,4.798],[118.3105,4.8021],[118.31,4.8105],[118.3268,4.7989]]],[[[118.3418,4.9889],[118.3457,4.9761],[118.3518,4.9854],[118.3539,4.9807],[118.3592,4.9855],[118.362,4.9759],[118.3857,4.9794],[118.3255,4.9507],[118.3042,4.9523],[118.3103,4.9666],[118.3353,4.9665],[118.3228,4.9828],[118.3268,4.9895],[118.3466,4.9911],[118.3418,4.9889]]],[[[118.9363,5.3901],[118.9206,5.3773],[118.8983,5.3862],[118.9133,5.3874],[118.9204,5.3978],[118.9453,5.398],[118.9363,5.3901]]],[[[119.1463,5.4519],[119.1127,5.4385],[119.1037,5.4392],[119.1014,5.448],[119.1123,5.4612],[119.1398,5.4619],[119.1504,5.4569],[119.1463,5.4519]]]]}},{"type":"Feature","properties":{"c":"P.189","n":"Semporna","s":"Sabah","w":"ALONE","p":"WARISAN","cand":"Mohd Shafie bin Apdal","pct":73.8,"maj":20810,"nc":4,"tv":38909,"unc":false,"rw":"GRS","rp":"BEBAS","rcand":"Nixon bin Abdul Habi","rpct":20.3},"geometry":{"type":"MultiPolygon","coordinates":[[[[118.6181,4.4806],[118.6441,4.4413],[118.6178,4.418],[118.6202,4.4093],[118.6133,4.4031],[118.6042,4.4065],[118.6034,4.427],[118.5952,4.4265],[118.5912,4.4428],[118.5873,4.4277],[118.5721,4.4306],[118.5956,4.399],[118.5602,4.371],[118.5514,4.3757],[118.5546,4.3848],[118.5495,4.3806],[118.5441,4.3669],[118.5517,4.3507],[118.5265,4.3497],[118.5026,4.3617],[118.4845,4.3597],[118.4272,4.343],[118.4234,4.3318],[118.4125,4.3248],[118.4106,4.3302],[118.3902,4.3309],[118.3826,4.3459],[118.3521,4.3427],[118.3403,4.3613],[118.3128,4.3754],[118.3054,4.3921],[118.2961,4.3966],[118.2857,4.3917],[118.274,4.4116],[118.2605,4.409],[118.2503,4.4185],[118.2502,4.4329],[118.2421,4.4368],[118.243,4.4489],[118.2508,4.4541],[118.2399,4.4922],[118.2461,4.4944],[118.2416,4.5017],[118.25,4.5171],[118.2483,4.5591],[118.2782,4.5963],[118.3155,4.6108],[118.3205,4.6311],[118.3678,4.6292],[118.3691,4.6118],[118.3826,4.5897],[118.3948,4.5926],[118.4039,4.5738],[118.4159,4.5981],[118.4331,4.6013],[118.4625,4.5686],[118.474,4.5749],[118.4831,4.5695],[118.487,4.5513],[118.4763,4.5293],[118.4525,4.5204],[118.4554,4.5137],[118.4723,4.509],[118.4876,4.4859],[118.4834,4.4846],[118.4856,4.464],[118.4757,4.4612],[118.4745,4.4518],[118.4974,4.4518],[118.4952,4.4691],[118.5041,4.4723],[118.5106,4.4974],[118.5362,4.5247],[118.5915,4.5137],[118.5939,4.5089],[118.576,4.4992],[118.5711,4.4885],[118.5835,4.4869],[118.5856,4.498],[118.598,4.4828],[118.605,4.4904],[118.6181,4.4806]]],[[[118.489,4.5495],[118.4962,4.5562],[118.5056,4.5506],[118.5028,4.5145],[118.4788,4.5223],[118.4796,4.5311],[118.4908,4.5352],[118.489,4.5495]]],[[[118.5071,4.5743],[118.5104,4.5696],[118.5036,4.5672],[118.4931,4.5763],[118.5071,4.5743]]],[[[118.4656,4.6924],[118.463,4.6867],[118.4728,4.6761],[118.4897,4.6758],[118.4838,4.6689],[118.4946,4.6588],[118.4955,4.6412],[118.5069,4.6466],[118.5074,4.6606],[118.5161,4.6612],[118.5182,4.649],[118.5345,4.645],[118.5397,4.6564],[118.5449,4.6556],[118.5679,4.6384],[118.5834,4.6362],[118.5863,4.6263],[118.5647,4.6182],[118.5522,4.5885],[118.5438,4.6166],[118.5312,4.6114],[118.5325,4.5974],[118.5131,4.5969],[118.4789,4.6177],[118.4663,4.6058],[118.4478,4.6092],[118.4389,4.6289],[118.412,4.6292],[118.3698,4.6481],[118.3415,4.6452],[118.3203,4.6567],[118.3423,4.6674],[118.3709,4.6618],[118.3995,4.6664],[118.4074,4.6604],[118.4297,4.6628],[118.4334,4.6699],[118.4233,4.6827],[118.4352,4.6823],[118.4478,4.6987],[118.4604,4.6998],[118.4656,4.6924]]],[[[118.4152,4.7068],[118.432,4.6924],[118.4141,4.6893],[118.4072,4.6922],[118.4098,4.7019],[118.4014,4.6933],[118.3973,4.7008],[118.389,4.7011],[118.3979,4.7096],[118.4152,4.7068]]],[[[118.4764,4.7195],[118.4588,4.7037],[118.4467,4.7104],[118.4516,4.7215],[118.46,4.724],[118.4764,4.7195]]],[[[118.5818,4.5744],[118.5774,4.5486],[118.5631,4.5508],[118.5541,4.5487],[118.5584,4.5397],[118.5269,4.5317],[118.5201,4.5352],[118.5231,4.5422],[118.5664,4.5645],[118.5756,4.5608],[118.574,4.5751],[118.5803,4.5791],[118.5818,4.5744]]],[[[118.6082,4.5549],[118.5958,4.554],[118.6103,4.5668],[118.6133,4.56],[118.6082,4.5549]]],[[[118.6575,4.4926],[118.6804,4.4908],[118.6816,4.4814],[118.6938,4.4706],[118.7221,4.4717],[118.719,4.4642],[118.7323,4.4616],[118.7356,4.4503],[118.7402,4.4508],[118.7406,4.4642],[118.7338,4.4705],[118.7429,4.4665],[118.7422,4.4572],[118.7533,4.4562],[118.7401,4.4416],[118.7222,4.436],[118.683,4.4424],[118.6756,4.4275],[118.6432,4.4158],[118.6566,4.4437],[118.6272,4.4774],[118.6272,4.4881],[118.6391,4.4871],[118.6269,4.4958],[118.6317,4.4999],[118.6575,4.4926]]],[[[118.7934,4.6017],[118.7887,4.5871],[118.7807,4.5867],[118.7822,4.6114],[118.7934,4.6017]]],[[[118.773,4.6247],[118.7823,4.6136],[118.7741,4.6077],[118.7686,4.6161],[118.7481,4.624],[118.7442,4.6152],[118.7221,4.6032],[118.7387,4.6278],[118.7529,4.6306],[118.773,4.6247]]]]}},{"type":"Feature","properties":{"c":"P.190","n":"Tawau","s":"Sabah","w":"GRS","p":"PBS","cand":"Lo Su Fui","pct":39.2,"maj":3800,"nc":6,"tv":50687,"unc":false,"rw":"PH","rp":"PKR","rcand":"Christina Liew Chin Jin","rpct":31.7},"geometry":{"type":"Polygon","coordinates":[[[117.8956,4.2421],[117.8857,4.241],[117.8772,4.2492],[117.8958,4.2616],[117.8963,4.2716],[117.8874,4.2776],[117.8907,4.2831],[117.8929,4.2744],[117.9046,4.2747],[117.9068,4.2862],[117.9339,4.298],[117.955,4.2982],[117.9535,4.3195],[117.9371,4.351],[117.9586,4.3761],[117.9591,4.3887],[117.9353,4.4697],[117.9473,4.5018],[117.9565,4.6107],[117.9805,4.6099],[117.9868,4.617],[118.0014,4.6154],[118.0055,4.6235],[118.0238,4.6244],[118.0447,4.6157],[118.051,4.6279],[118.0838,4.6083],[118.0951,4.6074],[118.0966,4.6122],[118.1044,4.5971],[118.1185,4.6093],[118.1229,4.6013],[118.1519,4.5956],[118.1633,4.6015],[118.1818,4.5831],[118.2025,4.5859],[118.2125,4.5811],[118.2382,4.5432],[118.2358,4.5029],[118.2461,4.4944],[118.2402,4.4898],[118.2508,4.4621],[118.2421,4.4368],[118.2502,4.4329],[118.2503,4.4185],[118.2605,4.409],[118.274,4.4116],[118.2857,4.3917],[118.3018,4.3946],[118.3128,4.3754],[118.3403,4.3613],[118.3471,4.3491],[118.3388,4.3424],[118.35,4.3401],[118.3606,4.3191],[118.3516,4.3139],[118.3312,4.333],[118.3196,4.3233],[118.2999,4.3264],[118.2511,4.3179],[118.2229,4.302],[118.2267,4.2925],[118.1675,4.2974],[118.158,4.2901],[118.1129,4.2808],[118.0762,4.2546],[117.9959,4.2215],[117.9782,4.2231],[117.9669,4.2358],[117.9329,4.2485],[117.903,4.2383],[117.8956,4.2421]]]}},{"type":"Feature","properties":{"c":"P.191","n":"Kalabakan","s":"Sabah","w":"BN","p":"UMNO","cand":"Andi Muhammad Suryady bin Bandy","pct":47.7,"maj":9100,"nc":5,"tv":50030,"unc":false,"rw":"ALONE","rp":"WARISAN","rcand":"Ma'Mun bin Sulaiman","rpct":29.5},"geometry":{"type":"MultiPolygon","coordinates":[[[[117.6339,4.1887],[117.6285,4.202],[117.6446,4.1904],[117.6339,4.1887]]],[[[117.699,4.2624],[117.754,4.2574],[117.7784,4.2415],[117.7838,4.2207],[117.8146,4.1995],[117.8809,4.1861],[117.9006,4.1657],[117.6881,4.1657],[117.6724,4.1709],[117.6271,4.206],[117.6256,4.2189],[117.6728,4.2617],[117.699,4.2624]]],[[[117.8896,4.2792],[117.8958,4.2616],[117.8772,4.2492],[117.8642,4.2778],[117.8537,4.2763],[117.8618,4.2847],[117.8281,4.3076],[117.8139,4.3065],[117.8031,4.3351],[117.7864,4.3277],[117.7638,4.3328],[117.7378,4.3587],[117.7195,4.3567],[117.7099,4.3761],[117.7071,4.3721],[117.6933,4.3772],[117.6735,4.3953],[117.6785,4.4041],[117.6539,4.4088],[117.6559,4.3978],[117.6411,4.384],[117.6318,4.388],[117.6262,4.4003],[117.6029,4.3938],[117.5899,4.4005],[117.5882,4.3884],[117.5982,4.3871],[117.6015,4.3725],[117.6204,4.3621],[117.6286,4.3474],[117.6212,4.3041],[117.6136,4.3],[117.641,4.2962],[117.6578,4.2758],[117.6463,4.2743],[117.6511,4.2524],[117.6272,4.2387],[117.6074,4.2179],[117.6012,4.1952],[117.6176,4.1803],[117.6216,4.159],[117.5732,4.1808],[117.5467,4.1675],[117.5396,4.1736],[117.5264,4.1612],[117.4864,4.1774],[117.4686,4.1752],[117.4423,4.1924],[117.4383,4.2074],[117.4236,4.2223],[117.4317,4.2274],[117.4296,4.2339],[117.4175,4.2362],[117.4049,4.2549],[117.3866,4.2579],[117.3736,4.273],[117.3713,4.2858],[117.3408,4.2908],[117.3201,4.3037],[117.3118,4.3003],[117.3082,4.3092],[117.2919,4.3136],[117.2847,4.3344],[117.265,4.357],[117.2495,4.3651],[117.2476,4.3742],[117.2113,4.3605],[117.2103,4.3476],[117.201,4.3356],[117.1693,4.3348],[117.1669,4.3454],[117.1544,4.3533],[117.1421,4.3521],[117.1419,4.3431],[117.1336,4.3453],[117.1098,4.3335],[117.0424,4.3462],[117.0299,4.3389],[117.0203,4.3186],[117.007,4.3213],[117.008,4.3462],[116.9757,4.3433],[116.9658,4.3364],[116.954,4.3552],[116.9829,4.3796],[117.0078,4.375],[117.0224,4.3814],[117.0443,4.4063],[117.0443,4.4172],[117.0259,4.4391],[117.0521,4.4693],[117.0619,4.4958],[117.0929,4.5368],[117.1168,4.5359],[117.1422,4.5467],[117.1206,4.5664],[117.0955,4.5669],[117.0949,4.5779],[117.1032,4.581],[117.0889,4.588],[117.0855,4.6004],[117.0595,4.5987],[117.0473,4.6166],[117.0501,4.635],[117.0737,4.6564],[117.076,4.6806],[117.0864,4.7014],[117.1041,4.7047],[117.1276,4.6943],[117.1508,4.7011],[117.1569,4.6912],[117.169,4.6901],[117.1796,4.6792],[117.1854,4.6873],[117.2127,4.6864],[117.2712,4.7165],[117.2777,4.7286],[117.2782,4.7119],[117.2819,4.7046],[117.2934,4.7036],[117.306,4.6834],[117.306,4.6643],[117.3246,4.6345],[117.3921,4.6101],[117.4325,4.6194],[117.4428,4.6137],[117.4502,4.6225],[117.4486,4.6631],[117.4591,4.6726],[117.4581,4.6805],[117.4765,4.7119],[117.4869,4.716],[117.4863,4.7435],[117.4675,4.7851],[117.4998,4.7809],[117.5136,4.7873],[117.5388,4.779],[117.5636,4.7552],[117.5648,4.7315],[117.5828,4.7197],[117.6122,4.7414],[117.6219,4.7421],[117.6565,4.7213],[117.6785,4.7393],[117.7004,4.7446],[117.7108,4.7672],[117.7229,4.7733],[117.7463,4.7596],[117.7452,4.7537],[117.7681,4.7299],[117.7644,4.715],[117.7799,4.7026],[117.7808,4.676],[117.8011,4.6579],[117.8162,4.6544],[117.8217,4.6281],[117.8355,4.6138],[117.8384,4.5938],[117.8803,4.6125],[117.897,4.628],[117.9138,4.6311],[117.9214,4.6413],[117.9541,4.6459],[117.9511,4.5324],[117.9353,4.4697],[117.9591,4.3887],[117.9586,4.3761],[117.9371,4.351],[117.9535,4.3195],[117.955,4.2982],[117.9339,4.298],[117.9068,4.2862],[117.9046,4.2747],[117.8929,4.2744],[117.8919,4.283],[117.8896,4.2792]]]]}},{"type":"Feature","properties":{"c":"P.192","n":"Mas Gading","s":"Sarawak","w":"PH","p":"DAP","cand":"Mordi anak Bimol","pct":55.0,"maj":5480,"nc":3,"tv":31379,"unc":false,"rw":"GPS","rp":"PDP","rcand":"Lidang anak Disen","rpct":37.6},"geometry":{"type":"Polygon","coordinates":[[[110.1478,1.5706],[110.1636,1.5633],[110.1792,1.5669],[110.1921,1.5828],[110.2196,1.579],[110.2196,1.56],[110.2123,1.5532],[110.1922,1.5515],[110.1909,1.5464],[110.2077,1.5303],[110.2051,1.5251],[110.2168,1.5279],[110.2203,1.5098],[110.2135,1.5098],[110.212,1.4838],[110.1992,1.4822],[110.2148,1.4474],[110.1977,1.4368],[110.1896,1.4223],[110.1984,1.4111],[110.1985,1.3914],[110.1896,1.3886],[110.1974,1.377],[110.1803,1.3679],[110.1768,1.3765],[110.1412,1.3894],[110.1192,1.3664],[110.0937,1.3662],[110.0752,1.3292],[110.0632,1.3223],[110.0403,1.323],[110.0414,1.3048],[110.0567,1.2823],[110.0475,1.2702],[110.0083,1.2953],[109.9811,1.2968],[109.9685,1.3417],[109.9631,1.4021],[109.9477,1.4076],[109.9291,1.4256],[109.8936,1.4148],[109.8582,1.4187],[109.8467,1.4259],[109.8377,1.4218],[109.8305,1.4565],[109.8388,1.4833],[109.8035,1.4651],[109.7986,1.5047],[109.7807,1.5088],[109.7669,1.5328],[109.7515,1.5366],[109.7218,1.5628],[109.7071,1.5864],[109.6969,1.5882],[109.6886,1.6098],[109.662,1.6175],[109.6578,1.6367],[109.667,1.6519],[109.6609,1.6933],[109.6699,1.6993],[109.6677,1.7332],[109.6784,1.7491],[109.6855,1.7822],[109.6653,1.7999],[109.7206,1.813],[109.7279,1.8026],[109.7545,1.7993],[109.7699,1.7852],[109.7793,1.7913],[109.7874,1.7755],[109.7833,1.7549],[109.7951,1.7446],[109.8052,1.7154],[109.8344,1.6688],[109.8302,1.6618],[109.848,1.6461],[109.8751,1.6473],[109.8891,1.6317],[109.885,1.6207],[109.8932,1.5881],[109.9094,1.5873],[109.91,1.5732],[109.9217,1.5612],[109.9417,1.5839],[109.9434,1.5782],[109.9503,1.579],[109.9533,1.5663],[109.9635,1.5728],[109.9681,1.5641],[109.9829,1.5585],[109.993,1.5654],[110.0153,1.5658],[110.0237,1.578],[110.0318,1.5688],[110.0432,1.5856],[110.0664,1.5724],[110.1054,1.5788],[110.1118,1.5723],[110.1263,1.5824],[110.1443,1.58],[110.1478,1.5706]]]}},{"type":"Feature","properties":{"c":"P.193","n":"Santubong","s":"Sarawak","w":"GPS","p":"PBB","cand":"Nancy Shukri","pct":84.4,"maj":38681,"nc":3,"tv":51809,"unc":false,"rw":"PH","rp":"AMANAH","rcand":"Mohamad Zen bin Peli","rpct":9.8},"geometry":{"type":"MultiPolygon","coordinates":[[[[110.3841,1.6925],[110.4327,1.6935],[110.4454,1.7193],[110.4436,1.7296],[110.453,1.7337],[110.4587,1.7296],[110.4599,1.7388],[110.4718,1.7315],[110.4721,1.7251],[110.4952,1.7229],[110.4956,1.7291],[110.5029,1.7298],[110.4968,1.7456],[110.5012,1.7433],[110.5038,1.7496],[110.5256,1.7255],[110.5003,1.7108],[110.4885,1.6845],[110.4892,1.6712],[110.4784,1.6635],[110.4794,1.6529],[110.495,1.6509],[110.4879,1.6457],[110.4892,1.6341],[110.5117,1.6286],[110.5171,1.6166],[110.4981,1.5899],[110.4983,1.5714],[110.4671,1.5421],[110.457,1.5473],[110.441,1.542],[110.4385,1.5566],[110.426,1.5636],[110.4304,1.5278],[110.4208,1.5276],[110.3961,1.4992],[110.3895,1.5107],[110.3974,1.5138],[110.3844,1.5226],[110.3899,1.529],[110.3751,1.5406],[110.3952,1.5461],[110.4018,1.5539],[110.3945,1.5626],[110.4064,1.5743],[110.373,1.5747],[110.3815,1.5641],[110.377,1.5557],[110.3508,1.5589],[110.3708,1.581],[110.3884,1.5822],[110.3832,1.5873],[110.3851,1.5997],[110.3654,1.6036],[110.3551,1.6312],[110.3426,1.6206],[110.3172,1.6211],[110.3114,1.5945],[110.2917,1.5882],[110.2676,1.587],[110.219,1.6053],[110.2009,1.6018],[110.1852,1.5718],[110.1636,1.5633],[110.1468,1.5707],[110.1443,1.58],[110.1227,1.5823],[110.1118,1.5723],[110.1054,1.5788],[110.0686,1.5722],[110.0432,1.5856],[110.0318,1.5688],[110.0237,1.578],[110.0153,1.5658],[109.993,1.5654],[109.9829,1.5585],[109.9681,1.5641],[109.9635,1.5728],[109.9533,1.5663],[109.9503,1.579],[109.9373,1.5834],[109.9217,1.5612],[109.91,1.5732],[109.9094,1.5873],[109.8932,1.5881],[109.885,1.6207],[109.8891,1.6317],[109.8751,1.6473],[109.848,1.6461],[109.8302,1.6618],[109.8344,1.6688],[109.8052,1.7154],[109.7951,1.7446],[109.7833,1.7549],[109.7874,1.7755],[109.7793,1.7913],[109.7699,1.7852],[109.7545,1.7993],[109.7279,1.8026],[109.7206,1.813],[109.67,1.8018],[109.665,1.7953],[109.6451,1.7965],[109.6354,1.8054],[109.5864,1.7919],[109.5793,1.8051],[109.5865,1.8127],[109.5824,1.8355],[109.5534,1.8536],[109.5581,1.8718],[109.5444,1.8915],[109.5472,1.8995],[109.5389,1.9118],[109.5381,1.9272],[109.5563,1.9288],[109.5645,1.9366],[109.5649,1.9512],[109.5518,1.9562],[109.5603,1.9712],[109.5935,1.9791],[109.599,1.9733],[109.6273,1.9908],[109.6297,2.0142],[109.6382,2.0277],[109.6302,2.0365],[109.6308,2.0483],[109.6477,2.082],[109.6471,2.05],[109.6576,2.0384],[109.649,2.0072],[109.667,1.9873],[109.6512,1.977],[109.6484,1.9628],[109.6556,1.9433],[109.6485,1.9268],[109.6585,1.9016],[109.6854,1.8772],[109.6834,1.8609],[109.7113,1.8418],[109.8528,1.7869],[109.8516,1.7727],[109.8821,1.7535],[109.8773,1.7336],[109.8836,1.7241],[109.9234,1.7104],[109.9714,1.7046],[109.9906,1.7099],[110.0081,1.7016],[110.0646,1.7005],[110.0906,1.7079],[110.111,1.7014],[110.1381,1.7042],[110.1409,1.6986],[110.1963,1.7108],[110.2085,1.7012],[110.3031,1.7256],[110.3024,1.7389],[110.3206,1.7597],[110.317,1.768],[110.3285,1.8001],[110.3365,1.8056],[110.3465,1.7972],[110.3377,1.7871],[110.3391,1.7784],[110.3545,1.7585],[110.3533,1.7171],[110.3841,1.6925]]],[[[109.8207,1.8804],[109.831,1.8837],[109.838,1.8742],[109.8277,1.8724],[109.8207,1.8804]]]]}},{"type":"Feature","properties":{"c":"P.194","n":"Petra Jaya","s":"Sarawak","w":"GPS","p":"PBB","cand":"Fadillah bin Yusof","pct":79.2,"maj":41363,"nc":3,"tv":69163,"unc":false,"rw":"PH","rp":"PKR","rcand":"Sopian bin Julaihi","rpct":19.3},"geometry":{"type":"Polygon","coordinates":[[[110.3405,1.5579],[110.3486,1.5509],[110.3376,1.5461],[110.3188,1.5497],[110.304,1.5246],[110.2953,1.5311],[110.2888,1.5187],[110.2825,1.5262],[110.2857,1.537],[110.2554,1.5542],[110.2084,1.5239],[110.1909,1.5464],[110.1922,1.5515],[110.2123,1.5532],[110.2196,1.56],[110.2196,1.579],[110.1988,1.578],[110.1921,1.5828],[110.1926,1.592],[110.2009,1.6018],[110.219,1.6053],[110.2676,1.587],[110.2952,1.5889],[110.3114,1.5945],[110.3172,1.6211],[110.3426,1.6206],[110.3551,1.6312],[110.3654,1.6036],[110.3851,1.5997],[110.3883,1.5812],[110.3708,1.581],[110.3508,1.5589],[110.3405,1.5579]]]}},{"type":"Feature","properties":{"c":"P.195","n":"Bandar Kuching","s":"Sarawak","w":"PH","p":"DAP","cand":"Kelvin Yii Lee Wuen","pct":71.3,"maj":28891,"nc":3,"tv":63575,"unc":false,"rw":"GPS","rp":"SUPP","rcand":"Tay Tze Kok","rpct":25.9},"geometry":{"type":"Polygon","coordinates":[[[110.3787,1.5355],[110.3899,1.529],[110.3844,1.5226],[110.3974,1.5138],[110.386,1.5151],[110.3823,1.5087],[110.3603,1.5125],[110.3618,1.5182],[110.3549,1.5216],[110.3363,1.5216],[110.3326,1.5347],[110.3181,1.5323],[110.3121,1.539],[110.321,1.5505],[110.3376,1.5461],[110.3486,1.5509],[110.3415,1.5611],[110.3785,1.5564],[110.3815,1.5641],[110.3712,1.5714],[110.375,1.5755],[110.4064,1.5743],[110.3945,1.5626],[110.4018,1.5539],[110.3867,1.5403],[110.3758,1.5414],[110.3787,1.5355]]]}},{"type":"Feature","properties":{"c":"P.196","n":"Stampin","s":"Sarawak","w":"PH","p":"DAP","cand":"Chong Chieng Jen","pct":53.3,"maj":7158,"nc":3,"tv":73753,"unc":false,"rw":"GPS","rp":"SUPP","rcand":"Lo Khere Chiang","rpct":43.6},"geometry":{"type":"Polygon","coordinates":[[[110.3292,1.4557],[110.3209,1.4609],[110.3137,1.4488],[110.3259,1.4421],[110.3344,1.4461],[110.3388,1.4365],[110.335,1.4236],[110.346,1.419],[110.3487,1.4019],[110.3389,1.4001],[110.3308,1.4196],[110.318,1.4137],[110.3252,1.3998],[110.3245,1.382],[110.2967,1.3808],[110.2746,1.3893],[110.2667,1.3959],[110.272,1.4095],[110.2667,1.4145],[110.2763,1.4166],[110.2734,1.423],[110.281,1.4406],[110.2645,1.4519],[110.2632,1.4635],[110.2368,1.4781],[110.2393,1.4872],[110.2234,1.4863],[110.2225,1.4952],[110.2134,1.4951],[110.2135,1.5098],[110.2203,1.5098],[110.2199,1.5329],[110.2554,1.5542],[110.2857,1.537],[110.2856,1.5181],[110.2953,1.5311],[110.304,1.5246],[110.3141,1.5362],[110.3326,1.5347],[110.3363,1.5216],[110.3549,1.5216],[110.3618,1.5182],[110.3603,1.5125],[110.3823,1.5087],[110.386,1.5151],[110.3961,1.4992],[110.3846,1.4792],[110.359,1.4635],[110.3501,1.4478],[110.3292,1.4557]]]}},{"type":"Feature","properties":{"c":"P.197","n":"Kota Samarahan","s":"Sarawak","w":"GPS","p":"PBB","cand":"Rubiah binti Wang","pct":76.7,"maj":29445,"nc":2,"tv":55111,"unc":false,"rw":"PH","rp":"AMANAH","rcand":"Abang Abdul Halil bin Abang Naili","rpct":23.3},"geometry":{"type":"Polygon","coordinates":[[[110.6254,1.4541],[110.6236,1.4079],[110.6142,1.4062],[110.6146,1.3972],[110.5701,1.4102],[110.546,1.3737],[110.5546,1.3617],[110.5443,1.3552],[110.5617,1.3375],[110.563,1.3167],[110.5909,1.3161],[110.5879,1.3077],[110.5963,1.286],[110.5843,1.2742],[110.591,1.265],[110.5658,1.2527],[110.5445,1.2569],[110.5382,1.2477],[110.5248,1.2496],[110.511,1.2282],[110.4667,1.263],[110.4647,1.2706],[110.4704,1.274],[110.4488,1.2867],[110.4477,1.2949],[110.4642,1.3112],[110.4736,1.336],[110.465,1.3399],[110.4678,1.3642],[110.4501,1.3771],[110.4313,1.3635],[110.4263,1.3659],[110.4264,1.3724],[110.4357,1.3727],[110.4371,1.379],[110.4168,1.3827],[110.3973,1.4035],[110.3896,1.3983],[110.3862,1.4068],[110.3695,1.4021],[110.3679,1.3873],[110.3407,1.3894],[110.3442,1.383],[110.3272,1.3753],[110.318,1.4137],[110.3308,1.4196],[110.3389,1.4001],[110.3501,1.4056],[110.346,1.419],[110.335,1.4236],[110.3388,1.4365],[110.3344,1.4461],[110.3259,1.4421],[110.3136,1.4495],[110.3217,1.4611],[110.335,1.4546],[110.3345,1.4494],[110.3501,1.4478],[110.359,1.4635],[110.3828,1.4774],[110.3875,1.4906],[110.4208,1.5276],[110.4304,1.5278],[110.426,1.5636],[110.4385,1.5566],[110.441,1.542],[110.4748,1.5451],[110.4983,1.5714],[110.5047,1.6056],[110.5188,1.6169],[110.5306,1.5846],[110.5473,1.5848],[110.5661,1.5971],[110.589,1.5951],[110.5953,1.6009],[110.6357,1.5852],[110.6412,1.5884],[110.6436,1.5749],[110.6459,1.5794],[110.6635,1.5725],[110.6498,1.4999],[110.6381,1.4989],[110.6384,1.4594],[110.625,1.4593],[110.6254,1.4541]]]}},{"type":"Feature","properties":{"c":"P.198","n":"Puncak Borneo","s":"Sarawak","w":"GPS","p":"PBB","cand":"Willie anak Mongin","pct":57.6,"maj":13338,"nc":3,"tv":51154,"unc":false,"rw":"PH","rp":"PKR","rcand":"Diog anak Dios","rpct":31.5},"geometry":{"type":"Polygon","coordinates":[[[110.466,1.323],[110.4642,1.3112],[110.4477,1.2949],[110.4488,1.2867],[110.4704,1.274],[110.4647,1.2706],[110.4667,1.263],[110.511,1.2282],[110.5248,1.2496],[110.5382,1.2477],[110.5445,1.2569],[110.5658,1.2527],[110.5902,1.2642],[110.5843,1.2742],[110.5963,1.286],[110.5943,1.2976],[110.6313,1.2937],[110.6302,1.2776],[110.6598,1.2543],[110.6596,1.2459],[110.6422,1.236],[110.6413,1.2019],[110.5959,1.1639],[110.5919,1.1744],[110.555,1.197],[110.5508,1.1909],[110.5606,1.1877],[110.5526,1.1745],[110.5609,1.1724],[110.5604,1.1596],[110.534,1.1691],[110.5194,1.1851],[110.5003,1.1943],[110.493,1.2],[110.4922,1.2133],[110.4669,1.2358],[110.4514,1.2415],[110.443,1.2331],[110.4419,1.2163],[110.4354,1.2204],[110.4313,1.2106],[110.4372,1.2019],[110.4469,1.2068],[110.4454,1.1969],[110.4513,1.1912],[110.4282,1.1856],[110.4296,1.1676],[110.4185,1.1621],[110.4228,1.139],[110.3577,1.114],[110.3315,1.0896],[110.2876,1.0715],[110.2812,1.0513],[110.2675,1.0505],[110.2603,1.0576],[110.2673,1.0664],[110.2636,1.0744],[110.2475,1.0865],[110.2496,1.1077],[110.2427,1.1164],[110.2105,1.1186],[110.2053,1.133],[110.2127,1.1508],[110.1909,1.1846],[110.1713,1.1872],[110.1592,1.1988],[110.0986,1.1984],[110.0866,1.2179],[110.0642,1.21],[110.0582,1.2212],[110.0701,1.2284],[110.0657,1.2643],[110.0589,1.2701],[110.0459,1.2668],[110.0567,1.2823],[110.0398,1.3131],[110.0414,1.3236],[110.0632,1.3223],[110.0757,1.3296],[110.0937,1.3662],[110.1192,1.3664],[110.1412,1.3894],[110.1768,1.3765],[110.1803,1.3679],[110.1974,1.377],[110.1896,1.3886],[110.1985,1.3914],[110.1984,1.4111],[110.1896,1.4223],[110.1977,1.4368],[110.2148,1.4474],[110.1992,1.4822],[110.212,1.4838],[110.2134,1.4951],[110.2225,1.4952],[110.2234,1.4863],[110.2393,1.4872],[110.2368,1.4781],[110.2632,1.4635],[110.2645,1.4519],[110.281,1.4406],[110.2734,1.423],[110.2763,1.4166],[110.2667,1.4145],[110.272,1.4095],[110.2667,1.3959],[110.2746,1.3893],[110.2967,1.3808],[110.3245,1.382],[110.3282,1.3752],[110.3442,1.383],[110.3407,1.3894],[110.3679,1.3873],[110.3744,1.4064],[110.3862,1.4068],[110.3908,1.3981],[110.3973,1.4035],[110.4168,1.3827],[110.4371,1.379],[110.4357,1.3727],[110.4264,1.3724],[110.4263,1.3659],[110.4313,1.3635],[110.4501,1.3771],[110.4678,1.3642],[110.465,1.3399],[110.4736,1.336],[110.466,1.323]]]}},{"type":"Feature","properties":{"c":"P.199","n":"Serian","s":"Sarawak","w":"GPS","p":"SUPP","cand":"Richard Riot anak Jaem","pct":57.2,"maj":16697,"nc":4,"tv":39974,"unc":false,"rw":"ALONE","rp":"BEBAS","rcand":"Alim Impira","rpct":15.5},"geometry":{"type":"Polygon","coordinates":[[[110.7352,1.1014],[110.7285,1.0969],[110.7253,1.0745],[110.7427,1.0831],[110.7477,1.0466],[110.7323,1.0376],[110.722,1.0488],[110.7203,1.0405],[110.7292,1.0376],[110.7331,1.0218],[110.7908,0.943],[110.8097,0.9299],[110.8167,0.9068],[110.8032,0.9006],[110.7839,0.9125],[110.7771,0.9306],[110.7687,0.9317],[110.7606,0.9196],[110.7649,0.9083],[110.7557,0.8993],[110.7348,0.9074],[110.7163,0.9061],[110.6968,0.8826],[110.6947,0.8635],[110.6749,0.8784],[110.6623,0.8706],[110.6536,0.8758],[110.6547,0.8912],[110.6479,0.8962],[110.6516,0.9034],[110.6382,0.8924],[110.6327,0.8948],[110.6368,0.8801],[110.6288,0.8691],[110.6019,0.8689],[110.5977,0.8588],[110.5755,0.8538],[110.5686,0.8607],[110.5535,0.8596],[110.5452,0.8686],[110.4924,0.8761],[110.4806,0.8842],[110.4796,0.892],[110.4673,0.8926],[110.4628,0.9048],[110.4445,0.9095],[110.4331,0.9254],[110.439,0.9438],[110.4055,0.9531],[110.4103,0.9651],[110.3965,0.9977],[110.3787,0.9958],[110.3587,0.9835],[110.3574,0.9893],[110.3435,0.992],[110.3394,1.0127],[110.3252,0.9921],[110.308,1.0039],[110.2996,0.996],[110.2757,0.9983],[110.2827,1.0113],[110.2782,1.0326],[110.2867,1.0403],[110.2812,1.0513],[110.2876,1.0715],[110.3315,1.0896],[110.3577,1.114],[110.4228,1.139],[110.4185,1.1621],[110.4296,1.1676],[110.4282,1.1856],[110.4513,1.1912],[110.4454,1.1969],[110.4469,1.2068],[110.4372,1.2019],[110.4313,1.2106],[110.4354,1.2204],[110.4419,1.2163],[110.443,1.2331],[110.4514,1.2415],[110.4669,1.2358],[110.4922,1.2133],[110.493,1.2],[110.5003,1.1943],[110.5194,1.1851],[110.534,1.1691],[110.5604,1.1596],[110.5609,1.1724],[110.5526,1.1745],[110.5606,1.1877],[110.5509,1.1943],[110.5623,1.1947],[110.5982,1.1649],[110.6125,1.183],[110.6413,1.2019],[110.6422,1.236],[110.6535,1.246],[110.6665,1.2468],[110.6678,1.2386],[110.6737,1.2385],[110.6807,1.2249],[110.6915,1.2237],[110.7019,1.2077],[110.7193,1.1986],[110.7315,1.2005],[110.7504,1.1694],[110.7684,1.1631],[110.7778,1.1475],[110.7352,1.1014]]]}},{"type":"Feature","properties":{"c":"P.200","n":"Batang Sadong","s":"Sarawak","w":"GPS","p":"PBB","cand":"Rodiyah binti Sapiee","pct":83.2,"maj":14893,"nc":2,"tv":22443,"unc":false,"rw":"PH","rp":"AMANAH","rcand":"Lahaji bin Lahiya","rpct":16.8},"geometry":{"type":"Polygon","coordinates":[[[110.8873,1.3359],[110.9066,1.34],[110.9317,1.3345],[110.9395,1.3243],[110.9333,1.3072],[110.9437,1.2931],[110.9386,1.2778],[110.9623,1.2857],[110.9717,1.2737],[110.974,1.2513],[110.9606,1.2439],[110.9595,1.2351],[110.9724,1.2274],[110.9679,1.2027],[110.9217,1.1839],[110.9043,1.1947],[110.8858,1.188],[110.8616,1.2099],[110.858,1.2263],[110.85,1.2288],[110.8119,1.2061],[110.7641,1.1642],[110.7504,1.1694],[110.7315,1.2005],[110.7193,1.1986],[110.7019,1.2077],[110.6915,1.2237],[110.6807,1.2249],[110.6665,1.2468],[110.6599,1.2468],[110.6598,1.2543],[110.6302,1.2776],[110.6313,1.2937],[110.5943,1.2976],[110.5879,1.3077],[110.5909,1.3161],[110.563,1.3167],[110.5617,1.3375],[110.5439,1.3567],[110.5546,1.3617],[110.546,1.3737],[110.5701,1.4102],[110.6146,1.3972],[110.6142,1.4062],[110.6236,1.4079],[110.625,1.4593],[110.6384,1.4594],[110.6381,1.4989],[110.6498,1.4999],[110.659,1.559],[110.6738,1.5692],[110.6826,1.561],[110.7256,1.5495],[110.7591,1.5622],[110.7593,1.5181],[110.7522,1.4897],[110.7339,1.4701],[110.7011,1.4528],[110.7838,1.4461],[110.7849,1.4279],[110.8202,1.4178],[110.8538,1.3875],[110.8534,1.3692],[110.8701,1.3275],[110.8873,1.3359]]]}},{"type":"Feature","properties":{"c":"P.201","n":"Batang Lupar","s":"Sarawak","w":"GPS","p":"PBB","cand":"Mohamad Shafizan bin Kepli","pct":71.2,"maj":14463,"nc":3,"tv":27559,"unc":false,"rw":"PN","rp":"PAS","rcand":"Hamdan Sani","rpct":18.7},"geometry":{"type":"Polygon","coordinates":[[[111.0911,1.3623],[111.0651,1.3808],[111.058,1.3757],[111.0398,1.378],[111.0351,1.3916],[111.0262,1.3845],[111.0134,1.3975],[110.9969,1.4032],[110.9921,1.3991],[110.978,1.4084],[110.9536,1.3942],[110.9443,1.4096],[110.9303,1.3833],[110.93,1.3355],[110.9066,1.34],[110.8873,1.3359],[110.8735,1.3254],[110.8534,1.3692],[110.8538,1.3875],[110.8202,1.4178],[110.7849,1.4279],[110.7838,1.4461],[110.7011,1.4528],[110.729,1.4666],[110.7496,1.4854],[110.759,1.5149],[110.7591,1.5622],[110.7885,1.5781],[110.8185,1.571],[110.8747,1.5365],[110.9364,1.5229],[110.9694,1.5036],[110.9778,1.5149],[110.9874,1.5116],[110.9956,1.5169],[111.0021,1.5235],[110.9956,1.5264],[110.9994,1.5425],[110.9934,1.5725],[111.0252,1.6632],[111.0418,1.6793],[111.0766,1.6761],[111.0767,1.6811],[111.1061,1.6836],[111.1077,1.6931],[111.1185,1.6917],[111.1204,1.7042],[111.1101,1.7188],[111.1083,1.7337],[111.0859,1.7563],[111.0972,1.7747],[111.1096,1.7695],[111.1544,1.7252],[111.1794,1.7205],[111.1821,1.714],[111.2234,1.6937],[111.2642,1.6877],[111.2641,1.6797],[111.3922,1.6633],[111.4072,1.6459],[111.4266,1.6391],[111.4274,1.6182],[111.4199,1.6085],[111.4086,1.6078],[111.4044,1.5985],[111.3731,1.5939],[111.3535,1.5796],[111.3374,1.5814],[111.3405,1.576],[111.3187,1.5707],[111.3161,1.5631],[111.2983,1.5659],[111.294,1.5549],[111.1852,1.5354],[111.2328,1.4711],[111.2462,1.4699],[111.2809,1.4481],[111.3618,1.4245],[111.3615,1.4167],[111.4077,1.4057],[111.4101,1.4097],[111.4596,1.3927],[111.4533,1.3818],[111.4686,1.3765],[111.4693,1.3673],[111.4986,1.3468],[111.4745,1.3204],[111.4742,1.2599],[111.4833,1.2533],[111.4697,1.234],[111.4523,1.2443],[111.4283,1.2242],[111.4156,1.2415],[111.3972,1.2448],[111.3865,1.2546],[111.3643,1.2555],[111.3601,1.2689],[111.3725,1.2738],[111.3791,1.3023],[111.3593,1.31],[111.4028,1.336],[111.3855,1.3558],[111.3234,1.3348],[111.3106,1.3381],[111.3015,1.3544],[111.2966,1.3474],[111.2741,1.3412],[111.2595,1.3856],[111.2486,1.3918],[111.222,1.3903],[111.2105,1.3477],[111.192,1.3469],[111.1742,1.3542],[111.169,1.3449],[111.1736,1.339],[111.1799,1.3439],[111.1823,1.3381],[111.1603,1.3152],[111.0911,1.3623]]]}},{"type":"Feature","properties":{"c":"P.202","n":"Sri Aman","s":"Sarawak","w":"GPS","p":"PRS","cand":"Doris Sophia anak Brodi","pct":44.3,"maj":4039,"nc":4,"tv":31917,"unc":false,"rw":"ALONE","rp":"PSB","rcand":"Walsin @ Wilson anak Entabang","rpct":31.6},"geometry":{"type":"Polygon","coordinates":[[[111.4468,1.2374],[111.4523,1.2443],[111.4697,1.234],[111.4833,1.2533],[111.5054,1.2461],[111.5018,1.2113],[111.5087,1.1963],[111.5747,1.148],[111.5858,1.155],[111.6089,1.1477],[111.6155,1.1363],[111.6102,1.1261],[111.6281,1.1368],[111.6302,1.1418],[111.6232,1.1466],[111.6457,1.1461],[111.6502,1.1512],[111.6403,1.133],[111.614,1.1234],[111.6193,1.1198],[111.6142,1.0918],[111.655,1.0713],[111.6633,1.0419],[111.6392,1.0308],[111.6399,1.0221],[111.6223,1.0215],[111.5962,1.0092],[111.5807,0.9925],[111.5796,0.9784],[111.5735,0.9818],[111.5703,0.9772],[111.5673,0.9847],[111.5488,0.9885],[111.5465,0.9766],[111.5531,0.9645],[111.5464,0.9545],[111.5516,0.9475],[111.521,0.9584],[111.5148,1.0039],[111.4887,1.0353],[111.4644,1.037],[111.4452,1.0141],[111.4134,1.0076],[111.3851,1.0151],[111.3524,1.0396],[111.3218,1.043],[111.2882,1.0555],[111.273,1.0679],[111.2521,1.063],[111.2447,1.0788],[111.2316,1.0862],[111.198,1.065],[111.1431,1.051],[111.0798,1.0512],[110.9946,1.0287],[110.905,1.0286],[110.8917,1.0088],[110.89,0.9834],[110.8627,0.9654],[110.8612,0.9513],[110.8232,0.9541],[110.8162,0.945],[110.8093,0.95],[110.8097,0.9299],[110.7908,0.943],[110.7331,1.0218],[110.7292,1.0376],[110.7189,1.0442],[110.722,1.0488],[110.736,1.0377],[110.7477,1.0466],[110.7427,1.0831],[110.7253,1.0745],[110.725,1.0835],[110.7285,1.0969],[110.7778,1.1475],[110.7641,1.1642],[110.834,1.2215],[110.8554,1.2284],[110.8616,1.2099],[110.8858,1.188],[110.9043,1.1947],[110.9217,1.1839],[110.9679,1.2027],[110.9724,1.2274],[110.9595,1.2351],[110.9606,1.2439],[110.974,1.2513],[110.9717,1.2737],[110.9623,1.2857],[110.9386,1.2778],[110.9437,1.2931],[110.9333,1.3072],[110.9395,1.3243],[110.9274,1.3476],[110.9303,1.3833],[110.9443,1.4096],[110.9536,1.3942],[110.978,1.4084],[110.9921,1.3991],[110.9969,1.4032],[111.0134,1.3975],[111.0262,1.3845],[111.0351,1.3916],[111.0398,1.378],[111.058,1.3757],[111.0651,1.3808],[111.1603,1.3152],[111.1823,1.3381],[111.1799,1.3439],[111.1736,1.339],[111.169,1.3449],[111.1742,1.3542],[111.192,1.3469],[111.2105,1.3477],[111.222,1.3903],[111.2486,1.3918],[111.2595,1.3856],[111.2741,1.3412],[111.2966,1.3474],[111.3015,1.3544],[111.3106,1.3381],[111.3234,1.3348],[111.3855,1.3558],[111.4028,1.336],[111.3593,1.31],[111.3791,1.3023],[111.3725,1.2738],[111.3601,1.2689],[111.3624,1.2587],[111.4156,1.2415],[111.4283,1.2242],[111.4468,1.2374]]]}},{"type":"Feature","properties":{"c":"P.203","n":"Lubok Antu","s":"Sarawak","w":"GPS","p":"PRS","cand":"Roy Angau anak Gingkoi","pct":34.4,"maj":100,"nc":4,"tv":19294,"unc":false,"rw":"ALONE","rp":"PSB","rcand":"Johnichal Rayong anak Ngipa","rpct":33.9},"geometry":{"type":"Polygon","coordinates":[[[112.0411,1.4819],[112.0512,1.4807],[112.056,1.4723],[112.0611,1.477],[112.0734,1.4721],[112.0761,1.4573],[112.0941,1.4579],[112.1066,1.4659],[112.1312,1.4545],[112.1421,1.4613],[112.1549,1.4601],[112.1769,1.447],[112.1938,1.4447],[112.2055,1.4381],[112.201,1.4051],[112.2118,1.4059],[112.2238,1.3923],[112.2323,1.3982],[112.2253,1.3548],[112.2132,1.3465],[112.218,1.3367],[112.2024,1.3142],[112.1788,1.3044],[112.1785,1.2863],[112.1698,1.2767],[112.1739,1.253],[112.1577,1.2422],[112.1648,1.2099],[112.1578,1.2072],[112.1587,1.1975],[112.149,1.1854],[112.1358,1.1796],[112.1476,1.1627],[112.143,1.1351],[112.085,1.1325],[112.0559,1.1373],[112.0178,1.1297],[111.9974,1.1396],[111.9946,1.1302],[111.987,1.1275],[111.9548,1.1283],[111.9488,1.1198],[111.9354,1.1222],[111.929,1.091],[111.9131,1.091],[111.9022,1.0746],[111.8869,1.0787],[111.881,1.0656],[111.886,1.0613],[111.871,1.0452],[111.8777,1.0318],[111.8697,1.0132],[111.8286,0.9862],[111.8193,0.9851],[111.8131,0.999],[111.8001,1.0013],[111.7925,0.9944],[111.7774,0.9998],[111.7719,1.0163],[111.7626,1.0214],[111.7487,1.0085],[111.7211,1.0056],[111.7104,1.0146],[111.7131,1.0253],[111.6928,1.0188],[111.6867,1.0299],[111.6633,1.0419],[111.655,1.0713],[111.6149,1.0875],[111.6135,1.1094],[111.6193,1.1198],[111.614,1.1234],[111.6403,1.133],[111.6491,1.1525],[111.6457,1.1461],[111.6232,1.1466],[111.6302,1.1418],[111.6281,1.1368],[111.6125,1.1258],[111.6084,1.1283],[111.6155,1.1363],[111.6089,1.1477],[111.5858,1.155],[111.5747,1.148],[111.558,1.1568],[111.5575,1.1624],[111.5087,1.1963],[111.5018,1.2113],[111.5054,1.2461],[111.4742,1.2599],[111.4773,1.3277],[111.5111,1.3545],[111.5153,1.3679],[111.5431,1.3696],[111.5489,1.3683],[111.5462,1.361],[111.568,1.3613],[111.5653,1.367],[111.5778,1.3693],[111.5869,1.3954],[111.6078,1.4034],[111.6146,1.3932],[111.6375,1.3954],[111.654,1.3862],[111.6655,1.4073],[111.6614,1.4135],[111.6653,1.4277],[111.6812,1.4391],[111.6808,1.4682],[111.6937,1.4598],[111.7133,1.4578],[111.7201,1.4716],[111.7469,1.4905],[111.744,1.5043],[111.7566,1.5165],[111.7665,1.548],[111.7738,1.5511],[111.7816,1.5735],[111.7994,1.5833],[111.825,1.587],[111.8457,1.5725],[111.8589,1.5791],[111.8794,1.5652],[111.8954,1.5751],[111.8989,1.5683],[111.9271,1.5611],[112.0031,1.5667],[112.0046,1.5572],[112.02,1.5461],[112.0216,1.5237],[112.0366,1.5023],[112.0411,1.4819]]]}},{"type":"Feature","properties":{"c":"P.204","n":"Betong","s":"Sarawak","w":"GPS","p":"PBB","cand":"Richard Rapu @ Aman anak Begri","pct":61.7,"maj":11302,"nc":3,"tv":26713,"unc":false,"rw":"PH","rp":"PKR","rcand":"Patrick bin Kamis","rpct":19.4},"geometry":{"type":"Polygon","coordinates":[[[111.7835,1.5756],[111.7738,1.5511],[111.7665,1.548],[111.7566,1.5165],[111.744,1.5043],[111.7469,1.4905],[111.7201,1.4716],[111.7123,1.4569],[111.6808,1.4682],[111.6812,1.4391],[111.6653,1.4277],[111.6614,1.4135],[111.6655,1.4073],[111.654,1.3862],[111.6375,1.3954],[111.6146,1.3932],[111.6078,1.4034],[111.5869,1.3954],[111.5778,1.3693],[111.5653,1.367],[111.568,1.3613],[111.5462,1.361],[111.5489,1.3683],[111.5431,1.3696],[111.5153,1.3679],[111.5136,1.3574],[111.4986,1.3468],[111.4693,1.3673],[111.4686,1.3765],[111.4533,1.3818],[111.4596,1.3927],[111.4101,1.4097],[111.4077,1.4057],[111.3615,1.4167],[111.3618,1.4245],[111.2809,1.4481],[111.2462,1.4699],[111.2328,1.4711],[111.1852,1.5354],[111.294,1.5549],[111.2983,1.5659],[111.3161,1.5631],[111.3187,1.5707],[111.3405,1.576],[111.3374,1.5814],[111.3535,1.5796],[111.3731,1.5939],[111.4044,1.5985],[111.4278,1.6216],[111.4456,1.6269],[111.4548,1.644],[111.4614,1.643],[111.4721,1.6568],[111.4972,1.6636],[111.5169,1.6893],[111.5283,1.6894],[111.552,1.6745],[111.5653,1.6503],[111.5816,1.6476],[111.628,1.6587],[111.634,1.6495],[111.6295,1.638],[111.6365,1.6336],[111.6497,1.6385],[111.6632,1.6302],[111.6939,1.6374],[111.705,1.6592],[111.722,1.652],[111.7292,1.6596],[111.7388,1.6562],[111.7493,1.6485],[111.746,1.6201],[111.7733,1.6063],[111.7835,1.5756]]]}},{"type":"Feature","properties":{"c":"P.205","n":"Saratok","s":"Sarawak","w":"PN","p":"BERSATU","cand":"Ali anak Biju","pct":62.3,"maj":8826,"nc":3,"tv":30841,"unc":false,"rw":"GPS","rp":"PDP","rcand":"Giendam anak Jonathan Tait","rpct":33.7},"geometry":{"type":"Polygon","coordinates":[[[111.3915,1.6634],[111.2641,1.6797],[111.2642,1.6877],[111.2234,1.6937],[111.1821,1.714],[111.1794,1.7205],[111.1544,1.7252],[111.1096,1.7695],[111.0972,1.7747],[111.104,1.7847],[111.0999,1.813],[111.107,1.842],[111.1692,1.9576],[111.1739,2.0025],[111.1838,2.0298],[111.1953,2.0423],[111.2066,2.0259],[111.2222,2.0264],[111.2402,2.0369],[111.2437,2.0296],[111.262,2.0227],[111.2763,2.0353],[111.289,1.9973],[111.2969,1.9942],[111.3391,2.0005],[111.3968,1.9751],[111.4305,1.9821],[111.4358,1.9751],[111.4335,1.9513],[111.4588,1.9377],[111.4591,1.8964],[111.4736,1.9059],[111.484,1.8978],[111.4838,1.8822],[111.5198,1.8635],[111.5213,1.8285],[111.539,1.8222],[111.5372,1.8153],[111.5538,1.7899],[111.5626,1.7883],[111.5647,1.7817],[111.607,1.7712],[111.6424,1.7407],[111.6295,1.7305],[111.6305,1.7205],[111.6251,1.721],[111.6328,1.6866],[111.6219,1.672],[111.6253,1.6586],[111.6115,1.6531],[111.5653,1.6503],[111.552,1.6745],[111.5283,1.6894],[111.5169,1.6893],[111.4972,1.6636],[111.4721,1.6568],[111.4614,1.643],[111.4548,1.644],[111.4456,1.6269],[111.4309,1.6204],[111.4266,1.6391],[111.4072,1.6459],[111.3915,1.6634]]]}},{"type":"Feature","properties":{"c":"P.206","n":"Tanjong Manis","s":"Sarawak","w":"GPS","p":"PBB","cand":"Yusuf bin Abd Wahab","pct":86.5,"maj":13908,"nc":2,"tv":19040,"unc":false,"rw":"PH","rp":"AMANAH","rcand":"Zainab binti Suhaili","rpct":13.5},"geometry":{"type":"MultiPolygon","coordinates":[[[[111.5442,2.1851],[111.5536,2.1731],[111.5524,2.1641],[111.5454,2.1484],[111.5328,2.1536],[111.527,2.1486],[111.5205,2.1288],[111.5147,2.127],[111.5138,2.1082],[111.5073,2.1201],[111.4888,2.1318],[111.4782,2.1279],[111.4788,2.1607],[111.4625,2.16],[111.4651,2.1299],[111.4776,2.1292],[111.4748,2.115],[111.4833,2.1045],[111.4383,2.0689],[111.4459,2.0528],[111.4393,2.0377],[111.453,2.0209],[111.4554,2.0123],[111.4504,2.0098],[111.4569,2.003],[111.4388,1.976],[111.4271,1.9837],[111.419,1.9757],[111.3968,1.9751],[111.3391,2.0005],[111.2927,1.9953],[111.2763,2.0353],[111.262,2.0227],[111.2437,2.0296],[111.2402,2.0369],[111.2222,2.0264],[111.2066,2.0259],[111.1806,2.0549],[111.1963,2.1183],[111.1506,2.1467],[111.1437,2.171],[111.2009,2.2214],[111.2131,2.2403],[111.2091,2.2477],[111.1917,2.2327],[111.1887,2.2404],[111.1918,2.2931],[111.184,2.3606],[111.1902,2.3824],[111.2084,2.4084],[111.2475,2.4382],[111.2531,2.4363],[111.2447,2.4195],[111.2487,2.4157],[111.2575,2.4235],[111.2668,2.4132],[111.3131,2.3952],[111.3451,2.3944],[111.3338,2.412],[111.3018,2.4306],[111.3006,2.468],[111.3108,2.5136],[111.2875,2.6047],[111.2799,2.6717],[111.2899,2.7519],[111.3129,2.7905],[111.3307,2.8019],[111.3456,2.7951],[111.3624,2.7534],[111.3834,2.7349],[111.3874,2.7234],[111.3801,2.6974],[111.3842,2.6015],[111.3784,2.5745],[111.3793,2.4987],[111.4038,2.4565],[111.41,2.4116],[111.428,2.3914],[111.4652,2.3715],[111.4724,2.3382],[111.4908,2.3413],[111.4927,2.3471],[111.5074,2.3228],[111.5094,2.3281],[111.5116,2.3206],[111.5247,2.3232],[111.5374,2.3164],[111.5404,2.2989],[111.5453,2.3053],[111.5469,2.2986],[111.5667,2.2988],[111.574,2.2871],[111.579,2.29],[111.5731,2.2774],[111.5832,2.2702],[111.5812,2.2575],[111.6077,2.2502],[111.6379,2.2168],[111.631,2.1683],[111.6407,2.1582],[111.6287,2.1502],[111.6237,2.1641],[111.6082,2.1599],[111.5932,2.1643],[111.5869,2.1781],[111.5933,2.1807],[111.5849,2.1913],[111.5442,2.1851]]],[[[111.4035,2.7554],[111.3942,2.7182],[111.3839,2.753],[111.4023,2.7665],[111.4035,2.7554]]]]}},{"type":"Feature","properties":{"c":"P.207","n":"Igan","s":"Sarawak","w":"GPS","p":"PBB","cand":"Ahmad Johnie bin Zawawi","pct":93.2,"maj":14662,"nc":2,"tv":16986,"unc":false,"rw":"PH","rp":"AMANAH","rcand":"Andri Zulkarnaen bin Hamden","rpct":6.8},"geometry":{"type":"Polygon","coordinates":[[[111.7851,2.6857],[111.7683,2.6843],[111.7682,2.6351],[111.7638,2.6343],[111.7579,2.5725],[111.7705,2.5602],[111.7675,2.5514],[111.7731,2.544],[111.7521,2.5197],[111.7621,2.4901],[111.7291,2.4049],[111.714,2.3846],[111.627,2.3906],[111.6188,2.381],[111.6194,2.3594],[111.6483,2.3535],[111.6452,2.3293],[111.6526,2.3232],[111.6534,2.2821],[111.6724,2.2872],[111.6757,2.2561],[111.6544,2.2484],[111.6435,2.2198],[111.6265,2.2401],[111.5812,2.2575],[111.5832,2.2702],[111.5731,2.2774],[111.5797,2.2889],[111.574,2.2871],[111.5667,2.2988],[111.5469,2.2986],[111.5453,2.3053],[111.5404,2.2989],[111.5374,2.3164],[111.5247,2.3232],[111.5116,2.3206],[111.5094,2.3281],[111.5074,2.3228],[111.4927,2.3471],[111.4908,2.3413],[111.4724,2.3382],[111.4652,2.3715],[111.428,2.3914],[111.41,2.4116],[111.4038,2.4565],[111.3853,2.493],[111.4362,2.4945],[111.4406,2.4991],[111.4114,2.5069],[111.3962,2.5377],[111.4257,2.6554],[111.4292,2.6949],[111.4429,2.707],[111.4786,2.7218],[111.4781,2.7331],[111.4925,2.7455],[111.5446,2.7646],[111.6065,2.8001],[111.6139,2.8212],[111.6364,2.85],[111.6609,2.8428],[111.6746,2.8305],[111.6861,2.8409],[111.7961,2.8647],[111.7969,2.8118],[111.8234,2.8097],[111.8228,2.769],[111.8527,2.7435],[111.8546,2.7193],[111.8387,2.7188],[111.8252,2.7078],[111.8054,2.7129],[111.7847,2.7069],[111.7851,2.6857]]]}},{"type":"Feature","properties":{"c":"P.208","n":"Sarikei","s":"Sarawak","w":"GPS","p":"SUPP","cand":"Huang Tiong Sii","pct":55.1,"maj":3697,"nc":2,"tv":36463,"unc":false,"rw":"PH","rp":"DAP","rcand":"Roderick Wong Siew Lead","rpct":44.9},"geometry":{"type":"Polygon","coordinates":[[[111.5745,2.0197],[111.568,2.0243],[111.5708,2.0393],[111.5492,2.0466],[111.5424,2.0305],[111.5366,2.0352],[111.5413,2.0504],[111.5366,2.0509],[111.5315,2.0374],[111.4965,2.0427],[111.4817,2.0269],[111.4885,2.0095],[111.4675,2.0239],[111.4618,1.9956],[111.4573,1.997],[111.4504,2.0098],[111.4554,2.0123],[111.453,2.0209],[111.4393,2.0377],[111.4459,2.0528],[111.4383,2.0689],[111.4833,2.1045],[111.4748,2.115],[111.4776,2.1292],[111.4651,2.1299],[111.4615,2.158],[111.4788,2.1607],[111.4782,2.1279],[111.4888,2.1318],[111.5073,2.1201],[111.5111,2.1081],[111.5289,2.1513],[111.5475,2.1516],[111.554,2.1712],[111.5446,2.1811],[111.5454,2.1886],[111.5849,2.1913],[111.5933,2.1807],[111.5869,2.1781],[111.5932,2.1643],[111.6082,2.1599],[111.6237,2.1641],[111.6306,2.151],[111.6407,2.1582],[111.631,2.1683],[111.6379,2.2168],[111.6166,2.2405],[111.6265,2.2401],[111.6435,2.2198],[111.6544,2.2484],[111.6751,2.2551],[111.6736,2.2677],[111.6836,2.2687],[111.6855,2.2775],[111.7011,2.2643],[111.7129,2.2234],[111.7238,2.2211],[111.7181,2.2079],[111.7579,2.1839],[111.7525,2.1716],[111.7564,2.1676],[111.7729,2.1597],[111.7921,2.1598],[111.7926,2.1203],[111.7867,2.1199],[111.7837,2.0913],[111.7933,2.0652],[111.7923,2.0454],[111.7661,2.0134],[111.7609,2.0149],[111.7586,1.9982],[111.7267,1.9995],[111.713,1.9829],[111.7049,1.9934],[111.6785,1.9892],[111.6663,1.9854],[111.6625,1.9722],[111.6409,1.9898],[111.6474,1.9984],[111.6416,2.0043],[111.6316,2.0028],[111.6037,2.0177],[111.5882,2.0085],[111.5784,2.0101],[111.5745,2.0197]]]}},{"type":"Feature","properties":{"c":"P.209","n":"Julau","s":"Sarawak","w":"ALONE","p":"PBM","cand":"Larry Soon @ Larry Sng Wei Shien","pct":40.6,"maj":1340,"nc":4,"tv":22537,"unc":false,"rw":"GPS","rp":"PRS","rcand":"Joseph Salang anak Gandum","rpct":34.7},"geometry":{"type":"Polygon","coordinates":[[[111.713,1.9852],[111.7267,1.9995],[111.7586,1.9982],[111.7609,2.0149],[111.7661,2.0134],[111.7971,2.0482],[111.8384,2.0384],[111.8499,2.0601],[111.8625,2.0563],[111.8908,2.063],[111.8882,2.0684],[111.9054,2.0755],[111.9162,2.0646],[111.9274,2.0677],[111.9401,2.0609],[111.9452,2.0673],[111.9653,2.0611],[111.9685,2.0378],[111.9662,2.0247],[111.9601,2.0216],[111.9694,2.0214],[111.973,2.0068],[111.9667,1.9918],[111.9545,1.9859],[111.9604,1.9572],[111.9517,1.9542],[111.9591,1.9336],[111.9823,1.9235],[111.9994,1.9261],[112.0223,1.9099],[112.0244,1.898],[112.0534,1.8672],[112.0463,1.8558],[112.0269,1.8592],[112.0308,1.8446],[112.0212,1.8341],[112.0221,1.8253],[112.045,1.8079],[112.0682,1.7997],[112.1023,1.7681],[112.1023,1.7619],[112.1194,1.7547],[112.1499,1.7543],[112.1551,1.7465],[112.1724,1.7428],[112.1838,1.728],[112.1803,1.7147],[112.1914,1.6997],[112.1867,1.6935],[112.2142,1.6592],[112.1705,1.6596],[112.1513,1.6238],[112.1208,1.6227],[112.1127,1.6094],[112.0684,1.6167],[112.0696,1.5768],[112.0496,1.5845],[112.0417,1.5697],[111.9897,1.5623],[111.9688,1.5662],[111.9271,1.5611],[111.8989,1.5683],[111.8954,1.5751],[111.8794,1.5652],[111.8589,1.5791],[111.8457,1.5725],[111.825,1.587],[111.7835,1.5756],[111.7733,1.6063],[111.746,1.6201],[111.7482,1.6502],[111.7292,1.6596],[111.724,1.652],[111.7041,1.6589],[111.6951,1.6381],[111.668,1.6306],[111.6497,1.6385],[111.6427,1.6328],[111.6295,1.638],[111.634,1.6495],[111.6212,1.6667],[111.6328,1.6866],[111.6251,1.721],[111.6305,1.7205],[111.6295,1.7305],[111.642,1.7416],[111.6287,1.7476],[111.6088,1.7702],[111.5647,1.7817],[111.5509,1.7926],[111.5372,1.8153],[111.539,1.8222],[111.5213,1.8285],[111.5198,1.8635],[111.4838,1.8822],[111.484,1.8978],[111.4736,1.9059],[111.4591,1.8964],[111.4588,1.9377],[111.4335,1.9513],[111.432,1.9619],[111.451,1.9971],[111.4618,1.9956],[111.4675,2.0239],[111.4885,2.0095],[111.4817,2.0269],[111.4965,2.0427],[111.5315,2.0374],[111.5366,2.0509],[111.5413,2.0504],[111.5366,2.0352],[111.5424,2.0305],[111.5492,2.0466],[111.5708,2.0393],[111.568,2.0243],[111.5776,2.0196],[111.5784,2.0101],[111.5882,2.0085],[111.6037,2.0177],[111.6316,2.0028],[111.6416,2.0043],[111.6474,1.9984],[111.6409,1.9898],[111.6625,1.9722],[111.6663,1.9854],[111.6785,1.9892],[111.7049,1.9934],[111.713,1.9852]]]}},{"type":"Feature","properties":{"c":"P.210","n":"Kanowit","s":"Sarawak","w":"GPS","p":"PRS","cand":"Aaron Ago Dagang","pct":41.1,"maj":236,"nc":5,"tv":18043,"unc":false,"rw":"PH","rp":"PKR","rcand":"Mohd Fauzi Abdullah @ Joseph @ Usit A/k Nyambong","rpct":39.8},"geometry":{"type":"Polygon","coordinates":[[[112.0789,2.1428],[112.0958,2.1591],[112.1089,2.1599],[112.1045,2.1638],[112.1193,2.2014],[112.1693,2.187],[112.2318,2.1788],[112.2362,2.1882],[112.254,2.184],[112.2733,2.1923],[112.3192,2.1762],[112.3547,2.1751],[112.4131,2.1544],[112.4235,2.1354],[112.4023,2.1137],[112.4073,2.1081],[112.3998,2.0963],[112.4157,2.0817],[112.4004,2.0631],[112.3847,2.0651],[112.3834,2.0488],[112.408,2.0355],[112.4039,2.0248],[112.4298,2.0082],[112.4304,1.9922],[112.4923,1.9787],[112.4918,1.9621],[112.483,1.963],[112.4768,1.9551],[112.4696,1.9307],[112.4753,1.9248],[112.4695,1.9178],[112.4723,1.9089],[112.4677,1.8987],[112.4569,1.8974],[112.4551,1.8833],[112.4372,1.883],[112.4274,1.8592],[112.3984,1.857],[112.3878,1.8643],[112.3783,1.8592],[112.3986,1.8429],[112.3997,1.8343],[112.4213,1.8315],[112.4226,1.8135],[112.4628,1.7946],[112.4367,1.7813],[112.4192,1.7853],[112.4079,1.7812],[112.3988,1.7614],[112.4024,1.7489],[112.3897,1.7492],[112.381,1.7385],[112.354,1.7419],[112.3401,1.7333],[112.315,1.7436],[112.3002,1.7097],[112.2892,1.7018],[112.2716,1.7035],[112.2637,1.6961],[112.2663,1.6729],[112.288,1.6747],[112.2897,1.663],[112.27,1.6397],[112.2544,1.6538],[112.2341,1.6572],[112.2132,1.684],[112.198,1.68],[112.1867,1.6935],[112.1914,1.6997],[112.1803,1.7147],[112.1838,1.728],[112.1724,1.7428],[112.1551,1.7465],[112.1499,1.7543],[112.1194,1.7547],[112.1023,1.7619],[112.1023,1.7681],[112.0682,1.7997],[112.0281,1.8195],[112.0212,1.8279],[112.0308,1.8446],[112.0269,1.8592],[112.047,1.856],[112.0525,1.8692],[112.0244,1.898],[112.0223,1.9099],[111.9994,1.9261],[111.9823,1.9235],[111.9591,1.9336],[111.9517,1.9542],[111.9604,1.9572],[111.9545,1.9859],[111.9667,1.9918],[111.973,2.0068],[111.9694,2.0214],[111.9601,2.0216],[111.9662,2.0247],[111.9685,2.0378],[111.9636,2.0534],[111.9653,2.0611],[111.9763,2.0658],[111.9806,2.0884],[112.0312,2.0769],[112.0611,2.0862],[112.0789,2.1428]]]}},{"type":"Feature","properties":{"c":"P.211","n":"Lanang","s":"Sarawak","w":"PH","p":"DAP","cand":"Alice Lau Kiong Yieng","pct":56.9,"maj":11544,"nc":4,"tv":52946,"unc":false,"rw":"GPS","rp":"SUPP","rcand":"Wong Ching Yong","rpct":35.1},"geometry":{"type":"Polygon","coordinates":[[[111.9364,2.2478],[111.9587,2.2804],[111.963,2.2836],[111.9802,2.2721],[111.9731,2.289],[111.9819,2.2924],[111.9809,2.2836],[111.9921,2.2797],[112.0056,2.3015],[112.0206,2.2953],[112.0194,2.2814],[112.0296,2.2736],[112.0439,2.2756],[112.0462,2.2686],[112.0404,2.2629],[112.064,2.2474],[112.064,2.2413],[112.1127,2.2214],[112.1198,2.2035],[112.1045,2.1638],[112.1089,2.1599],[112.0958,2.1591],[112.08,2.147],[112.0636,2.0892],[112.0312,2.0769],[111.9806,2.0884],[111.9763,2.0658],[111.9676,2.0606],[111.9452,2.0673],[111.9401,2.0609],[111.9274,2.0677],[111.9162,2.0646],[111.9054,2.0755],[111.8882,2.0684],[111.8908,2.063],[111.8625,2.0563],[111.8499,2.0601],[111.8384,2.0384],[111.7923,2.0454],[111.7933,2.0652],[111.7837,2.0913],[111.7867,2.1199],[111.7926,2.1203],[111.7921,2.1738],[111.8018,2.1716],[111.8161,2.1827],[111.8222,2.2076],[111.8366,2.2212],[111.8234,2.2354],[111.8247,2.253],[111.8159,2.2497],[111.8076,2.2669],[111.8129,2.28],[111.8317,2.2872],[111.8242,2.2928],[111.8282,2.3057],[111.841,2.2967],[111.858,2.3043],[111.8841,2.2857],[111.8804,2.2823],[111.8928,2.2719],[111.9364,2.2478]]]}},{"type":"Feature","properties":{"c":"P.212","n":"Sibu","s":"Sarawak","w":"PH","p":"DAP","cand":"Oscar Ling Chai Yew","pct":47.4,"maj":7760,"nc":3,"tv":65942,"unc":false,"rw":"GPS","rp":"SUPP","rcand":"Clarence Ting Ing Horh @ Ting Ing Ho","rpct":35.7},"geometry":{"type":"Polygon","coordinates":[[[111.9688,2.337],[111.9577,2.3375],[111.9625,2.3185],[111.9574,2.3033],[111.964,2.2964],[111.9684,2.3163],[111.9742,2.3094],[111.9871,2.3149],[111.9998,2.3079],[112.0193,2.3212],[112.0245,2.3335],[112.0687,2.3332],[112.0671,2.3107],[112.0391,2.3147],[112.0443,2.292],[112.0604,2.3014],[112.0856,2.2921],[112.1092,2.3176],[112.1218,2.3112],[112.1275,2.3174],[112.1353,2.3137],[112.1445,2.3071],[112.1386,2.3035],[112.1412,2.2961],[112.1568,2.3025],[112.163,2.2962],[112.1607,2.2864],[112.1521,2.2764],[112.144,2.2811],[112.1333,2.2749],[112.1299,2.2582],[112.143,2.2537],[112.1349,2.2257],[112.1176,2.2204],[112.1147,2.2141],[112.1127,2.2214],[112.0777,2.2321],[112.0404,2.2629],[112.0462,2.2686],[112.0439,2.2756],[112.0296,2.2736],[112.0194,2.2814],[112.0206,2.2953],[112.0056,2.3015],[111.9921,2.2797],[111.9809,2.2836],[111.9819,2.2924],[111.9731,2.289],[111.9802,2.2721],[111.963,2.2836],[111.9552,2.2776],[111.9356,2.2451],[111.8928,2.2719],[111.8804,2.2823],[111.8841,2.2857],[111.858,2.3043],[111.841,2.2967],[111.8282,2.3057],[111.8242,2.2928],[111.8317,2.2872],[111.8129,2.28],[111.8076,2.2669],[111.8159,2.2497],[111.8247,2.253],[111.8234,2.2354],[111.8366,2.2212],[111.8222,2.2076],[111.8161,2.1827],[111.8018,2.1716],[111.7921,2.1738],[111.7921,2.1598],[111.7729,2.1597],[111.7525,2.1716],[111.7579,2.1839],[111.7181,2.2079],[111.7238,2.2211],[111.7129,2.2234],[111.7011,2.2643],[111.6855,2.2775],[111.6836,2.2687],[111.6736,2.2677],[111.6724,2.2872],[111.6534,2.2821],[111.6526,2.3232],[111.6452,2.3293],[111.6483,2.3535],[111.6194,2.3594],[111.6188,2.381],[111.627,2.3906],[111.714,2.3846],[111.7291,2.4049],[111.7621,2.4901],[111.7521,2.5197],[111.7731,2.544],[111.7675,2.5514],[111.7705,2.5602],[111.7579,2.5725],[111.7638,2.6343],[111.7682,2.6351],[111.7683,2.6843],[111.7851,2.6857],[111.7847,2.7069],[111.8353,2.7128],[111.8616,2.6753],[111.8899,2.6825],[111.8895,2.6572],[111.9396,2.6565],[111.9396,2.5822],[111.947,2.5641],[111.9406,2.4882],[111.9505,2.4474],[111.9458,2.4254],[111.961,2.4109],[111.979,2.4071],[111.9695,2.3985],[111.9697,2.388],[112.0084,2.3912],[112.0034,2.3803],[112.0145,2.3662],[112.0062,2.3596],[112.0144,2.3429],[112.0105,2.3336],[111.9772,2.334],[111.9772,2.344],[111.9688,2.344],[111.9688,2.337]]]}},{"type":"Feature","properties":{"c":"P.213","n":"Mukah","s":"Sarawak","w":"GPS","p":"PBB","cand":"Hanifah Hajar Taib","pct":78.2,"maj":15686,"nc":2,"tv":27780,"unc":false,"rw":"PH","rp":"PKR","rcand":"Abdul Jalil bin Bujang","rpct":21.8},"geometry":{"type":"Polygon","coordinates":[[[112.3499,2.7096],[112.3506,2.695],[112.3355,2.6692],[112.3477,2.6669],[112.347,2.651],[112.3302,2.6445],[112.3341,2.6178],[112.3424,2.6047],[112.3414,2.566],[112.2979,2.5654],[112.312,2.5594],[112.3114,2.5522],[112.3013,2.5526],[112.3016,2.5447],[112.2792,2.5479],[112.2782,2.5225],[112.2684,2.5233],[112.2583,2.5071],[112.2301,2.5074],[112.2309,2.4892],[112.2168,2.4884],[112.2134,2.4715],[112.1845,2.488],[112.1956,2.5073],[112.1917,2.5113],[112.1322,2.5193],[112.0071,2.5152],[112.0058,2.5297],[111.9909,2.5426],[111.9754,2.5389],[111.9646,2.5203],[111.9645,2.5049],[111.9452,2.497],[111.9412,2.4985],[111.947,2.5641],[111.9396,2.5822],[111.9396,2.6565],[111.8895,2.6572],[111.8899,2.6825],[111.8616,2.6753],[111.8398,2.7058],[111.8341,2.7152],[111.8546,2.7193],[111.8527,2.7435],[111.8228,2.769],[111.8234,2.8097],[111.7969,2.8118],[111.7961,2.8647],[111.8652,2.8762],[111.927,2.8783],[112.0873,2.9112],[112.0955,2.9076],[112.0986,2.9132],[112.3264,2.9728],[112.556,3.0192],[112.5733,3.0203],[112.5847,3.0141],[112.6232,3.0387],[112.7008,3.0615],[112.7026,3.0536],[112.7221,3.0417],[112.7323,2.9994],[112.7322,2.9588],[112.7281,2.92],[112.7202,2.9159],[112.7154,2.8914],[112.6373,2.893],[112.5694,2.9032],[112.4977,2.8984],[112.4925,2.9043],[112.4598,2.9073],[112.4252,2.9021],[112.4124,2.8729],[112.423,2.8566],[112.3954,2.8284],[112.3983,2.8184],[112.3885,2.7952],[112.3675,2.78],[112.3553,2.7813],[112.3399,2.7626],[112.35,2.7339],[112.3499,2.7096]]]}},{"type":"Feature","properties":{"c":"P.214","n":"Selangau","s":"Sarawak","w":"GPS","p":"PRS","cand":"Edwin anak Banta","pct":55.8,"maj":4986,"nc":3,"tv":28796,"unc":false,"rw":"PH","rp":"PKR","rcand":"Umpang anak Sabang","rpct":38.5},"geometry":{"type":"Polygon","coordinates":[[[112.6325,2.1824],[112.6091,2.175],[112.5859,2.188],[112.528,2.1646],[112.5112,2.1736],[112.4737,2.175],[112.4466,2.1628],[112.4175,2.1627],[112.4131,2.1544],[112.3547,2.1751],[112.3192,2.1762],[112.2733,2.1923],[112.254,2.184],[112.2362,2.1882],[112.2318,2.1788],[112.1231,2.1985],[112.1138,2.2123],[112.1176,2.2204],[112.1349,2.2257],[112.143,2.2537],[112.1299,2.2582],[112.1333,2.2749],[112.144,2.2811],[112.1521,2.2764],[112.1607,2.2864],[112.163,2.2962],[112.1568,2.3025],[112.1412,2.2961],[112.1386,2.3035],[112.1445,2.3071],[112.1353,2.3137],[112.1275,2.3174],[112.1218,2.3112],[112.1092,2.3176],[112.0856,2.2921],[112.0604,2.3014],[112.0443,2.292],[112.0391,2.3147],[112.0671,2.3107],[112.0687,2.3332],[112.0245,2.3335],[112.0193,2.3212],[111.9998,2.3079],[111.9871,2.3149],[111.9742,2.3094],[111.9684,2.3163],[111.9677,2.3004],[111.964,2.2964],[111.9579,2.301],[111.9625,2.3185],[111.9577,2.3375],[111.9688,2.337],[111.9688,2.344],[111.9772,2.344],[111.9772,2.334],[112.0105,2.3336],[112.0144,2.3429],[112.0062,2.3596],[112.0145,2.3662],[112.0034,2.3803],[112.0084,2.3912],[111.9697,2.388],[111.9695,2.3985],[111.979,2.4071],[111.961,2.4109],[111.9458,2.4254],[111.9505,2.4474],[111.9412,2.4985],[111.9645,2.5049],[111.9646,2.5203],[111.9754,2.5389],[111.9909,2.5426],[112.0058,2.5297],[112.0071,2.5152],[112.1322,2.5193],[112.1917,2.5113],[112.1956,2.5073],[112.1845,2.488],[112.2134,2.4715],[112.2168,2.4884],[112.2309,2.4892],[112.2301,2.5074],[112.2583,2.5071],[112.2684,2.5233],[112.2782,2.5225],[112.2792,2.5479],[112.3016,2.5447],[112.3013,2.5526],[112.3114,2.5522],[112.312,2.5594],[112.2979,2.5654],[112.3414,2.566],[112.3424,2.6047],[112.3341,2.6178],[112.3302,2.6445],[112.347,2.651],[112.3477,2.6669],[112.3355,2.6692],[112.3506,2.695],[112.35,2.7339],[112.3393,2.761],[112.3553,2.7813],[112.3675,2.78],[112.3885,2.7952],[112.3983,2.8184],[112.3954,2.8284],[112.423,2.8566],[112.4124,2.8729],[112.4252,2.9021],[112.4553,2.9073],[112.4925,2.9043],[112.4992,2.8984],[112.5694,2.9032],[112.7099,2.8886],[112.7212,2.9045],[112.7202,2.9159],[112.7271,2.916],[112.7308,2.9334],[112.7327,2.9955],[112.7255,3.0284],[112.7286,3.0355],[112.7412,3.0386],[112.7547,3.0388],[112.7664,3.0304],[112.7812,2.9762],[112.7957,2.9611],[112.8233,2.9657],[112.838,2.9831],[112.8662,2.9796],[112.8744,2.9879],[112.8984,2.9905],[112.9107,3.0097],[112.9276,3.0018],[112.942,3.0053],[112.9472,2.9934],[112.959,3.0075],[112.9698,3.0071],[112.9714,2.9917],[112.9616,2.9859],[112.9764,2.9841],[112.9758,2.9655],[112.97,2.9596],[112.981,2.9595],[112.9857,2.9482],[112.9769,2.941],[112.9704,2.9141],[112.9969,2.9185],[113.0009,2.9286],[113.0141,2.9277],[113.018,2.9135],[113.0383,2.9183],[113.047,2.9324],[113.0562,2.925],[113.0702,2.925],[113.0846,2.9338],[113.084,2.9146],[113.1116,2.9199],[113.1274,2.8883],[113.1523,2.8945],[113.1696,2.8892],[113.1976,2.8947],[113.224,2.8894],[113.2485,2.8399],[113.2477,2.817],[113.2718,2.8155],[113.2731,2.8008],[113.289,2.7905],[113.3012,2.7685],[113.2972,2.7603],[113.2831,2.7668],[113.2539,2.7589],[113.2363,2.7343],[113.2419,2.7141],[113.2574,2.7211],[113.3016,2.7077],[113.3113,2.7146],[113.3232,2.7127],[113.3435,2.6811],[113.3673,2.6919],[113.3737,2.688],[113.4126,2.7017],[113.4212,2.6996],[113.437,2.7117],[113.4679,2.7146],[113.4715,2.6968],[113.4881,2.6772],[113.4905,2.6558],[113.5009,2.658],[113.5026,2.6519],[113.4933,2.6368],[113.498,2.6215],[113.4818,2.5994],[113.4965,2.5739],[113.5149,2.5723],[113.5294,2.5618],[113.5216,2.5483],[113.5105,2.5478],[113.5056,2.5392],[113.4614,2.519],[113.4456,2.5321],[113.4281,2.5295],[113.4323,2.5403],[113.4273,2.5631],[113.403,2.5701],[113.3961,2.5662],[113.3886,2.5726],[113.3785,2.5678],[113.3814,2.5628],[113.3733,2.5533],[113.3203,2.5571],[113.3168,2.5523],[113.3266,2.5358],[113.3144,2.5309],[113.2705,2.5379],[113.2617,2.5286],[113.2729,2.5217],[113.2646,2.5114],[113.2505,2.5073],[113.2343,2.5235],[113.2237,2.5207],[113.2204,2.5111],[113.2089,2.5113],[113.2042,2.5021],[113.1952,2.5048],[113.1925,2.4927],[113.1855,2.4943],[113.1801,2.4823],[113.1664,2.4844],[113.1337,2.4722],[113.1301,2.457],[113.1122,2.4559],[113.0926,2.4441],[113.0805,2.4562],[113.0759,2.445],[113.045,2.4438],[113.0506,2.428],[113.0386,2.4128],[113.0511,2.4006],[113.0453,2.3775],[113.0519,2.3675],[113.0613,2.3671],[113.0498,2.3589],[113.0534,2.3431],[113.029,2.3372],[113.0242,2.3256],[113.0041,2.3277],[113.0002,2.2924],[113.0063,2.2826],[113.0012,2.2752],[112.9843,2.2843],[112.97,2.2768],[112.9564,2.2791],[112.9369,2.2903],[112.9318,2.2814],[112.9133,2.2815],[112.9173,2.272],[112.8955,2.2565],[112.8953,2.2504],[112.9137,2.2372],[112.9076,2.2345],[112.9016,2.2005],[112.8914,2.1881],[112.8946,2.1758],[112.8851,2.1746],[112.8763,2.1642],[112.8396,2.1644],[112.8359,2.1536],[112.8258,2.1488],[112.7922,2.1557],[112.7893,2.1488],[112.7568,2.1497],[112.7434,2.1583],[112.695,2.1625],[112.6885,2.1722],[112.6325,2.1824]]]}},{"type":"Feature","properties":{"c":"P.215","n":"Kapit","s":"Sarawak","w":"GPS","p":"PBB","cand":"Alexander Nanta Linggi","pct":75.1,"maj":12402,"nc":3,"tv":21999,"unc":false,"rw":"PH","rp":"PKR","rcand":"Khusyairy Pangkas Abdullah","rpct":18.7},"geometry":{"type":"Polygon","coordinates":[[[112.9658,1.7582],[112.9336,1.7467],[112.9334,1.7363],[112.9428,1.73],[112.9285,1.715],[112.9176,1.7158],[112.9013,1.6974],[112.8981,1.6825],[112.858,1.6821],[112.8612,1.6739],[112.9031,1.6688],[112.9051,1.6436],[112.9192,1.6367],[112.9067,1.6305],[112.9155,1.6019],[112.9052,1.5854],[112.8801,1.5845],[112.8663,1.5614],[112.8543,1.5593],[112.8409,1.5382],[112.8295,1.5475],[112.8125,1.5401],[112.7947,1.5562],[112.7746,1.5638],[112.7496,1.5577],[112.7272,1.568],[112.6948,1.5545],[112.6769,1.5546],[112.6577,1.5714],[112.6326,1.5656],[112.6014,1.5737],[112.5603,1.5724],[112.5255,1.5803],[112.5153,1.576],[112.501,1.5838],[112.4461,1.5529],[112.4444,1.5379],[112.434,1.5272],[112.3936,1.5227],[112.3863,1.5137],[112.3743,1.5166],[112.3521,1.5038],[112.3193,1.5076],[112.3181,1.5004],[112.2937,1.4841],[112.2886,1.4741],[112.2521,1.458],[112.227,1.4566],[112.2122,1.4495],[112.2055,1.4381],[112.1549,1.4601],[112.1421,1.4613],[112.1312,1.4545],[112.1066,1.4659],[112.0941,1.4579],[112.0761,1.4573],[112.0734,1.4721],[112.0611,1.477],[112.056,1.4723],[112.037,1.487],[112.0377,1.4999],[112.0216,1.5237],[112.02,1.5461],[112.0046,1.5572],[112.0031,1.5667],[112.0417,1.5697],[112.0496,1.5845],[112.0696,1.5768],[112.0684,1.6167],[112.1127,1.6094],[112.1208,1.6227],[112.1513,1.6238],[112.1705,1.6596],[112.2142,1.6592],[112.2036,1.6831],[112.2157,1.6824],[112.2341,1.6572],[112.2544,1.6538],[112.27,1.6397],[112.2897,1.663],[112.288,1.6747],[112.2663,1.6729],[112.2637,1.6961],[112.2716,1.7035],[112.2892,1.7018],[112.3002,1.7097],[112.315,1.7436],[112.3401,1.7333],[112.354,1.7419],[112.381,1.7385],[112.3897,1.7492],[112.4024,1.7489],[112.3988,1.7614],[112.4079,1.7812],[112.4192,1.7853],[112.4367,1.7813],[112.4628,1.7946],[112.4226,1.8135],[112.4213,1.8315],[112.3997,1.8343],[112.3986,1.8429],[112.3781,1.8579],[112.3878,1.8643],[112.3984,1.857],[112.4274,1.8592],[112.4372,1.883],[112.4551,1.8833],[112.4569,1.8974],[112.4677,1.8987],[112.4738,1.9139],[112.4695,1.9178],[112.4753,1.9248],[112.4696,1.9307],[112.4768,1.9551],[112.483,1.963],[112.4918,1.9621],[112.4891,1.9684],[112.4941,1.9692],[112.4905,1.98],[112.4304,1.9922],[112.4298,2.0082],[112.4039,2.0248],[112.408,2.0355],[112.3834,2.0488],[112.3847,2.0651],[112.4004,2.0631],[112.4157,2.0817],[112.3998,2.0963],[112.4073,2.1081],[112.4023,2.1137],[112.4235,2.1354],[112.4131,2.1544],[112.4175,2.1627],[112.4466,2.1628],[112.4737,2.175],[112.5112,2.1736],[112.528,2.1646],[112.5873,2.1882],[112.6091,2.175],[112.63,2.1838],[112.6563,2.1743],[112.6885,2.1722],[112.695,2.1625],[112.7434,2.1583],[112.7568,2.1497],[112.7893,2.1488],[112.7922,2.1557],[112.8258,2.1488],[112.8359,2.1536],[112.8396,2.1644],[112.8763,2.1642],[112.8851,2.1746],[112.8938,2.1741],[112.8914,2.1881],[112.9016,2.2005],[112.9076,2.2345],[112.9137,2.2372],[112.8953,2.2504],[112.8955,2.2565],[112.9173,2.272],[112.9128,2.2805],[112.9181,2.2845],[112.9318,2.2814],[112.9369,2.2903],[112.9437,2.2895],[112.9564,2.2791],[112.97,2.2768],[112.9843,2.2843],[112.998,2.2758],[113.024,2.2724],[113.0341,2.2596],[113.0607,2.2535],[113.063,2.2351],[113.1208,2.2371],[113.1218,2.2503],[113.1572,2.2678],[113.1625,2.2614],[113.1663,2.2658],[113.1779,2.2615],[113.19,2.2793],[113.1996,2.2789],[113.1986,2.2869],[113.2116,2.2928],[113.2124,2.3162],[113.2289,2.3196],[113.2311,2.3084],[113.2406,2.3043],[113.2413,2.3089],[113.2435,2.3038],[113.2765,2.3198],[113.2698,2.3028],[113.2751,2.2955],[113.2722,2.2823],[113.2877,2.2728],[113.2731,2.2622],[113.2734,2.2545],[113.2596,2.2499],[113.2589,2.2226],[113.2771,2.217],[113.2707,2.2131],[113.2786,2.2036],[113.3084,2.1998],[113.2958,2.1888],[113.3031,2.1785],[113.3034,2.1631],[113.2702,2.1648],[113.2494,2.1414],[113.2259,2.1636],[113.2172,2.1591],[113.2162,2.1479],[113.1919,2.1366],[113.1695,2.1527],[113.138,2.1553],[113.1342,2.1507],[113.1434,2.1456],[113.147,2.0935],[113.1835,2.0509],[113.171,2.0385],[113.1786,2.0262],[113.1615,2.0252],[113.1562,2.0156],[113.154,1.99],[113.1737,1.9763],[113.1707,1.9472],[113.1898,1.9385],[113.1921,1.9156],[113.2004,1.9138],[113.1968,1.9053],[113.2181,1.8902],[113.2209,1.8656],[113.234,1.8452],[113.1782,1.8435],[113.1407,1.8342],[113.1048,1.8374],[113.0875,1.82],[113.0621,1.8203],[113.0562,1.8099],[113.051,1.8139],[113.0452,1.788],[112.996,1.7969],[112.9755,1.7738],[112.9601,1.7657],[112.9658,1.7582]]]}},{"type":"Feature","properties":{"c":"P.216","n":"Hulu Rajang","s":"Sarawak","w":"GPS","p":"PRS","cand":"Wilson Ugak anak Kumbong","pct":66.0,"maj":7505,"nc":2,"tv":23407,"unc":false,"rw":"PH","rp":"PKR","rcand":"Abun Sui Anyit","rpct":34.0},"geometry":{"type":"Polygon","coordinates":[[[114.6105,1.5753],[114.6113,1.5588],[114.5996,1.5315],[114.616,1.5156],[114.6053,1.4998],[114.6063,1.4877],[114.5939,1.4806],[114.5865,1.4472],[114.5755,1.4425],[114.5655,1.427],[114.558,1.4354],[114.526,1.4429],[114.512,1.4621],[114.4725,1.4752],[114.4143,1.5115],[114.4054,1.5229],[114.3846,1.5166],[114.3865,1.5016],[114.3791,1.493],[114.3327,1.4842],[114.3072,1.4719],[114.2991,1.4573],[114.2383,1.4483],[114.2374,1.4385],[114.2228,1.4256],[114.223,1.4166],[114.2102,1.4108],[114.1911,1.4288],[114.1595,1.4414],[114.1425,1.4665],[114.1078,1.4559],[114.0959,1.4669],[114.0779,1.466],[114.0468,1.4526],[114.009,1.4509],[113.9961,1.444],[113.9747,1.4498],[113.9674,1.4421],[113.9503,1.4402],[113.9377,1.4189],[113.9261,1.4123],[113.9129,1.415],[113.8841,1.4004],[113.8762,1.39],[113.8491,1.389],[113.845,1.3808],[113.8216,1.3736],[113.8147,1.3663],[113.8302,1.3547],[113.8305,1.3374],[113.8037,1.3004],[113.7856,1.2966],[113.7556,1.2768],[113.7148,1.2643],[113.7035,1.2664],[113.6899,1.2425],[113.6667,1.23],[113.6627,1.2175],[113.6505,1.2241],[113.6315,1.2193],[113.6188,1.23],[113.6281,1.2415],[113.6258,1.2525],[113.5973,1.2628],[113.5829,1.3085],[113.56,1.3092],[113.5501,1.3199],[113.5377,1.3227],[113.5148,1.3143],[113.4999,1.3181],[113.4878,1.3076],[113.4661,1.3041],[113.4529,1.2858],[113.4213,1.2854],[113.3985,1.318],[113.3698,1.3237],[113.3569,1.3579],[113.3352,1.3644],[113.328,1.3754],[113.3071,1.3708],[113.2857,1.3813],[113.2748,1.3803],[113.2678,1.3877],[113.25,1.3822],[113.2324,1.3944],[113.2196,1.3815],[113.1888,1.3768],[113.1611,1.3916],[113.1442,1.3877],[113.1334,1.4017],[113.1332,1.4127],[113.1222,1.421],[113.1237,1.4287],[113.1059,1.4454],[113.0971,1.4433],[113.0885,1.429],[113.0743,1.4315],[113.0573,1.4211],[113.0437,1.4241],[113.0185,1.4055],[112.9751,1.4106],[112.9752,1.4372],[112.9826,1.4501],[113.0413,1.4749],[113.0316,1.4928],[113.0498,1.4996],[113.0451,1.5151],[113.0553,1.5265],[113.0707,1.5295],[113.0639,1.5526],[113.0343,1.5665],[113.0053,1.5691],[112.9993,1.5782],[112.9896,1.579],[112.9837,1.5634],[112.9602,1.5684],[112.9569,1.5743],[112.9425,1.567],[112.9236,1.5709],[112.9155,1.583],[112.9027,1.5851],[112.9155,1.6019],[112.9067,1.6305],[112.9192,1.6367],[112.9051,1.6436],[112.9031,1.6688],[112.8581,1.6752],[112.859,1.6824],[112.8981,1.6825],[112.9013,1.6974],[112.9176,1.7158],[112.9285,1.715],[112.9428,1.73],[112.9334,1.7363],[112.9336,1.7467],[112.9632,1.7541],[112.9601,1.7657],[112.9755,1.7738],[112.996,1.7969],[113.0452,1.788],[113.051,1.8139],[113.0562,1.8099],[113.0621,1.8203],[113.0875,1.82],[113.1048,1.8374],[113.1407,1.8342],[113.1782,1.8435],[113.234,1.8452],[113.2209,1.8656],[113.2181,1.8902],[113.1968,1.9053],[113.2004,1.9138],[113.1921,1.9156],[113.1898,1.9385],[113.1707,1.9472],[113.1737,1.9763],[113.154,1.99],[113.1562,2.0156],[113.1615,2.0252],[113.1786,2.0262],[113.171,2.0385],[113.1835,2.0509],[113.147,2.0935],[113.1434,2.1456],[113.1342,2.1507],[113.138,2.1553],[113.1695,2.1527],[113.1919,2.1366],[113.2162,2.1479],[113.2172,2.1591],[113.2259,2.1636],[113.2494,2.1414],[113.2702,2.1648],[113.3034,2.1631],[113.3031,2.1785],[113.2958,2.1888],[113.3084,2.1998],[113.2786,2.2036],[113.2707,2.2131],[113.2771,2.217],[113.2589,2.2226],[113.2596,2.2499],[113.2734,2.2545],[113.2731,2.2622],[113.2877,2.2728],[113.2722,2.2823],[113.2751,2.2955],[113.2698,2.3028],[113.2765,2.3198],[113.2435,2.3038],[113.2413,2.3089],[113.2406,2.3043],[113.2311,2.3084],[113.2289,2.3196],[113.2124,2.3162],[113.2116,2.2928],[113.1986,2.2869],[113.1996,2.2789],[113.19,2.2793],[113.1779,2.2615],[113.1663,2.2658],[113.1625,2.2614],[113.1572,2.2678],[113.1218,2.2503],[113.1208,2.2371],[113.0593,2.2371],[113.0607,2.2535],[113.0341,2.2596],[113.0262,2.2716],[113.0012,2.2752],[113.0063,2.2826],[113.0002,2.2924],[113.0041,2.3277],[113.0242,2.3256],[113.029,2.3372],[113.0521,2.3413],[113.0498,2.3589],[113.0613,2.3671],[113.0519,2.3675],[113.0453,2.3775],[113.0511,2.4006],[113.0386,2.4128],[113.0506,2.428],[113.045,2.4438],[113.0759,2.445],[113.0805,2.4562],[113.0926,2.4441],[113.1122,2.4559],[113.1301,2.457],[113.1337,2.4722],[113.1664,2.4844],[113.1801,2.4823],[113.1855,2.4943],[113.1925,2.4927],[113.1952,2.5048],[113.2042,2.5021],[113.2089,2.5113],[113.2204,2.5111],[113.2237,2.5207],[113.2343,2.5235],[113.2505,2.5073],[113.2646,2.5114],[113.2729,2.5217],[113.2617,2.5286],[113.2705,2.5379],[113.3144,2.5309],[113.3266,2.5358],[113.3168,2.5523],[113.3203,2.5571],[113.3733,2.5533],[113.3814,2.5628],[113.3785,2.5678],[113.3886,2.5726],[113.3961,2.5662],[113.403,2.5701],[113.4273,2.5631],[113.4323,2.5403],[113.4281,2.5295],[113.4456,2.5321],[113.4614,2.519],[113.5056,2.5392],[113.5105,2.5478],[113.5216,2.5483],[113.5294,2.5618],[113.5149,2.5723],[113.4965,2.5739],[113.4818,2.5994],[113.498,2.6215],[113.4933,2.6368],[113.5026,2.6519],[113.5009,2.658],[113.4905,2.6558],[113.4881,2.6772],[113.4715,2.6968],[113.4655,2.7165],[113.4763,2.7188],[113.4858,2.7321],[113.5033,2.7327],[113.5485,2.7108],[113.5285,2.6997],[113.5264,2.6937],[113.531,2.6927],[113.5811,2.7069],[113.6153,2.7238],[113.6329,2.7411],[113.6459,2.7447],[113.6565,2.7704],[113.6691,2.7755],[113.6926,2.8434],[113.704,2.8557],[113.7011,2.8636],[113.7102,2.8874],[113.7088,2.9119],[113.7013,2.9186],[113.7034,2.9432],[113.7126,2.9612],[113.6951,2.9878],[113.6958,3.0199],[113.6907,3.0246],[113.6934,3.0342],[113.6885,3.0348],[113.6934,3.0708],[113.6676,3.1113],[113.6718,3.1359],[113.6675,3.1458],[113.6578,3.1419],[113.6388,3.1484],[113.6294,3.1422],[113.6182,3.1466],[113.6107,3.1355],[113.5961,3.1362],[113.5748,3.1247],[113.5711,3.1334],[113.5614,3.1311],[113.5505,3.1267],[113.5509,3.1163],[113.5361,3.1172],[113.537,3.1101],[113.5241,3.1032],[113.5112,3.1183],[113.5119,3.1316],[113.5012,3.1412],[113.4914,3.1373],[113.471,3.1544],[113.4561,3.1486],[113.4442,3.1539],[113.4414,3.1748],[113.4756,3.1713],[113.482,3.1826],[113.4979,3.188],[113.5343,3.1817],[113.541,3.1746],[113.5466,3.1775],[113.5332,3.1896],[113.5438,3.2062],[113.5424,3.2152],[113.5594,3.2157],[113.5797,3.2291],[113.584,3.2587],[113.5928,3.2528],[113.587,3.2443],[113.5991,3.2414],[113.5977,3.2482],[113.6062,3.2499],[113.5838,3.2752],[113.5963,3.2811],[113.6054,3.3009],[113.6229,3.3018],[113.6275,3.3161],[113.6387,3.315],[113.6597,3.2973],[113.6842,3.3041],[113.69,3.2971],[113.6998,3.3044],[113.6997,3.3257],[113.7101,3.3253],[113.7309,3.3409],[113.7405,3.3319],[113.7315,3.3072],[113.7413,3.2894],[113.7828,3.2953],[113.7971,3.3081],[113.7993,3.3355],[113.8218,3.3499],[113.8489,3.3876],[113.8566,3.3919],[113.8617,3.3834],[113.8748,3.3815],[113.8873,3.455],[113.8961,3.456],[113.9019,3.4689],[113.9105,3.4669],[113.9028,3.478],[113.906,3.4899],[113.9293,3.4937],[113.9337,3.517],[113.9609,3.5447],[113.9709,3.5414],[113.9836,3.5217],[113.9844,3.5088],[113.99,3.5119],[114.0066,3.5044],[114.0156,3.4693],[114.0002,3.4548],[114.0126,3.4457],[114.0115,3.4358],[114.0019,3.4343],[113.9688,3.4054],[113.9898,3.3801],[114.0004,3.3796],[113.9967,3.366],[114.0134,3.3731],[114.0228,3.365],[114.0413,3.3894],[114.0754,3.3754],[114.0783,3.3625],[114.0548,3.3466],[114.0645,3.332],[114.0461,3.2956],[114.051,3.2865],[114.0626,3.2868],[114.0809,3.3018],[114.0872,3.2916],[114.1001,3.2999],[114.1395,3.2952],[114.1425,3.3059],[114.1735,3.3224],[114.1812,3.345],[114.2013,3.3467],[114.2314,3.3169],[114.2322,3.3048],[114.246,3.3002],[114.2562,3.2833],[114.2652,3.2827],[114.2714,3.2667],[114.2885,3.249],[114.2892,3.2362],[114.2967,3.2342],[114.3232,3.1978],[114.3323,3.1723],[114.3201,3.1435],[114.3071,3.1582],[114.2796,3.1716],[114.2632,3.1694],[114.2607,3.1604],[114.2848,3.1271],[114.2906,3.1312],[114.3053,3.113],[114.3122,3.1159],[114.3369,3.0685],[114.3483,3.0619],[114.3614,3.0632],[114.363,3.0683],[114.3836,3.0646],[114.3849,3.0562],[114.4042,3.0414],[114.4152,3.0256],[114.4195,2.9987],[114.4394,2.9832],[114.4362,2.9722],[114.4295,2.9706],[114.4367,2.9632],[114.4329,2.9556],[114.4488,2.9397],[114.465,2.9455],[114.5054,2.9351],[114.4996,2.9043],[114.5158,2.8803],[114.5461,2.8551],[114.5635,2.8577],[114.5785,2.8466],[114.5833,2.8565],[114.62,2.8564],[114.6301,2.8398],[114.6315,2.8216],[114.6473,2.8197],[114.6643,2.8086],[114.6685,2.8152],[114.6774,2.8066],[114.6736,2.7802],[114.6791,2.7707],[114.6703,2.7596],[114.67,2.7406],[114.6615,2.7383],[114.6516,2.7224],[114.6547,2.7161],[114.667,2.7152],[114.696,2.6902],[114.708,2.6939],[114.7341,2.6786],[114.7905,2.6594],[114.86,2.6729],[114.868,2.6785],[114.8616,2.6847],[114.8643,2.6897],[114.8833,2.6859],[114.912,2.6654],[114.955,2.658],[115.0064,2.6929],[115.0593,2.7453],[115.0704,2.762],[115.0672,2.7904],[115.1063,2.8141],[115.1265,2.8022],[115.1394,2.8062],[115.1544,2.7904],[115.1398,2.7751],[115.1417,2.7501],[115.124,2.7319],[115.1015,2.7208],[115.0949,2.7007],[115.1151,2.6893],[115.1097,2.6779],[115.1216,2.6511],[115.1124,2.6478],[115.113,2.6366],[115.102,2.6252],[115.0908,2.6211],[115.0917,2.6064],[115.107,2.6005],[115.1082,2.5882],[115.1164,2.5832],[115.1358,2.5857],[115.1515,2.6082],[115.1782,2.6102],[115.1944,2.582],[115.2123,2.5737],[115.2234,2.5423],[115.2376,2.5352],[115.2514,2.5407],[115.2507,2.5235],[115.2426,2.5191],[115.2478,2.5062],[115.2044,2.4712],[115.1891,2.4826],[115.1482,2.4773],[115.1311,2.4572],[115.1181,2.4563],[115.0984,2.4255],[115.1017,2.4082],[115.0966,2.4026],[115.0527,2.4056],[115.0487,2.3936],[115.053,2.3865],[115.0389,2.3921],[115.0262,2.3648],[115.0092,2.3631],[114.9963,2.3482],[114.9744,2.3668],[114.961,2.3648],[114.9525,2.3491],[114.948,2.3161],[114.9677,2.2944],[114.9637,2.2847],[114.9366,2.2797],[114.9111,2.2531],[114.9031,2.2596],[114.8706,2.2638],[114.8268,2.2453],[114.8164,2.2639],[114.7986,2.2475],[114.8014,2.2345],[114.7896,2.2232],[114.787,2.2001],[114.7411,2.1913],[114.7422,2.1674],[114.7344,2.1465],[114.7403,2.1324],[114.7603,2.1424],[114.7911,2.1459],[114.8204,2.1299],[114.8195,2.1075],[114.8,2.0893],[114.8118,2.0624],[114.7936,2.0588],[114.809,2.0246],[114.8287,2.0274],[114.859,2.044],[114.8884,2.0234],[114.8739,2.0136],[114.8714,1.989],[114.8518,1.9722],[114.8505,1.9621],[114.8528,1.9442],[114.8827,1.9164],[114.856,1.8953],[114.8196,1.8927],[114.8185,1.8798],[114.7982,1.8613],[114.7998,1.8522],[114.7944,1.8487],[114.7718,1.8499],[114.7473,1.8694],[114.7178,1.8565],[114.7268,1.8458],[114.7275,1.8313],[114.694,1.8084],[114.715,1.7853],[114.7144,1.7714],[114.7053,1.7605],[114.7193,1.7189],[114.7105,1.7065],[114.709,1.6379],[114.6935,1.633],[114.6809,1.6104],[114.6543,1.5985],[114.6517,1.5894],[114.6394,1.5896],[114.6105,1.5753]]]}},{"type":"Feature","properties":{"c":"P.217","n":"Bintulu","s":"Sarawak","w":"GPS","p":"PDP","cand":"Tiong King Sing","pct":61.7,"maj":22168,"nc":3,"tv":70392,"unc":false,"rw":"PH","rp":"DAP","rcand":"Chiew Chan Yew","rpct":30.2},"geometry":{"type":"Polygon","coordinates":[[[113.0466,2.9314],[113.0383,2.9183],[113.018,2.9135],[113.0141,2.9277],[113.007,2.9289],[112.9984,2.9268],[112.9969,2.9185],[112.9704,2.9141],[112.9769,2.941],[112.9857,2.9482],[112.981,2.9595],[112.97,2.9596],[112.9758,2.9655],[112.9764,2.9841],[112.9616,2.9859],[112.9714,2.9917],[112.9698,3.0071],[112.959,3.0075],[112.9472,2.9934],[112.942,3.0053],[112.9276,3.0018],[112.9107,3.0097],[112.8984,2.9905],[112.8744,2.9879],[112.8662,2.9796],[112.838,2.9831],[112.8233,2.9657],[112.7957,2.9611],[112.7812,2.9762],[112.7664,3.0304],[112.7436,3.0388],[112.7286,3.0355],[112.7255,3.0284],[112.7221,3.0417],[112.7026,3.0536],[112.7008,3.0615],[112.7858,3.0852],[112.8225,3.0878],[112.9037,3.1068],[112.9776,3.1411],[113.0322,3.1796],[113.0305,3.1896],[113.0464,3.2014],[113.0436,3.2097],[113.0511,3.2172],[113.0548,3.2435],[113.0654,3.2427],[113.0665,3.2617],[113.054,3.2691],[113.0642,3.2824],[113.1333,3.3269],[113.1547,3.3497],[113.1762,3.4025],[113.2786,3.4866],[113.3026,3.5205],[113.2938,3.5353],[113.2967,3.5463],[113.3581,3.6041],[113.3742,3.6248],[113.3731,3.6343],[113.3965,3.6611],[113.4247,3.7159],[113.4213,3.7355],[113.4346,3.7578],[113.5406,3.8265],[113.6423,3.9088],[113.6483,3.8995],[113.6593,3.909],[113.6735,3.8973],[113.6686,3.8933],[113.6818,3.8757],[113.6788,3.8498],[113.6686,3.8421],[113.6424,3.8382],[113.6784,3.806],[113.6742,3.7972],[113.7132,3.8054],[113.7177,3.7816],[113.7326,3.7923],[113.7413,3.784],[113.7476,3.7885],[113.7511,3.7771],[113.7571,3.7809],[113.7695,3.7658],[113.7948,3.772],[113.7942,3.7784],[113.8196,3.7934],[113.8472,3.8001],[113.8515,3.795],[113.8468,3.7884],[113.8655,3.7924],[113.8945,3.7878],[113.9155,3.7689],[113.9144,3.7588],[113.9509,3.7584],[113.9591,3.7556],[113.9585,3.7473],[113.9699,3.7457],[113.9702,3.736],[113.9974,3.7361],[114.0022,3.7202],[114.0245,3.7442],[114.0414,3.7425],[114.0292,3.7304],[114.0267,3.7067],[114.047,3.6787],[114.0376,3.672],[114.0251,3.6755],[114.0101,3.658],[114.0015,3.6636],[113.989,3.6595],[113.991,3.6546],[114.0179,3.6526],[114.0284,3.6357],[114.0273,3.6251],[113.997,3.6256],[114.0034,3.6174],[114.0047,3.6007],[113.9988,3.5968],[114.0044,3.5865],[113.9893,3.5929],[113.9751,3.5873],[113.9743,3.5534],[113.9653,3.5521],[113.9337,3.517],[113.9286,3.493],[113.906,3.4899],[113.9028,3.478],[113.9105,3.4669],[113.9019,3.4689],[113.8961,3.456],[113.8873,3.455],[113.8748,3.3815],[113.8617,3.3834],[113.8566,3.3919],[113.8489,3.3876],[113.8218,3.3499],[113.7993,3.3355],[113.7953,3.3059],[113.7674,3.2895],[113.7413,3.2894],[113.7315,3.3072],[113.7405,3.3319],[113.7309,3.3409],[113.7101,3.3253],[113.6997,3.3257],[113.6998,3.3044],[113.69,3.2971],[113.6842,3.3041],[113.6597,3.2973],[113.6387,3.315],[113.6275,3.3161],[113.6229,3.3018],[113.6054,3.3009],[113.5963,3.2811],[113.5838,3.2752],[113.6062,3.2499],[113.5977,3.2482],[113.5991,3.2414],[113.587,3.2443],[113.5928,3.2528],[113.584,3.2587],[113.5797,3.2291],[113.5594,3.2157],[113.5424,3.2152],[113.5438,3.2062],[113.5332,3.1896],[113.5466,3.1775],[113.541,3.1746],[113.5343,3.1817],[113.4979,3.188],[113.482,3.1826],[113.4756,3.1713],[113.4414,3.1748],[113.4442,3.1539],[113.4561,3.1486],[113.471,3.1544],[113.4914,3.1373],[113.5012,3.1412],[113.5119,3.1316],[113.5112,3.1183],[113.5241,3.1032],[113.537,3.1101],[113.5361,3.1172],[113.5509,3.1163],[113.5505,3.1267],[113.5614,3.1311],[113.5711,3.1334],[113.5748,3.1247],[113.5961,3.1362],[113.6107,3.1355],[113.6182,3.1466],[113.6294,3.1422],[113.6388,3.1484],[113.6578,3.1419],[113.6675,3.1458],[113.6718,3.1359],[113.6676,3.1113],[113.6934,3.0708],[113.6885,3.0348],[113.6934,3.0342],[113.6907,3.0246],[113.6958,3.0199],[113.6951,2.9878],[113.7126,2.9612],[113.7034,2.9432],[113.7013,2.9186],[113.7088,2.9119],[113.7102,2.8874],[113.7011,2.8636],[113.704,2.8557],[113.6926,2.8434],[113.6779,2.7938],[113.6691,2.7755],[113.6565,2.7704],[113.6459,2.7447],[113.586,2.7089],[113.5432,2.6949],[113.5264,2.6937],[113.5485,2.7108],[113.498,2.7335],[113.4858,2.7321],[113.4751,2.7182],[113.437,2.7117],[113.4212,2.6996],[113.4126,2.7017],[113.3737,2.688],[113.3673,2.6919],[113.3428,2.6812],[113.3308,2.6976],[113.3332,2.7046],[113.3232,2.7127],[113.3113,2.7146],[113.3016,2.7077],[113.2574,2.7211],[113.2419,2.7141],[113.2363,2.7343],[113.2539,2.7589],[113.2831,2.7668],[113.2972,2.7603],[113.3012,2.7685],[113.289,2.7905],[113.2731,2.8008],[113.2718,2.8155],[113.2477,2.817],[113.2485,2.8399],[113.224,2.8894],[113.1976,2.8947],[113.1696,2.8892],[113.1523,2.8945],[113.1274,2.8883],[113.1116,2.9199],[113.084,2.9146],[113.0846,2.9338],[113.0702,2.925],[113.0466,2.9314]]]}},{"type":"Feature","properties":{"c":"P.218","n":"Sibuti","s":"Sarawak","w":"GPS","p":"PBB","cand":"Lukanisman bin Awang Sauni","pct":65.3,"maj":11745,"nc":3,"tv":33916,"unc":false,"rw":"PH","rp":"PKR","rcand":"Zolhaidah binti Suboh ","rpct":30.7},"geometry":{"type":"Polygon","coordinates":[[[114.0606,3.8643],[114.0524,3.8393],[114.057,3.8208],[114.0441,3.7971],[114.0517,3.7857],[114.0432,3.7733],[114.0462,3.7398],[114.0245,3.7442],[114.0022,3.7202],[113.9981,3.7355],[113.9702,3.736],[113.9699,3.7457],[113.9577,3.748],[113.9591,3.7556],[113.9144,3.7588],[113.9155,3.7689],[113.8945,3.7878],[113.8655,3.7924],[113.8468,3.7884],[113.8515,3.795],[113.8446,3.7997],[113.8073,3.7876],[113.7942,3.7784],[113.7948,3.772],[113.7695,3.7658],[113.7571,3.7809],[113.7511,3.7771],[113.7476,3.7885],[113.7413,3.784],[113.7326,3.7923],[113.7177,3.7816],[113.7132,3.8054],[113.6742,3.7972],[113.6784,3.806],[113.6424,3.8382],[113.6764,3.8462],[113.6831,3.8708],[113.6686,3.8933],[113.6735,3.8973],[113.6671,3.9064],[113.6593,3.909],[113.6483,3.8995],[113.6423,3.9088],[113.6815,3.9425],[113.7693,4.0374],[113.8176,4.1209],[113.9076,4.227],[113.9626,4.3002],[113.9667,4.3172],[113.9774,4.3153],[113.9891,4.3379],[113.9831,4.3491],[113.988,4.3524],[113.9996,4.337],[113.9989,4.3241],[114.0157,4.3191],[114.0207,4.3336],[114.043,4.3233],[114.0437,4.3165],[114.0643,4.3109],[114.064,4.2945],[114.029,4.2987],[114.0372,4.2571],[114.062,4.2395],[114.0516,4.2145],[114.0546,4.2023],[114.0209,4.1778],[114.0115,4.1529],[113.9656,4.0976],[113.987,4.0869],[113.9894,4.0694],[113.9996,4.0676],[114.0027,4.0455],[113.9949,4.0403],[113.9989,3.9918],[114.0136,3.9858],[114.0214,3.9565],[114.0316,3.9443],[114.0213,3.9096],[114.0462,3.9074],[114.0416,3.8955],[114.0553,3.8787],[114.0739,3.8917],[114.0823,3.8934],[114.086,3.8861],[114.0913,3.8721],[114.0606,3.8643]]]}},{"type":"Feature","properties":{"c":"P.219","n":"Miri","s":"Sarawak","w":"PH","p":"PKR","cand":"Chiew Choon Man","pct":50.6,"maj":6159,"nc":3,"tv":78148,"unc":false,"rw":"GPS","rp":"SUPP","rcand":"Jeffery Phang Siaw Foong","rpct":42.7},"geometry":{"type":"Polygon","coordinates":[[[113.9864,4.351],[113.9891,4.3379],[113.9792,4.3183],[113.9749,4.3125],[113.9667,4.3172],[113.9626,4.3002],[113.9433,4.2745],[113.9702,4.346],[113.9606,4.3619],[113.9876,4.4126],[113.9988,4.4622],[113.9936,4.5064],[113.9757,4.5583],[113.9485,4.5949],[113.97,4.5896],[113.9744,4.5989],[114.163,4.573],[114.1828,4.5546],[114.1597,4.5367],[114.1564,4.4904],[114.1624,4.4754],[114.1707,4.4753],[114.1835,4.4619],[114.1934,4.4362],[114.2084,4.4315],[114.2046,4.3986],[114.2258,4.3785],[114.217,4.3725],[114.2051,4.3779],[114.2112,4.372],[114.2131,4.3524],[114.1996,4.342],[114.1805,4.3414],[114.1802,4.3303],[114.1544,4.3306],[114.1541,4.3187],[114.1013,4.3258],[114.099,4.2905],[114.0898,4.2753],[114.077,4.2718],[114.0716,4.2552],[114.0554,4.241],[114.0372,4.2571],[114.029,4.2987],[114.064,4.2945],[114.0643,4.3109],[114.0437,4.3165],[114.043,4.3233],[114.0207,4.3336],[114.0157,4.3191],[113.9989,4.3241],[113.9996,4.337],[113.9864,4.351]]]}},{"type":"Feature","properties":{"c":"P.220","n":"Baram","s":"Sarawak","w":"GPS","p":"PDP","cand":"Anyi Ngau","pct":61.8,"maj":7339,"nc":3,"tv":29783,"unc":false,"rw":"PH","rp":"PKR","rcand":"Roland Engan","rpct":37.1},"geometry":{"type":"Polygon","coordinates":[[[114.6664,2.8151],[114.6643,2.8086],[114.6473,2.8197],[114.6315,2.8216],[114.6301,2.8398],[114.62,2.8564],[114.5833,2.8565],[114.5785,2.8466],[114.5635,2.8577],[114.5461,2.8551],[114.5158,2.8803],[114.4996,2.9043],[114.5054,2.9351],[114.465,2.9455],[114.4488,2.9397],[114.4329,2.9556],[114.4367,2.9632],[114.4295,2.9706],[114.4362,2.9722],[114.4394,2.9832],[114.4195,2.9987],[114.4152,3.0256],[114.4042,3.0414],[114.3849,3.0562],[114.3836,3.0646],[114.363,3.0683],[114.3614,3.0632],[114.3483,3.0619],[114.3369,3.0685],[114.3122,3.1159],[114.3053,3.113],[114.2906,3.1312],[114.2848,3.1271],[114.2607,3.1604],[114.2632,3.1694],[114.2796,3.1716],[114.3071,3.1582],[114.3201,3.1435],[114.3323,3.1723],[114.3232,3.1978],[114.2967,3.2342],[114.2892,3.2362],[114.2885,3.249],[114.2714,3.2667],[114.2652,3.2827],[114.2562,3.2833],[114.246,3.3002],[114.2322,3.3048],[114.2314,3.3169],[114.2013,3.3467],[114.1812,3.345],[114.1735,3.3224],[114.1425,3.3059],[114.1395,3.2952],[114.1001,3.2999],[114.0872,3.2916],[114.0819,3.3014],[114.0745,3.301],[114.0573,3.2847],[114.0461,3.2956],[114.0645,3.332],[114.0548,3.3466],[114.0783,3.3625],[114.0735,3.3803],[114.0413,3.3894],[114.0228,3.365],[114.0134,3.3731],[113.9967,3.366],[114.0004,3.3796],[113.9898,3.3801],[113.9688,3.4054],[114.0133,3.4394],[114.0002,3.4548],[114.0155,3.468],[114.0074,3.5033],[113.99,3.5119],[113.9844,3.5088],[113.9836,3.5217],[113.9709,3.5414],[113.9609,3.5447],[113.9743,3.5534],[113.9769,3.589],[113.9893,3.5929],[114.0044,3.5865],[113.9988,3.5968],[114.0047,3.6007],[114.0034,3.6174],[113.997,3.6256],[114.0273,3.6251],[114.0284,3.6357],[114.0179,3.6526],[113.991,3.6546],[113.989,3.6595],[114.0015,3.6636],[114.0101,3.658],[114.0251,3.6755],[114.0376,3.672],[114.047,3.6787],[114.0267,3.7067],[114.0292,3.7304],[114.0462,3.7398],[114.0432,3.7733],[114.0517,3.7857],[114.0441,3.7971],[114.057,3.8208],[114.0541,3.8531],[114.0589,3.8667],[114.0913,3.8721],[114.0823,3.8934],[114.0553,3.8787],[114.0416,3.8955],[114.0462,3.9074],[114.0213,3.9096],[114.0316,3.9443],[114.0214,3.9565],[114.0136,3.9858],[113.9989,3.9918],[113.9949,4.0403],[114.0027,4.0455],[113.9996,4.0676],[113.9894,4.0694],[113.987,4.0869],[113.9656,4.0976],[114.0115,4.1529],[114.0209,4.1778],[114.0546,4.2023],[114.0516,4.2145],[114.0622,4.2348],[114.0595,4.2435],[114.0716,4.2552],[114.077,4.2718],[114.0898,4.2753],[114.099,4.2905],[114.1013,4.3258],[114.1541,4.3187],[114.1544,4.3306],[114.1802,4.3303],[114.1805,4.3414],[114.1996,4.342],[114.2131,4.3524],[114.2112,4.372],[114.2051,4.3779],[114.217,4.3725],[114.2256,4.3767],[114.2046,4.3986],[114.2084,4.4315],[114.1934,4.4362],[114.1835,4.4619],[114.1707,4.4753],[114.1624,4.4754],[114.1564,4.4904],[114.1597,4.5367],[114.1828,4.5546],[114.2005,4.5289],[114.2158,4.5339],[114.2633,4.5027],[114.3009,4.4317],[114.3165,4.3938],[114.3071,4.3664],[114.3342,4.3476],[114.3238,4.3159],[114.3183,4.2617],[114.3257,4.2564],[114.3581,4.2563],[114.3675,4.265],[114.3967,4.2633],[114.416,4.2529],[114.4267,4.273],[114.4456,4.2773],[114.4541,4.2211],[114.4897,4.1479],[114.4975,4.1436],[114.5117,4.1479],[114.5391,4.1274],[114.5384,4.1063],[114.5501,4.0952],[114.5479,4.0843],[114.5643,4.0769],[114.5798,4.0502],[114.6073,4.0462],[114.6219,4.0317],[114.6065,4.0039],[114.6392,4.0063],[114.6919,4.0259],[114.7156,4.0412],[114.7785,4.1201],[114.7927,4.1252],[114.7929,4.1329],[114.8203,4.1374],[114.8282,4.1442],[114.8631,4.1279],[114.9034,4.1275],[114.9205,4.1212],[114.927,4.1266],[114.9447,4.1092],[114.9706,4.1035],[114.9884,4.0894],[114.9961,4.1044],[115.0059,4.1038],[115.0211,4.1138],[115.0425,4.1031],[115.0636,4.1091],[115.0864,4.0995],[115.1113,4.0718],[115.1216,4.0686],[115.1256,4.0398],[115.144,4.0381],[115.1566,4.0274],[115.1583,4.0119],[115.1791,4.0047],[115.1621,3.9793],[115.1706,3.9777],[115.1675,3.9732],[115.1793,3.943],[115.1913,3.9343],[115.1954,3.9371],[115.2019,3.9235],[115.2172,3.9123],[115.2278,3.9107],[115.2285,3.8988],[115.2538,3.8882],[115.253,3.8724],[115.2626,3.8544],[115.2572,3.8469],[115.2606,3.8357],[115.2674,3.8419],[115.2718,3.831],[115.2802,3.8356],[115.3091,3.8256],[115.3174,3.8305],[115.326,3.8215],[115.3119,3.7867],[115.3157,3.7971],[115.3202,3.7899],[115.3645,3.784],[115.3989,3.8035],[115.4349,3.8084],[115.4444,3.7901],[115.4544,3.7875],[115.4914,3.8226],[115.4911,3.8375],[115.5137,3.8639],[115.4951,3.8852],[115.5257,3.911],[115.5475,3.9147],[115.5652,3.8976],[115.5748,3.8976],[115.5818,3.8862],[115.5958,3.8901],[115.5968,3.8793],[115.6168,3.8739],[115.6126,3.8242],[115.5888,3.7812],[115.5919,3.7691],[115.5771,3.747],[115.5805,3.7283],[115.5737,3.7186],[115.5827,3.6978],[115.571,3.681],[115.5709,3.649],[115.581,3.6339],[115.5753,3.6274],[115.5794,3.5962],[115.5888,3.5782],[115.6034,3.5769],[115.6115,3.5537],[115.609,3.5108],[115.6338,3.4765],[115.6374,3.456],[115.657,3.439],[115.624,3.4082],[115.6096,3.4467],[115.5967,3.4431],[115.5849,3.4492],[115.5783,3.418],[115.556,3.393],[115.5584,3.3857],[115.544,3.3634],[115.5483,3.3289],[115.5322,3.3182],[115.5304,3.297],[115.5373,3.2851],[115.5297,3.2803],[115.523,3.25],[115.5342,3.2293],[115.5155,3.2219],[115.5199,3.1914],[115.5616,3.1703],[115.5629,3.1501],[115.5486,3.1409],[115.5349,3.1423],[115.5266,3.1171],[115.5138,3.1088],[115.5159,3.0569],[115.4975,3.0278],[115.4855,3.0182],[115.4529,3.028],[115.4406,3.0238],[115.4379,3.0145],[115.4268,3.0159],[115.4177,2.9993],[115.3936,2.9797],[115.3781,2.9862],[115.3312,2.9751],[115.3238,2.9825],[115.3212,3.0125],[115.315,3.0202],[115.3076,3.019],[115.2992,3.0409],[115.2845,3.0475],[115.278,3.0274],[115.2517,2.9948],[115.2534,2.9853],[115.2458,2.9812],[115.2505,2.9667],[115.2106,2.9582],[115.1907,2.9342],[115.1638,2.9276],[115.148,2.9081],[115.1533,2.8982],[115.1519,2.8704],[115.1417,2.8686],[115.1388,2.8562],[115.1178,2.836],[115.0909,2.8236],[115.1063,2.8141],[115.0672,2.7904],[115.0704,2.762],[115.0593,2.7453],[115.0064,2.6929],[114.955,2.658],[114.912,2.6654],[114.8833,2.6859],[114.8643,2.6897],[114.8616,2.6847],[114.868,2.6785],[114.86,2.6729],[114.7922,2.6592],[114.7341,2.6786],[114.708,2.6939],[114.696,2.6902],[114.693,2.6978],[114.6516,2.7218],[114.6615,2.7383],[114.67,2.7406],[114.6703,2.7596],[114.6791,2.7707],[114.6736,2.7802],[114.6778,2.8051],[114.6664,2.8151]]]}},{"type":"Feature","properties":{"c":"P.221","n":"Limbang","s":"Sarawak","w":"GPS","p":"PBB","cand":"Hasbi bin Habibollah","pct":75.3,"maj":9998,"nc":2,"tv":19796,"unc":false,"rw":"PH","rp":"PKR","rcand":"Racha Balang","rpct":24.7},"geometry":{"type":"Polygon","coordinates":[[[115.0413,4.6198],[115.0529,4.5991],[115.0629,4.5944],[115.0638,4.5803],[115.0709,4.5777],[115.0661,4.5727],[115.0753,4.5639],[115.0697,4.5527],[115.0846,4.5327],[115.0791,4.5071],[115.0902,4.5024],[115.0892,4.492],[115.0953,4.4912],[115.092,4.4785],[115.099,4.4689],[115.0905,4.4337],[115.1013,4.4153],[115.089,4.3877],[115.1001,4.3841],[115.1072,4.3727],[115.1419,4.3779],[115.1451,4.3843],[115.1961,4.3621],[115.2416,4.3651],[115.2414,4.3434],[115.2787,4.333],[115.3261,4.2976],[115.3261,4.2808],[115.292,4.2436],[115.291,4.2192],[115.3044,4.2182],[115.3114,4.2051],[115.3235,4.2001],[115.3268,4.188],[115.3412,4.1877],[115.3703,4.1633],[115.3783,4.1757],[115.4047,4.1636],[115.4225,4.176],[115.4405,4.169],[115.4435,4.1606],[115.4633,4.1476],[115.4713,4.1248],[115.482,4.1185],[115.4783,4.1021],[115.4941,4.0984],[115.4941,4.088],[115.5074,4.0703],[115.5074,4.0559],[115.4904,4.0359],[115.4974,4.0208],[115.4857,4.0151],[115.4813,3.9853],[115.5114,3.9787],[115.5017,3.9696],[115.5034,3.9415],[115.5164,3.9293],[115.5099,3.9155],[115.5257,3.911],[115.4951,3.8852],[115.5137,3.8639],[115.4911,3.8375],[115.4914,3.8226],[115.4544,3.7875],[115.4444,3.7901],[115.4349,3.8084],[115.3989,3.8035],[115.3645,3.784],[115.3202,3.7899],[115.3157,3.7971],[115.3119,3.7867],[115.326,3.8215],[115.3174,3.8305],[115.3091,3.8256],[115.2802,3.8356],[115.2718,3.831],[115.2674,3.8419],[115.2606,3.8357],[115.2572,3.8469],[115.2626,3.8544],[115.253,3.8724],[115.2538,3.8882],[115.2285,3.8988],[115.2278,3.9107],[115.2172,3.9123],[115.2019,3.9235],[115.1954,3.9371],[115.1913,3.9343],[115.1793,3.943],[115.1675,3.9732],[115.1706,3.9777],[115.1621,3.9793],[115.1791,4.0047],[115.1583,4.0119],[115.1566,4.0274],[115.144,4.0381],[115.1256,4.0398],[115.1216,4.0686],[115.1113,4.0718],[115.0864,4.0995],[115.0636,4.1091],[115.0425,4.1031],[115.0211,4.1138],[115.0059,4.1038],[114.9961,4.1044],[114.9884,4.0894],[114.9706,4.1035],[114.9447,4.1092],[114.927,4.1266],[114.9205,4.1212],[114.9034,4.1275],[114.8631,4.1279],[114.8282,4.1442],[114.8203,4.1374],[114.7929,4.1329],[114.8049,4.1542],[114.805,4.1619],[114.7904,4.16],[114.7963,4.1782],[114.8278,4.2198],[114.8534,4.2775],[114.8493,4.2798],[114.8148,4.2525],[114.8111,4.2582],[114.869,4.3414],[114.8838,4.4228],[114.882,4.4284],[114.8695,4.4296],[114.8599,4.4214],[114.8411,4.4224],[114.8344,4.4301],[114.8329,4.449],[114.8257,4.4507],[114.8208,4.4619],[114.8179,4.582],[114.8054,4.5954],[114.8045,4.6162],[114.7957,4.6351],[114.7966,4.6681],[114.7733,4.6949],[114.7798,4.7117],[114.7737,4.7289],[114.7841,4.7366],[114.7946,4.73],[114.8112,4.7367],[114.8235,4.7698],[114.8316,4.7745],[114.8309,4.7861],[114.8436,4.8012],[114.8463,4.8188],[114.8543,4.8143],[114.8619,4.8194],[114.8643,4.8112],[114.8941,4.8185],[114.9138,4.81],[114.9426,4.8149],[114.9712,4.8081],[114.9876,4.8381],[114.9839,4.8509],[114.9928,4.8562],[114.9887,4.8725],[115.0133,4.8922],[115.0253,4.8918],[115.023,4.8781],[115.033,4.8744],[115.0216,4.8576],[115.029,4.8526],[115.0223,4.8131],[115.0319,4.8108],[115.0267,4.8031],[115.0325,4.8037],[115.0342,4.7973],[115.0553,4.79],[115.0318,4.7702],[115.0321,4.7531],[115.022,4.7474],[115.0315,4.7468],[115.025,4.7435],[115.0253,4.7347],[115.0331,4.7306],[115.0329,4.7373],[115.0432,4.7309],[115.0332,4.7227],[115.0425,4.7166],[115.0326,4.7128],[115.0388,4.7058],[115.0328,4.7074],[115.0289,4.7],[115.0398,4.6944],[115.0334,4.6931],[115.0472,4.6668],[115.0392,4.6672],[115.039,4.6596],[115.0514,4.6494],[115.0391,4.6329],[115.0449,4.6278],[115.0413,4.6198]]]}},{"type":"Feature","properties":{"c":"P.222","n":"Lawas","s":"Sarawak","w":"GPS","p":"PBB","cand":"Henry Sum Agong","pct":62.4,"maj":5677,"nc":3,"tv":18208,"unc":false,"rw":"ALONE","rp":"PSB","rcand":"Baru Bian","rpct":31.2},"geometry":{"type":"Polygon","coordinates":[[[115.5892,4.9868],[115.5931,4.9901],[115.6207,4.9654],[115.6216,4.9239],[115.6341,4.9083],[115.641,4.8587],[115.6521,4.8506],[115.6555,4.7852],[115.6495,4.7732],[115.6333,4.7683],[115.6017,4.6774],[115.5753,4.6481],[115.5653,4.6456],[115.5455,4.5929],[115.5707,4.5664],[115.5635,4.5512],[115.5755,4.5369],[115.5732,4.528],[115.5809,4.5177],[115.5785,4.4988],[115.5595,4.4847],[115.5923,4.4284],[115.5871,4.3658],[115.6082,4.3603],[115.6062,4.351],[115.6128,4.3415],[115.631,4.3506],[115.6593,4.336],[115.6659,4.3257],[115.6712,4.2966],[115.6571,4.262],[115.6366,4.2395],[115.6424,4.2335],[115.6421,4.1932],[115.6299,4.1785],[115.6295,4.1667],[115.6387,4.1641],[115.6413,4.1489],[115.6478,4.1459],[115.644,4.1226],[115.6535,4.1187],[115.6585,4.1241],[115.6756,4.1132],[115.678,4.1052],[115.675,4.0805],[115.653,4.035],[115.6499,3.9883],[115.6419,3.966],[115.6162,3.9378],[115.581,3.9415],[115.5647,3.9186],[115.5378,3.9353],[115.5164,3.9293],[115.5034,3.9415],[115.5017,3.9696],[115.5114,3.9787],[115.4813,3.9853],[115.4857,4.0151],[115.4974,4.0208],[115.4904,4.0359],[115.5074,4.0559],[115.5074,4.0703],[115.4941,4.088],[115.4941,4.0984],[115.4783,4.1021],[115.482,4.1185],[115.4713,4.1248],[115.4633,4.1476],[115.4435,4.1606],[115.4405,4.169],[115.4225,4.176],[115.4098,4.1636],[115.3783,4.1757],[115.3703,4.1633],[115.3412,4.1877],[115.3268,4.188],[115.3235,4.2001],[115.3114,4.2051],[115.3044,4.2182],[115.291,4.2192],[115.292,4.2436],[115.3261,4.2808],[115.3261,4.2976],[115.3514,4.3175],[115.3636,4.3448],[115.3496,4.3518],[115.3335,4.3873],[115.3018,4.4008],[115.2723,4.4477],[115.2801,4.4734],[115.2733,4.4838],[115.2759,4.4985],[115.2679,4.5273],[115.2892,4.6038],[115.2881,4.6171],[115.2809,4.6408],[115.259,4.6549],[115.2657,4.681],[115.2475,4.7001],[115.2557,4.7277],[115.2321,4.7624],[115.2349,4.8034],[115.1903,4.8406],[115.1828,4.8507],[115.1836,4.8668],[115.1494,4.8734],[115.1525,4.8862],[115.1598,4.8872],[115.1553,4.9106],[115.1952,4.9312],[115.1895,4.9591],[115.1944,4.9659],[115.2205,4.9612],[115.2233,4.9655],[115.2391,4.9441],[115.2369,4.9366],[115.2467,4.9149],[115.2872,4.9127],[115.3237,4.8904],[115.3859,4.909],[115.3959,4.9312],[115.3883,4.9409],[115.3938,4.9449],[115.4036,4.9403],[115.412,4.968],[115.4206,4.9763],[115.4474,4.9797],[115.4675,4.9642],[115.516,4.9595],[115.576,4.9883],[115.5892,4.9868]]]}}]}